,id,original_language,title,popularity,release_date,vote_average,vote_count
0,278,en,The Shawshank Redemption,6.81,1994-09-23,8.7,27881
1,238,en,The Godfather,5.445,1972-03-14,8.7,21146
2,240,en,The Godfather Part II,4.983,1974-12-20,8.57,12767
3,424,en,Schindler's List,4.712,1993-12-15,8.567,16218
4,1356039,es,Counterattack,9.495,2025-02-27,8.567,418
5,389,en,12 Angry Men,5.203,1957-04-10,8.5,8954
6,129,ja,Spirited Away,5.483,2001-07-20,8.5,16908
7,19404,hi,Dilwale Dulhania Le Jayenge,3.609,1995-10-20,8.5,4467
8,155,en,The Dark Knight,5.468,2008-07-16,8.519,33537
9,497,en,The Green Mile,5.157,1999-12-10,8.505,17890
10,496243,ko,Parasite,4.991,2019-05-30,8.5,18783
11,680,en,Pulp Fiction,6.175,1994-09-10,8.5,28424
12,372058,ja,Your Name.,4.37,2016-08-26,8.486,11641
13,122,en,The Lord of the Rings: The Return of the King,6.057,2003-12-17,8.481,24791
14,13,en,Forrest Gump,4.991,1994-06-23,8.468,27949
15,429,it,"The Good, the Bad and the Ugly",4.896,1966-12-22,8.463,8855
16,346,ja,Seven Samurai,3.789,1954-04-26,8.5,3819
17,769,en,GoodFellas,4.139,1990-09-12,8.457,13173
18,157336,en,Interstellar,7.424,2014-11-05,8.452,36698
19,12477,ja,Grave of the Fireflies,0.005,1988-04-16,8.451,5775
20,637,it,Life Is Beautiful,4.356,1997-12-20,8.446,13237
21,550,en,Fight Club,5.792,1999-10-15,8.438,29964
22,11216,it,Cinema Paradiso,3.569,1988-11-17,8.437,4476
23,598,pt,City of God,4.372,2002-08-30,8.426,7542
24,539,en,Psycho,4.053,1960-06-22,8.423,10250
25,667257,es,Impossible Things,3.582,2021-06-17,8.4,398
26,120,en,The Lord of the Rings: The Fellowship of the Ring,5.427,2001-12-18,8.4,25707
27,311,en,Once Upon a Time in America,3.858,1984-05-23,8.415,5520
28,510,en,One Flew Over the Cuckoo's Nest,4.897,1975-11-19,8.414,10649
29,696374,en,Gabriel's Inferno,1.627,2020-05-29,8.413,2416
30,14537,ja,Harakiri,3.82,1962-09-15,8.4,1043
31,40096,pt,A Dog's Will,3.781,2000-09-15,8.411,1141
32,121,en,The Lord of the Rings: The Two Towers,5.991,2002-12-18,8.401,22325
33,4935,ja,Howl's Moving Castle,4.955,2004-09-09,8.398,10149
34,324857,en,Spider-Man: Into the Spider-Verse,3.918,2018-12-06,8.4,15961
35,1891,en,The Empire Strikes Back,3.603,1980-05-20,8.39,17240
36,704264,en,Primal: Tales of Savagery,3.59,2019-11-21,8.387,328
37,1058694,es,Radical,3.576,2023-10-19,8.384,444
38,724089,en,Gabriel's Inferno: Part II,1.627,2020-07-31,8.383,1518
39,378064,ja,A Silent Voice: The Movie,4.548,2016-09-17,8.4,4049
40,770156,en,Lucy Shimmers and the Prince of Peace,3.549,2020-10-19,8.38,300
41,761053,en,Gabriel's Inferno: Part III,3.542,2020-11-19,8.378,1057
42,255709,ko,Hope,3.534,2013-10-02,8.4,757
43,423,en,The Pianist,4.458,2002-09-17,8.379,9384
44,244786,en,Whiplash,7.977,2014-10-10,8.4,15454
45,807,en,Se7en,4.493,1995-09-22,8.373,21478
46,27205,en,Inception,6.329,2010-07-15,8.369,37169
47,620249,zh,The Legend of Hei,3.54,2019-08-27,8.4,379
48,567,en,Rear Window,3.611,1954-08-01,8.3,6610
49,569094,en,Spider-Man: Across the Spider-Verse,4.787,2023-05-31,8.3,7377
50,274,en,The Silence of the Lambs,1.035,1991-02-14,8.345,16626
51,372754,ja,Dou kyu sei – Classmates,3.573,2016-02-20,8.341,399
52,12493,ja,High and Low,3.532,1963-03-01,8.3,952
53,73,en,American History X,4.389,1998-07-01,8.339,11752
54,1184918,en,The Wild Robot,8.42,2024-09-12,8.336,4520
55,128,ja,Princess Mononoke,4.408,1997-07-12,8.336,8202
56,820067,ja,The Quintessential Quintuplets Movie,3.551,2022-05-20,8.3,405
57,105,en,Back to the Future,5.18,1985-07-03,8.317,20323
58,15804,zh,A Brighter Summer Day,3.53,1991-07-27,8.3,333
59,3782,ja,Ikiru,3.533,1952-10-09,8.3,1180
60,644479,es,Dedicated to my ex,3.54,2019-11-01,8.3,503
61,207,en,Dead Poets Society,4.903,1989-06-02,8.303,11529
62,101,fr,Léon: The Professional,4.928,1994-09-14,8.302,15056
63,10494,ja,Perfect Blue,3.865,1998-02-28,8.3,2747
64,914,en,The Great Dictator,3.576,1940-10-15,8.3,3423
65,652837,ja,"Josee, the Tiger and the Fish",3.583,2020-12-25,8.301,489
66,823219,lv,Flow,22.528,2024-08-29,8.29,1503
67,599,en,Sunset Boulevard,3.607,1950-08-10,8.3,2640
68,1139087,en,Once Upon a Studio,3.572,2023-09-24,8.292,366
69,92321,ja,Hotarubi no Mori e,0.003,2011-09-17,8.3,1126
70,632632,ja,Given,3.542,2020-08-22,8.3,394
71,335,it,Once Upon a Time in the West,3.848,1968-12-21,8.284,4453
72,3082,en,Modern Times,3.537,1936-02-05,8.282,3749
73,568332,en,Taylor Swift: Reputation Stadium Tour,3.538,2018-12-31,8.3,398
74,42269,it,We All Loved Each Other So Much,3.78,1974-12-21,8.28,577
75,18491,ja,Neon Genesis Evangelion: The End of Evangelion,3.576,1997-07-19,8.276,1655
76,77338,fr,The Intouchables,4.847,2011-11-02,8.274,17475
77,28,en,Apocalypse Now,4.882,1979-05-19,8.273,8395
78,1585,en,It's a Wonderful Life,3.544,1946-12-20,8.3,4446
79,901,en,City Lights,3.574,1931-02-06,8.272,2219
80,975,en,Paths of Glory,3.539,1957-10-25,8.261,2984
81,637920,tr,Miracle in Cell No. 7,3.547,2019-10-10,8.257,4438
82,533514,ja,Violet Evergarden: The Movie,3.793,2020-09-18,8.257,428
83,8587,en,The Lion King,4.488,1994-06-15,8.255,18606
84,10376,it,The Legend of 1900,3.781,1998-10-28,8.254,2285
85,29259,fr,Le Trou,3.569,1960-03-18,8.3,493
86,670,ko,Oldboy,4.915,2003-11-21,8.3,8886
87,630566,en,Clouds,3.548,2020-10-09,8.2,1012
88,995133,en,"The Boy, the Mole, the Fox and the Horse",3.808,2022-12-25,8.246,609
89,572154,ja,Rascal Does Not Dream of a Dreaming Girl,3.54,2019-06-15,8.246,530
90,1160164,en,TAYLOR SWIFT | THE ERAS TOUR,3.579,2023-10-13,8.2,436
91,447362,en,Life in a Year,3.549,2020-11-27,8.2,1899
92,508965,en,Klaus,4.086,2019-11-08,8.242,4207
93,527641,en,Five Feet Apart,3.842,2019-03-14,8.24,5690
94,504253,ja,I Want to Eat Your Pancreas,4.076,2018-09-01,8.24,1591
95,299534,en,Avengers: Endgame,3.058,2019-04-24,8.239,26112
96,25237,ru,Come and See,3.538,1985-10-17,8.238,1556
97,299536,en,Avengers: Infinity War,6.016,2018-04-25,8.236,30288
98,490132,en,Green Book,4.617,2018-11-16,8.235,11867
99,265177,fr,Mommy,3.572,2014-09-19,8.234,2740
100,283566,ja,Evangelion: 3.0+1.0 Thrice Upon a Time,3.583,2021-03-08,8.2,830
101,654299,es,Out of the Clear Blue Sky,3.54,2019-12-24,8.232,353
102,110420,ja,Wolf Children,3.784,2012-07-21,8.225,2308
103,24188,it,Il Sorpasso,3.568,1962-12-05,8.2,776
104,603,en,The Matrix,6.083,1999-03-31,8.223,26139
105,16672,ja,Woman in the Dunes,3.531,1964-02-15,8.2,462
106,618344,en,Justice League Dark: Apokolips War,3.541,2020-05-05,8.2,1479
107,315162,en,Puss in Boots: The Last Wish,4.177,2022-12-07,8.218,8047
108,857,en,Saving Private Ryan,5.155,1998-07-24,8.218,16111
109,98,en,Gladiator,5.559,2000-05-04,8.218,19453
110,441130,en,Wolfwalkers,4.044,2020-10-26,8.216,1226
111,16869,en,Inglourious Basterds,5.277,2009-08-02,8.215,22634
112,37257,en,Witness for the Prosecution,3.531,1957-12-17,8.209,1449
113,694,en,The Shining,5.496,1980-05-23,8.211,17771
114,290098,ko,The Handmaiden,4.082,2016-06-01,8.2,3851
115,50014,en,The Help,4.055,2011-08-09,8.2,8445
116,635302,ja,Demon Slayer -Kimetsu no Yaiba- The Movie: Mugen Train,4.323,2020-10-16,8.2,4030
117,354912,en,Coco,4.832,2017-10-27,8.205,19805
118,1124,en,The Prestige,5.398,2006-10-17,8.202,16350
119,11,en,Star Wars,5.46,1977-05-25,8.202,20949
120,522924,en,The Art of Racing in the Rain,3.795,2019-08-08,8.202,1512
121,11324,en,Shutter Island,4.65,2010-02-14,8.201,24307
122,620683,pt,My Mom Is a Character 3,3.578,2019-12-26,8.195,477
123,324786,en,Hacksaw Ridge,4.074,2016-10-07,8.2,13963
124,476292,ja,Maquia: When the Promised Flower Blooms,3.824,2018-02-24,8.2,640
125,92060,en,Michael Jackson's Thriller,3.53,1983-11-14,8.2,697
126,284,en,The Apartment,3.575,1960-06-21,8.2,2385
127,313106,en,Doctor Who: The Day of the Doctor,3.533,2013-11-23,8.2,750
128,185,en,A Clockwork Orange,4.433,1971-12-19,8.187,13051
129,829402,en,Ultraman: Rising,3.615,2024-06-14,8.2,312
130,490,sv,The Seventh Seal,3.788,1957-02-16,8.185,3051
131,361743,en,Top Gun: Maverick,5.099,2022-05-21,8.184,9637
132,5156,it,Bicycle Thieves,3.568,1948-07-21,8.184,2458
133,68718,en,Django Unchained,5.231,2012-12-25,8.182,26556
134,851644,ko,20th Century Girl,3.621,2022-10-06,8.181,721
135,77,en,Memento,5.186,2000-10-11,8.177,15128
136,18148,ja,Tokyo Story,3.57,1953-11-03,8.2,1091
137,629,en,The Usual Suspects,4.359,1995-07-19,8.175,10574
138,26451,it,Investigation of a Citizen Above Suspicion,3.53,1970-10-16,8.2,802
139,20941,es,Innocent Voices,3.536,2005-01-28,8.168,495
140,797,sv,Persona,3.82,1966-10-18,8.2,2200
141,610892,ja,Violet Evergarden: Eternity and the Auto Memory Doll,3.54,2019-09-06,8.163,384
142,556574,en,Hamilton,4.048,2020-07-03,8.2,1458
143,592350,ja,My Hero Academia: Heroes Rising,3.792,2019-12-20,8.2,1181
144,10098,en,The Kid,3.532,1921-01-21,8.162,2144
145,426,en,Vertigo,3.785,1958-05-28,8.162,5836
146,348,en,Alien,4.466,1979-05-25,8.161,15097
147,111,en,Scarface,4.182,1983-12-09,8.161,12068
148,1422,en,The Departed,4.501,2006-10-04,8.159,15157
149,489,en,Good Will Hunting,4.66,1997-12-05,8.159,12644
150,289,en,Casablanca,4.073,1943-01-15,8.157,5551
151,517814,ar,Capernaum,3.582,2018-09-20,8.153,1753
152,537061,en,Steven Universe: The Movie,3.547,2019-10-07,8.2,791
153,693134,en,Dune: Part Two,6.356,2024-02-27,8.1,6407
154,399106,en,Piper,4.323,2016-06-16,8.147,1649
155,37165,en,The Truman Show,4.397,1998-06-04,8.145,18676
156,606856,en,Togo,3.834,2019-12-20,8.144,2064
157,872,en,Singin' in the Rain,4.075,1952-04-09,8.142,3197
158,1026227,it,There's Still Tomorrow,4.352,2023-10-26,8.144,1332
159,20914,it,My Friends,3.567,1975-10-24,8.141,704
160,810693,ja,Jujutsu Kaisen 0,3.803,2021-12-24,8.139,1457
161,475557,en,Joker,5.399,2019-10-01,8.139,26207
162,422,it,8½,3.783,1963-02-14,8.137,2318
163,81481,ko,Silenced,3.571,2011-09-22,8.1,661
164,20334,en,The Shop Around the Corner,3.531,1940-01-12,8.135,741
165,103,en,Taxi Driver,5.385,1976-02-09,8.134,12490
166,133919,sv,Scenes from a Marriage,3.53,1974-09-15,8.1,357
167,575813,zh,Better Days,3.542,2019-10-25,8.124,476
168,791373,en,Zack Snyder's Justice League,4.837,2021-03-18,8.127,10144
169,9702,en,Bound by Honor,3.531,1993-02-05,8.128,1398
170,666,pt,Central Station,3.783,1998-04-03,8.129,939
171,600,en,Full Metal Jacket,4.655,1987-06-26,8.125,10694
172,406997,en,Wonder,4.556,2017-11-13,8.124,7935
173,1398,ru,Stalker,3.784,1979-05-25,8.124,2236
174,614,sv,Wild Strawberries,3.531,1957-08-28,8.123,1662
175,398818,en,Call Me by Your Name,4.887,2017-07-28,8.121,12228
176,280,en,Terminator 2: Judgment Day,5.184,1991-07-03,8.121,13150
177,500,en,Reservoir Dogs,4.184,1992-09-02,8.12,14495
178,3780,ja,Red Beard,3.787,1965-04-03,8.119,373
179,935,en,Dr. Strangelove or: How I Learned to Stop Worrying and Love the Bomb,4.294,1964-01-29,8.116,5716
180,600354,en,The Father,5.057,2020-12-23,8.116,3269
181,531428,fr,Portrait of a Lady on Fire,4.049,2019-09-18,8.114,2638
182,996,en,Double Indemnity,3.536,1944-07-06,8.1,1836
183,100,en,"Lock, Stock and Two Smoking Barrels",1.895,1998-08-28,8.1,6698
184,508442,en,Soul,4.651,2020-12-25,8.112,10665
185,55823,it,The Great War,3.531,1959-10-28,8.1,345
186,19,de,Metropolis,3.532,1927-02-06,8.1,2821
187,795607,zh,Green Snake,3.546,2021-07-23,8.1,316
188,458220,en,Palmer,3.561,2021-01-28,8.1,1664
189,38288,it,"“The Shorts” by Aldo, Giovanni and Giacomo",3.53,1996-03-29,8.1,349
190,470044,en,The Hate U Give,3.539,2018-10-19,8.105,2141
191,664767,en,Mortal Kombat Legends: Scorpion's Revenge,3.548,2020-04-12,8.1,1388
192,411088,es,The Invisible Guest,3.58,2017-01-06,8.103,4613
193,843,cn,In the Mood for Love,3.702,2000-09-29,8.103,2859
194,20532,ja,Sansho the Bailiff,3.531,1954-03-31,8.1,381
195,11659,it,The Best of Youth,3.786,2003-06-22,8.101,548
196,24382,it,Big Deal on Madonna Street,3.531,1958-07-26,8.097,713
197,762975,en,Purple Hearts,3.569,2022-07-29,8.099,2627
198,698687,en,Transformers One,4.341,2024-09-11,8.098,1143
199,146233,en,Prisoners,4.187,2013-09-19,8.099,12027
200,655,en,"Paris, Texas",3.54,1984-07-16,8.1,1930
201,10681,en,WALL·E,4.885,2008-06-22,8.096,19050
202,149871,ja,The Tale of The Princess Kaguya,4.073,2013-11-23,8.095,1810
203,239,en,Some Like It Hot,3.866,1959-03-19,8.095,3540
204,103663,da,The Hunt,3.798,2012-06-13,8.094,4291
205,46738,fr,Incendies,4.035,2010-09-17,8.094,2841
206,38,en,Eternal Sunshine of the Spotless Mind,5.216,2004-03-19,8.093,15269
207,11878,ja,Yojimbo,3.543,1961-04-25,8.1,1495
208,406,fr,La Haine,3.949,1995-05-31,8.089,4142
209,12445,en,Harry Potter and the Deathly Hallows: Part 2,4.954,2011-07-12,8.088,20872
210,705,en,All About Eve,3.531,1950-11-09,8.1,1557
211,2457,fr,Children of Paradise,3.531,1945-03-15,8.1,419
212,755812,fr,"Miraculous World: New York, United HeroeZ",3.543,2020-09-25,8.1,1104
213,387,de,Das Boot,3.537,1981-09-17,8.1,2262
214,831827,en,Far from the Tree,3.548,2021-11-24,8.08,377
215,663558,zh,New Gods: Nezha Reborn,3.548,2021-02-06,8.078,449
216,518068,ko,Along with the Gods: The Last 49 Days,3.542,2018-08-01,8.1,681
217,397567,ko,Along with the Gods: The Two Worlds,4.039,2017-12-20,8.076,1074
218,832,de,M,3.532,1931-05-11,8.076,2226
219,437068,ko,A Taxi Driver,3.538,2017-08-02,8.1,1021
220,7345,en,There Will Be Blood,3.579,2007-12-26,8.072,6755
221,439,it,La Dolce Vita,3.783,1960-02-05,8.072,1891
222,872585,en,Oppenheimer,5.609,2023-07-19,8.1,9922
223,8392,ja,My Neighbor Totoro,4.68,1988-04-16,8.1,8137
224,992,en,Sherlock Jr.,3.531,1924-04-17,8.1,1020
225,532067,ja,KONOSUBA – God's blessing on this wonderful world! Legend of Crimson,3.539,2019-08-30,8.1,555
226,359940,en,"Three Billboards Outside Ebbing, Missouri",3.892,2017-12-01,8.069,10228
227,4348,en,Pride & Prejudice,3.749,2005-09-16,8.069,8151
228,548,ja,Rashomon,3.787,1950-08-26,8.069,2274
229,21634,en,Prayers for Bobby,3.543,2009-01-24,8.068,586
230,555604,en,Guillermo del Toro's Pinocchio,4.07,2022-11-09,8.067,3005
231,550776,en,Believe Me: The Abduction of Lisa McVey,3.545,2018-09-30,8.1,632
232,42229,it,A Special Day,3.53,1977-08-11,8.1,671
233,62,en,2001: A Space Odyssey,5.336,1968-04-02,8.065,11721
234,1091,en,The Thing,3.859,1982-06-25,8.064,7171
235,522518,en,A Dog's Journey,3.539,2019-05-03,8.1,1537
236,11423,ko,Memories of Murder,4.134,2003-04-25,8.06,3936
237,11645,ja,Ran,4.106,1985-06-01,8.058,1588
238,381284,en,Hidden Figures,4.39,2016-12-10,8.055,9847
239,334543,en,Lion,4.41,2016-11-24,8.049,6650
240,800,es,The Young and the Damned,3.531,1950-12-09,8.0,491
241,640344,it,Me Against You: Mr. S's Vendetta,3.54,2020-01-17,8.0,468
242,7347,pt,Elite Squad,3.543,2007-10-12,8.0,2463
243,1955,en,The Elephant Man,3.791,1980-10-09,8.045,3583
244,400608,en,Bo Burnham: Make Happy,3.535,2016-06-03,8.044,387
245,785534,tr,Paper Lives,3.544,2021-03-12,8.0,382
246,31439,zh,To Live,3.53,1994-05-18,8.0,323
247,120467,en,The Grand Budapest Hotel,5.049,2014-02-26,8.042,15019
248,472454,tr,Ayla: The Daughter of War,3.537,2017-10-27,8.0,367
249,310569,pt,The Second Mother,3.534,2015-06-04,8.041,735
250,821,en,Judgment at Nuremberg,3.568,1961-12-18,8.038,813
251,26022,hi,My Name Is Khan,3.533,2010-02-10,8.0,1339
252,1084736,fr,The Count of Monte Cristo,4.281,2024-06-28,8.036,1489
253,582,de,The Lives of Others,3.787,2006-03-23,8.0,3744
254,279,en,Amadeus,4.537,1984-09-19,8.033,4315
255,538362,it,On My Skin,3.538,2018-09-12,8.0,1859
256,106646,en,The Wolf of Wall Street,5.507,2013-12-25,8.03,24392
257,9277,en,The Sting,3.612,1973-12-25,8.029,2660
258,147,fr,The 400 Blows,3.787,1959-06-03,8.0,2170
259,204,fr,The Wages of Fear,3.574,1953-04-22,8.0,971
260,823754,en,Bo Burnham: Inside,4.046,2021-07-22,8.021,517
261,8422,it,Rocco and His Brothers,3.531,1960-10-07,8.023,605
262,638507,en,How to Train Your Dragon: Homecoming,3.55,2019-12-03,8.0,988
263,521,en,Dial M for Murder,3.531,1954-05-29,8.0,2638
264,610461,es,"Veinteañera, divorciada y fantástica",3.54,2020-02-14,8.018,388
265,347688,en,Scooby-Doo! and Kiss: Rock and Roll Mystery,3.534,2015-07-09,8.0,326
266,43949,en,Flipped,3.869,2010-08-06,8.017,3069
267,1244492,ja,Look Back,3.953,2024-06-28,8.0,306
268,400928,en,Gifted,5.088,2017-04-07,8.013,5611
269,938,it,For a Few Dollars More,3.878,1965-12-18,8.0,4063
270,641,en,Requiem for a Dream,2.269,2000-10-06,8.0,10147
271,515001,en,Jojo Rabbit,4.344,2019-10-18,8.012,9706
272,55960,it,"Toto, Peppino, and the Hussy",3.536,1956-08-23,8.013,353
273,307,it,"Rome, Open City",3.531,1945-10-08,8.0,892
274,962232,pt,Beyond the Universe,3.556,2022-10-27,8.0,325
275,673,en,Harry Potter and the Prisoner of Azkaban,5.0,2004-05-31,8.011,21954
276,110416,en,Song of the Sea,4.041,2014-06-23,8.012,1445
277,28178,en,Hachi: A Dog's Tale,3.633,2009-06-08,8.01,6784
278,838240,es,Robot Dreams,3.588,2023-12-06,8.0,634
279,264644,en,Room,4.54,2015-10-16,8.008,9275
280,20530,ja,Late Spring,3.531,1949-09-13,8.0,429
281,14,en,American Beauty,4.964,1999-09-15,8.006,12236
282,3175,en,Barry Lyndon,3.574,1975-12-18,8.006,2878
283,906126,es,Society of the Snow,4.093,2023-12-15,8.003,3090
284,359724,en,Ford v Ferrari,4.597,2019-11-13,8.0,8187
285,568160,ja,Weathering with You,4.042,2019-06-19,8.002,2359
286,11658,ko,Tae Guk Gi: The Brotherhood of War,3.537,2004-02-05,8.0,699
287,1000492,fr,All Your Faces,4.105,2023-03-29,8.0,591
288,414419,en,Kill Bill: The Whole Bloody Affair,3.544,2011-03-27,8.0,1035
289,526702,en,Black Beauty,3.548,2020-11-27,8.0,339
290,15,en,Citizen Kane,4.1,1941-04-17,8.0,5618
291,20453,hi,3 Idiots,3.789,2009-12-23,7.998,2442
292,678512,en,Sound of Freedom,3.574,2023-07-03,7.998,2499
293,449176,en,"Love, Simon",3.58,2018-02-16,8.0,6074
294,337404,en,Cruella,5.151,2021-05-26,7.996,9493
295,205596,en,The Imitation Game,7.142,2014-11-14,7.995,17211
296,339877,en,Loving Vincent,3.787,2017-06-22,7.995,2474
297,140420,en,Paperman,3.785,2012-11-02,7.995,1731
298,947,en,Lawrence of Arabia,3.576,1962-12-11,8.0,3082
299,524,en,Casino,4.132,1995-11-22,7.995,5972
300,678580,es,El mesero,3.546,2021-07-15,7.994,351
301,11778,en,The Deer Hunter,3.539,1978-12-08,8.0,3879
302,25376,es,The Secret in Their Eyes,3.827,2009-08-13,8.0,2590
303,780,fr,The Passion of Joan of Arc,3.536,1928-04-21,7.991,967
304,455661,en,In a Heartbeat,3.537,2017-06-01,7.986,997
305,595,en,To Kill a Mockingbird,3.583,1962-12-20,7.99,2647
306,930094,en,"Red, White & Royal Blue",3.895,2023-07-27,7.987,1340
307,530915,en,1917,4.382,2019-12-25,8.0,12629
308,13223,en,Gran Torino,4.416,2008-12-12,8.0,10839
309,429210,pt,Bingo: The King of the Mornings,3.537,2017-08-24,7.986,394
310,7508,hi,Like Stars on Earth,3.532,2007-12-21,7.986,1188
311,28422,ja,Love Exposure,3.532,2009-01-31,8.0,454
312,19426,it,Nights of Cabiria,3.531,1957-10-03,8.0,778
313,12761,sv,Autumn Sonata,3.53,1978-10-08,8.0,623
314,213,en,North by Northwest,3.537,1959-07-08,8.0,4163
315,962,en,The Gold Rush,3.531,1925-07-13,8.0,1637
316,424694,en,Bohemian Rhapsody,4.627,2018-10-24,8.0,17026
317,640,en,Catch Me If You Can,5.046,2002-12-16,8.0,15922
318,1000837,pt,I'm Still Here,6.419,2024-09-19,8.0,458
319,14696,ja,Ugetsu,3.531,1953-03-26,8.0,583
320,895,ru,Andrei Rublev,3.531,1966-12-16,8.0,842
321,574074,en,Kitbull,3.788,2019-01-18,7.973,372
322,10515,ja,Castle in the Sky,4.447,1986-08-02,8.0,4292
323,1396,ru,Mirror,3.532,1975-03-07,7.97,972
324,24,en,Kill Bill: Vol. 1,4.806,2003-10-10,8.0,17689
325,41050,it,La Notte,3.781,1961-01-24,7.966,684
326,11104,cn,Chungking Express,3.831,1994-07-14,7.968,1883
327,2517,ja,Nobody Knows,3.818,2004-08-07,7.968,543
328,1059,ja,The Hidden Fortress,3.537,1958-12-28,8.0,633
329,862,en,Toy Story,4.184,1995-11-22,7.968,18674
330,76,en,Before Sunrise,3.862,1995-01-27,7.968,4233
331,51822,es,Love Hurts,3.531,2002-11-08,8.0,322
332,38286,it,Three Men and a Leg,3.537,1997-12-27,8.0,2087
333,19542,en,The Red Shoes,3.531,1948-09-06,8.0,675
334,1050035,ja,Monster,3.82,2023-06-02,8.0,639
335,627,en,Trainspotting,4.666,1996-02-23,7.962,9773
336,18438,ko,Castaway on the Moon,3.782,2009-05-14,7.961,682
337,12104,en,Pink Floyd: The Wall,4.324,1982-07-14,7.96,1510
338,14160,en,Up,4.392,2009-05-28,7.957,20492
339,626332,en,Flamin' Hot,3.56,2023-03-11,8.0,695
340,315465,ja,The Boy and the Beast,4.534,2015-07-11,7.954,1497
341,160885,it,Tel chi el telùn,3.531,1999-05-12,8.0,324
342,70,en,Million Dollar Baby,4.681,2004-12-15,7.954,9734
343,237791,pt,The Way He Looks,3.534,2014-04-10,8.0,943
344,158445,ko,Miracle in Cell No. 7,3.534,2013-01-23,8.0,446
345,3090,en,The Treasure of the Sierra Madre,3.531,1948-01-15,8.0,1223
346,745,en,The Sixth Sense,4.379,1999-08-06,7.952,11915
347,37797,ja,Whisper of the Heart,4.804,1995-07-15,7.9,2046
348,679,en,Aliens,4.144,1986-07-18,8.0,9981
349,329,en,Jurassic Park,2.149,1993-06-11,7.951,16584
350,81,ja,Nausicaä of the Valley of the Wind,4.332,1984-03-11,7.9,3671
351,447365,en,Guardians of the Galaxy Vol. 3,4.702,2023-05-03,7.949,7187
352,961,en,The General,3.531,1926-12-25,8.0,1276
353,634649,en,Spider-Man: No Way Home,4.556,2021-12-15,7.948,20580
354,10386,en,The Iron Giant,4.297,1999-08-06,7.948,5697
355,28978,en,The Circus,3.531,1928-01-06,7.9,811
356,9764,ru,Dersu Uzala,3.53,1975-08-02,7.9,555
357,20803,ru,Ivan Vasilyevich Changes His Profession,3.53,1973-09-17,7.9,358
358,6977,en,No Country for Old Men,4.504,2007-06-13,7.945,12241
359,5925,en,The Great Escape,3.538,1963-07-03,7.9,2595
360,15244,fr,A Man Escaped,3.532,1956-11-11,7.9,549
361,6715,en,The Cure,3.567,1995-04-21,7.944,313
362,149,ja,Akira,4.547,1988-06-10,7.9,4329
363,1580,en,Rope,3.532,1948-03-11,7.942,2766
364,197,en,Braveheart,4.605,1995-05-24,7.9,10311
365,11712,ja,Sanjuro,3.536,1962-01-01,7.9,627
366,10997,zh,Farewell My Concubine,3.78,1993-01-01,7.9,594
367,916224,ja,Suzume,3.815,2022-11-11,7.939,1418
368,78,en,Blade Runner,4.695,1982-06-25,7.939,13986
369,242828,ja,When Marnie Was There,4.08,2014-07-19,7.938,1822
370,48035,da,Ordet,3.532,1955-01-09,7.9,371
371,488623,ko,Forgotten,3.54,2017-11-29,7.936,1146
372,76203,en,12 Years a Slave,4.145,2013-10-18,7.936,11380
373,30017,fa,Close-Up,3.53,1990-05-09,7.936,390
374,10404,zh,Raise the Red Lantern,3.53,1991-12-18,7.9,724
375,489412,en,It's Such a Beautiful Day,3.533,2012-08-24,7.9,331
376,29264,es,The Exterminating Angel,3.531,1962-05-16,7.9,677
377,770,en,Gone with the Wind,4.074,1939-12-15,7.932,4089
378,615457,en,Nobody,3.558,2021-03-18,7.932,7254
379,776503,en,CODA,3.622,2021-08-13,7.9,2304
380,1578,en,Raging Bull,3.587,1980-11-14,7.9,4383
381,296096,en,Me Before You,4.711,2016-06-01,7.926,12557
382,9323,ja,Ghost in the Shell,3.877,1995-11-18,7.926,3476
383,38360,ru,The Cranes Are Flying,3.532,1957-10-12,7.925,392
384,10238,sv,Cries and Whispers,3.53,1972-12-21,7.9,705
385,152532,en,Dallas Buyers Club,3.616,2013-11-01,7.924,8558
386,11010,it,The Postman,3.535,1994-04-07,7.924,1149
387,5801,bn,Pather Panchali,3.531,1955-08-26,7.9,433
388,1646,en,Freedom Writers,3.544,2007-01-05,7.9,2250
389,426618,en,Where Hands Touch,3.575,2018-09-14,7.922,518
390,49964,fa,Where Is The Friend's House?,3.53,1987-07-01,7.9,370
391,8290,fr,Don't Look Now... We're Being Shot At!,3.536,1966-12-08,7.9,1364
392,142061,en,"Batman: The Dark Knight Returns, Part 2",3.545,2013-01-03,7.921,1504
393,85,en,Raiders of the Lost Ark,5.924,1981-06-12,7.921,12726
394,554596,es,"No manches, Frida 2: paraíso destruido",3.554,2019-03-15,7.92,890
395,3777,ja,Throne of Blood,3.537,1957-01-15,7.9,884
396,949,en,Heat,4.134,1995-12-15,7.918,7476
397,33,en,Unforgiven,3.801,1992-08-07,7.9,4509
398,122906,en,About Time,4.288,2013-09-04,7.915,8643
399,234,de,The Cabinet of Dr. Caligari,3.568,1920-02-27,7.916,1624
400,194,fr,Amélie,4.673,2001-04-25,7.916,11677
401,28971,en,Limelight,3.531,1952-10-23,7.9,538
402,21334,fa,Children of Heaven,3.535,1997-08-01,7.9,640
403,15383,fr,Army of Shadows,3.531,1969-09-10,7.9,665
404,110,fr,Three Colors: Red,3.862,1994-05-12,7.914,1420
405,740937,fr,Simone: Woman of the Century,3.554,2022-10-12,7.9,352
406,1092,en,The Third Man,3.531,1949-08-31,7.9,1914
407,775,fr,A Trip to the Moon,3.781,1902-06-15,7.9,1820
408,150540,en,Inside Out,5.229,2015-06-17,7.911,22334
409,10242,en,What Ever Happened to Baby Jane?,3.532,1962-10-31,7.9,1068
410,13398,ja,Tokyo Godfathers,4.07,2003-12-05,7.908,1320
411,7857,it,Amarcord,3.535,1973-12-18,7.909,1120
412,829,en,Chinatown,4.034,1974-06-20,7.9,3896
413,7984,en,In the Name of the Father,3.531,1993-12-12,7.9,1782
414,615453,zh,Ne Zha,3.752,2019-07-26,7.9,471
415,505262,ja,My Hero Academia: Two Heroes,3.826,2018-08-03,7.9,1024
416,25538,zh,Yi Yi,3.569,2000-09-20,7.9,550
417,944401,fr,Dogman,4.191,2023-09-27,7.905,1155
418,920394,tr,My Father's Violin,3.548,2022-01-21,7.9,330
419,654,en,On the Waterfront,3.532,1954-06-22,7.9,1607
420,597,en,Titanic,5.476,1997-11-18,7.906,25775
421,404378,en,A Street Cat Named Bob,3.798,2016-11-04,7.905,1455
422,20271,it,Divorce Italian Style,3.531,1961-12-20,7.905,474
423,118340,en,Guardians of the Galaxy,2.78,2014-07-30,7.904,28336
424,10674,en,Mulan,4.352,1998-06-18,7.9,9843
425,405,it,La Strada,3.782,1954-09-23,7.9,1080
426,610150,ja,Dragon Ball Super: Super Hero,2.538,2022-06-11,7.902,2874
427,491480,en,The Boy Who Harnessed the Wind,3.542,2019-02-14,7.902,1701
428,827,fr,Diabolique,3.531,1955-01-29,7.902,990
429,671,en,Harry Potter and the Philosopher's Stone,4.326,2001-11-16,7.902,28004
430,10728,de,Faust,3.819,1926-10-13,7.9,357
431,378108,ja,In This Corner of the World,3.785,2016-11-12,7.9,568
432,360814,hi,Dangal,3.536,2016-12-21,7.9,1011
433,334533,en,Captain Fantastic,4.548,2016-07-08,7.898,6478
434,313369,en,La La Land,3.9,2016-12-01,7.899,17132
435,667520,ja,A Whisker Away,3.83,2020-06-18,7.898,1396
436,752,en,V for Vendetta,4.68,2006-02-23,7.9,14671
437,482321,en,Ron's Gone Wrong,3.556,2021-10-14,7.9,1882
438,458302,fr,"Remi, Nobody's Boy",3.538,2018-12-12,7.9,423
439,20722,ja,La Maison en Petits Cubes,3.532,2008-06-10,7.9,432
440,503314,ja,Dragon Ball Super: Broly,0.72,2018-12-14,7.895,2960
441,1892,en,Return of the Jedi,3.603,1983-05-25,7.9,15915
442,60243,fa,A Separation,3.538,2011-02-15,7.9,1776
443,501929,en,The Mitchells vs. the Machines,4.303,2021-04-22,7.891,3010
444,2011,fr,Persepolis,3.786,2007-06-27,7.893,1978
445,726684,fr,Miraculous World: Shanghai - The Legend of Ladydragon,3.545,2021-05-15,7.9,652
446,455714,th,Bad Genius,3.537,2017-05-03,7.9,788
447,223,en,Rebecca,3.536,1940-03-23,7.892,1802
448,14836,en,Coraline,4.681,2009-02-05,7.9,8278
449,11036,en,The Notebook,3.901,2004-05-25,7.89,11746
450,1402,en,The Pursuit of Happyness,4.722,2006-12-14,7.891,9995
451,698948,en,Thirteen Lives,3.559,2022-07-18,7.9,1300
452,210577,en,Gone Girl,7.944,2014-10-01,7.89,18871
453,51482,ja,Death Note Relight 1: Visions of a God,3.651,2007-08-31,7.9,355
454,550205,en,Wish Dragon,3.545,2021-01-15,7.886,1363
455,961323,en,Nimona,3.823,2023-06-23,7.885,1151
456,180147,es,We Are the Nobles,3.533,2013-03-28,7.9,503
457,833,it,Umberto D.,3.531,1952-01-20,7.9,692
458,774531,en,Young Woman and the Sea,3.617,2024-05-31,7.9,337
459,183011,en,Justice League: The Flashpoint Paradox,3.533,2013-07-30,7.9,1842
460,52629,es,El Infierno,3.534,2010-09-03,7.882,692
461,29455,sv,Winter Light,3.532,1963-02-11,7.9,456
462,1081676,pl,Forgotten Love,3.578,2023-09-26,7.879,301
463,316029,en,The Greatest Showman,4.309,2017-12-20,7.879,9554
464,548544,pt,Invisible Life,3.539,2019-08-30,7.877,313
465,582927,es,I'm No Longer Here,4.041,2019-10-21,7.875,494
466,662,fr,La Jetée,3.781,1962-02-16,7.9,908
467,393,en,Kill Bill: Vol. 2,4.553,2004-04-16,7.875,14099
468,17295,it,The Battle of Algiers,3.531,1966-09-08,7.9,793
469,573164,es,An Egg Rescue,3.546,2021-08-12,7.9,410
470,3112,en,The Night of the Hunter,3.781,1955-08-26,7.9,1646
471,665,en,Ben-Hur,4.077,1959-11-18,7.872,2822
472,47796,it,Mamma Roma,3.531,1962-09-22,7.9,411
473,804,en,Roman Holiday,3.531,1953-08-26,7.9,2075
474,265195,es,Wild Tales,3.833,2014-08-21,7.87,3445
475,369557,en,Sing Street,3.791,2016-03-11,7.9,2310
476,11293,en,Paper Moon,3.53,1973-05-09,7.9,734
477,3034,en,Young Frankenstein,3.537,1974-12-15,7.9,3169
478,16,en,Dancer in the Dark,4.32,2000-09-01,7.869,1826
479,1607,en,A Bronx Tale,4.696,1993-10-01,7.866,2561
480,331482,en,Little Women,3.835,2019-12-25,7.9,6384
481,24238,en,Mary and Max,3.783,2009-04-09,7.866,2034
482,381341,it,Perfect Strangers,4.042,2016-02-11,7.864,4428
483,23160,hu,Werckmeister Harmonies,3.781,2001-02-01,7.864,331
484,31411,en,The Cameraman,3.531,1928-09-10,7.9,382
485,522212,en,Just Mercy,3.552,2019-12-25,7.862,2301
486,32085,en,Vincent,3.573,1982-10-01,7.862,863
487,3083,en,Mr. Smith Goes to Washington,3.531,1939-10-19,7.9,1071
488,714888,es,Argentina 1985,3.554,2022-09-29,7.86,648
489,45752,en,Scooby-Doo! Camp Scare,3.538,2010-09-14,7.9,307
490,1162,en,The Miracle Worker,3.531,1962-05-23,7.86,304
491,530254,ko,The Witch: Part 1. The Subversion,3.541,2018-06-27,7.9,612
492,613,de,Downfall,2.727,2004-09-16,7.858,3929
493,453,en,A Beautiful Mind,4.922,2001-12-14,7.857,10357
494,275,en,Fargo,4.207,1996-03-08,7.857,8245
495,505192,ja,Shoplifters,3.788,2018-06-02,7.9,2091
496,11830,ja,Tampopo,3.78,1985-11-23,7.854,373
497,522402,en,Finch,4.13,2021-11-04,7.853,3621
498,438695,en,Sing 2,3.606,2021-12-01,7.852,4467
499,354857,en,Regular Show: The Movie,3.536,2015-09-01,7.852,388
500,94047,ko,My Way,3.533,2011-12-21,7.852,394
501,399174,en,Isle of Dogs,4.046,2018-03-23,7.851,4971
502,235,en,Stand by Me,3.803,1986-08-08,7.851,5998
503,152601,en,Her,4.806,2013-12-18,7.85,14442
504,25364,en,Ace in the Hole,3.531,1951-06-29,7.8,680
505,89,en,Indiana Jones and the Last Crusade,4.839,1989-05-24,7.848,10302
506,777,fr,Grand Illusion,3.568,1937-06-04,7.848,702
507,266856,en,The Theory of Everything,4.904,2014-11-26,7.846,10631
508,968,en,Dog Day Afternoon,4.08,1975-09-21,7.8,3033
509,546554,en,Knives Out,5.076,2019-11-27,7.844,12687
510,430424,fr,See You Up There,3.537,2017-10-25,7.8,1283
511,59440,en,Warrior,3.875,2011-09-09,7.8,4637
512,581,en,Dances with Wolves,4.046,1990-03-30,7.841,4304
513,527774,en,Raya and the Last Dragon,4.315,2021-03-03,7.841,6875
514,435129,en,The Breadwinner,3.787,2017-11-17,7.84,850
515,585,en,"Monsters, Inc.",4.691,2001-11-01,7.842,18705
516,379170,en,Sherlock: The Abominable Bride,3.579,2016-01-01,7.841,2261
517,33320,ja,Millennium Actress,3.856,2002-09-14,7.8,882
518,16804,ja,Departures,3.783,2008-09-13,7.84,840
519,631,en,Sunrise: A Song of Two Humans,3.568,1927-11-04,7.8,818
520,115,en,The Big Lebowski,5.422,1998-03-06,7.84,11372
521,323272,en,War Room,3.535,2015-08-28,7.8,535
522,31442,ru,Ivan's Childhood,3.575,1962-05-09,7.8,748
523,11656,sv,The Virgin Spring,3.531,1960-02-08,7.8,621
524,594634,de,Close to the Horizon,3.54,2019-10-10,7.8,486
525,293299,en,Feast,3.784,2014-10-25,7.835,862
526,9479,en,The Nightmare Before Christmas,4.834,1993-10-09,7.836,9700
527,5924,en,Papillon,3.531,1973-12-16,7.8,1941
528,303867,en,World of Tomorrow,3.785,2015-01-22,7.8,329
529,1214484,sv,Let Go,3.962,2024-11-01,7.835,303
530,552532,en,Charm City Kings,3.541,2020-01-27,7.835,478
531,10191,en,How to Train Your Dragon,4.635,2010-03-18,7.835,13282
532,1394,ru,Nostalgia,3.53,1983-06-02,7.8,540
533,391,it,A Fistful of Dollars,3.908,1964-09-12,7.835,4327
534,93,en,Anatomy of a Murder,3.574,1959-07-01,7.835,1026
535,785084,en,The Whale,4.2,2022-12-09,7.833,4066
536,32480,it,The Marquis of Grillo,3.535,1981-12-23,7.833,472
537,24167,it,Two Women,3.818,1960-12-22,7.837,538
538,6075,en,Carlito's Way,4.624,1993-11-10,7.832,3212
539,677638,en,We Bare Bears: The Movie,3.542,2020-06-30,7.8,812
540,596,en,The Grapes of Wrath,3.531,1940-03-15,7.8,1006
541,581528,ko,"The Gangster, the Cop, the Devil",3.602,2019-05-15,7.8,1242
542,14574,en,The Boy in the Striped Pyjamas,4.373,2008-05-07,7.829,7274
543,2440,ko,Joint Security Area,3.531,2000-09-09,7.8,729
544,1010581,es,My Fault,6.425,2023-06-08,7.826,3602
545,152742,it,The Best Offer,4.039,2013-01-01,7.826,2871
546,16859,ja,Kiki's Delivery Service,4.443,1989-07-29,7.824,4156
547,3078,en,It Happened One Night,3.531,1934-02-22,7.8,1278
548,2062,en,Ratatouille,4.468,2007-06-28,7.8,17341
549,805,en,Rosemary's Baby,3.821,1968-06-12,7.824,4010
550,650031,da,The Shadow in My Eye,3.547,2021-10-28,7.8,495
551,25606,it,Fantozzi: White Collar Blues,3.541,1975-03-27,7.823,830
552,502,en,Fail Safe,3.531,1964-10-07,7.8,406
553,200727,en,"Love, Rosie",3.541,2014-10-16,7.8,6264
554,83564,en,La luna,3.783,2012-02-10,7.823,806
555,3870,it,1900,3.53,1976-08-28,7.822,636
556,698508,en,Redeeming Love,3.805,2022-01-21,7.821,593
557,579245,fr,The Specials,3.54,2019-10-23,7.8,917
558,198,en,To Be or Not to Be,3.532,1942-03-06,7.8,747
559,263115,en,Logan,4.617,2017-02-28,7.82,19495
560,826,en,The Bridge on the River Kwai,4.038,1957-10-11,7.816,2145
561,398924,fr,A Bag of Marbles,3.535,2017-01-18,7.8,858
562,185789,en,Mulholland Dr.,3.536,1999-01-01,7.8,495
563,11953,ja,Kagemusha,3.531,1980-04-26,7.8,666
564,12,en,Finding Nemo,4.481,2003-05-30,7.817,19509
565,314365,en,Spotlight,4.292,2015-11-06,7.815,8303
566,10775,cn,Infernal Affairs,3.825,2002-12-12,7.816,1675
567,107,en,Snatch,4.607,2000-09-01,7.814,9197
568,47931,pt,Elite Squad: The Enemy Within,3.536,2010-10-08,7.8,1881
569,31011,en,Mr. Nobody,3.831,2009-11-06,7.812,5889
570,632322,en,All My Life,3.542,2020-10-23,7.811,492
571,58129,sv,The Phantom Carriage,3.531,1921-01-01,7.811,323
572,80,en,Before Sunset,3.826,2004-06-16,7.811,3449
573,937746,it,Io Capitano,3.577,2023-09-07,7.81,695
574,301,en,Rio Bravo,3.531,1959-03-18,7.81,1164
575,419478,en,Midnight Sun,3.549,2018-03-22,7.8,3448
576,52345,pt,Lisbela and the Prisoner,0.619,2003-08-22,7.8,385
577,10774,en,Network,3.53,1976-11-14,7.8,1789
578,56231,it,The Working Class Goes to Heaven,3.53,1971-09-17,7.808,352
579,22,en,Pirates of the Caribbean: The Curse of the Black Pearl,5.303,2003-07-09,7.8,20958
580,4977,ja,Paprika,4.402,2006-10-01,7.8,2527
581,1018,en,Mulholland Drive,4.424,2001-06-06,7.807,6413
582,593,ru,Solaris,3.531,1972-03-20,7.8,1638
583,779047,en,Us Again,3.794,2021-03-03,7.806,330
584,508943,en,Luca,4.303,2021-06-17,7.806,8462
585,393559,fr,My Life as a Zucchini,3.786,2016-09-22,7.8,1382
586,10315,en,Fantastic Mr. Fox,4.362,2009-10-23,7.805,5536
587,1280,ko,3-Iron,4.032,2004-10-15,7.804,1160
588,445030,ja,No Game No Life: Zero,3.537,2017-07-15,7.8,391
589,11049,en,Interstella 5555: The 5tory of the 5ecret 5tar 5ystem,3.532,2003-05-28,7.8,470
590,113,ko,"Spring, Summer, Fall, Winter... and Spring",3.782,2003-09-19,7.803,1087
591,674,en,Harry Potter and the Goblet of Fire,4.779,2005-11-16,7.802,21036
592,22843,ja,Evangelion: 2.0 You Can (Not) Advance,3.535,2009-06-26,7.8,888
593,762,en,Monty Python and the Holy Grail,4.69,1975-03-14,7.801,5908
594,554590,es,Tod@s Caen,3.539,2019-08-30,7.8,476
595,11621,ja,Porco Rosso,3.655,1992-07-18,7.8,3354
596,531,en,The Wrong Trousers,4.036,1993-12-17,7.798,1047
597,367412,en,Whiplash,4.034,2013-01-18,7.793,368
598,335578,da,Land of Mine,4.034,2015-12-03,7.798,1391
599,29458,it,One Hundred Steps,3.531,2000-09-01,7.798,678
600,22683,en,Gifted Hands: The Ben Carson Story,3.533,2009-02-07,7.8,704
601,10193,en,Toy Story 3,4.351,2010-06-16,7.798,14862
602,562,en,Die Hard,4.628,1988-07-15,7.796,11382
603,136,en,Freaks,3.818,1932-01-01,7.8,1202
604,84892,en,The Perks of Being a Wallflower,4.333,2012-09-20,7.8,10588
605,5915,en,Into the Wild,3.836,2007-09-21,7.796,9614
606,2721,fr,Z,3.531,1969-02-26,7.8,548
607,29845,en,A Woman Under the Influence,3.531,1974-11-18,7.8,500
608,49797,ko,I Saw the Devil,3.534,2010-08-12,7.8,2672
609,13042,en,Presto,3.569,2008-06-27,7.794,1004
610,2118,en,L.A. Confidential,4.387,1997-09-19,7.793,5053
611,901563,fr,Close,3.808,2022-11-01,7.8,830
612,5991,de,The Last Laugh,3.532,1924-12-23,7.792,310
613,760774,en,One Life,4.163,2023-12-21,7.791,777
614,5000,fr,Forbidden Games,3.531,1952-05-09,7.8,316
615,359156,it,Don't Be Bad,3.784,2015-09-08,7.787,984
616,712454,fr,The Summit of the Gods,4.046,2021-09-22,7.777,359
617,14069,ja,The Girl Who Leapt Through Time,4.577,2006-07-15,7.784,2052
618,11697,en,The Man Who Shot Liberty Valance,3.537,1962-04-13,7.8,1169
619,523781,en,Words on Bathroom Walls,3.542,2020-08-21,7.8,618
620,71157,fr,Polisse,3.828,2011-10-06,7.786,1240
621,31056,pl,A Short Film About Love,3.53,1988-08-21,7.8,377
622,9475,en,Scent of a Woman,3.905,1992-12-23,7.8,3516
623,1366,en,Rocky,4.927,1976-11-20,7.786,8001
624,585511,en,Luck,4.35,2022-08-05,7.784,1765
625,428493,en,God's Own Country,3.542,2017-08-31,7.8,905
626,142,en,Brokeback Mountain,4.086,2005-10-22,7.8,7081
627,277216,en,Straight Outta Compton,4.367,2015-08-11,7.785,3936
628,149870,ja,The Wind Rises,4.078,2013-07-20,7.785,3074
629,49026,en,The Dark Knight Rises,5.771,2012-07-17,7.784,23034
630,11602,sv,Through a Glass Darkly,3.531,1961-10-16,7.783,495
631,783675,ja,The First Slam Dunk,4.558,2022-12-03,7.757,430
632,438631,en,Dune,5.573,2021-09-15,7.782,13286
633,348892,hi,Bajrangi Bhaijaan,3.534,2015-07-17,7.782,491
634,1675,fr,Day for Night,3.53,1973-05-24,7.8,602
635,16237,en,Teen Titans: Trouble in Tokyo,3.537,2006-09-15,7.781,406
636,15859,ko,A Moment to Remember,3.531,2004-11-05,7.8,326
637,950396,en,The Gorge,45.448,2025-02-13,7.779,1874
638,15916,ja,Angel's Egg,3.537,1985-12-15,7.8,428
639,934,fr,Rififi,3.531,1955-04-13,7.8,575
640,12496,ja,The Twilight Samurai,3.532,2002-11-02,7.8,319
641,51533,zh,Let the Bullets Fly,3.533,2010-12-20,7.8,300
642,9421,fr,The Dinner Game,4.113,1998-04-15,7.778,1928
643,715931,en,Emancipation,3.569,2022-12-02,7.8,1152
644,262,en,The King of Comedy,3.53,1982-12-18,7.776,2348
645,11005,en,Awakenings,3.802,1990-12-04,7.774,2591
646,887,en,The Best Years of Our Lives,3.531,1946-12-25,7.773,662
647,553,en,Dogville,3.825,2003-05-21,7.772,2451
648,5961,sv,Fanny and Alexander,3.531,1982-12-17,7.8,791
649,141,en,Donnie Darko,5.172,2001-01-19,7.772,12628
650,22504,fr,The King and the Mockingbird,3.53,1980-03-19,7.8,377
651,144,de,Wings of Desire,3.781,1987-09-23,7.8,1354
652,25050,ja,Still Walking,3.532,2008-06-28,7.8,383
653,873,en,The Color Purple,3.579,1985-12-18,7.8,1817
654,169813,en,Short Term 12,3.539,2013-08-23,7.8,1311
655,5511,fr,Le Samouraï,3.531,1967-10-25,7.768,1123
656,946,en,Letter from an Unknown Woman,3.531,1948-04-28,7.8,309
657,165,en,Back to the Future Part II,3.505,1989-11-22,7.766,12984
658,609242,es,The Heist of the Century,3.578,2020-01-16,7.765,795
659,113833,en,The Normal Heart,3.534,2014-05-25,7.765,878
660,980489,en,Gran Turismo,4.088,2023-08-09,7.762,2866
661,33602,en,Temple Grandin,3.532,2010-02-06,7.8,470
662,86837,fr,Amour,3.539,2012-09-20,7.764,1645
663,18079,es,Nine Queens,3.532,2000-08-31,7.763,725
664,583,en,Life of Brian,5.2,1979-08-17,7.762,4502
665,423612,de,Never Look Away,3.538,2018-10-03,7.8,682
666,545611,en,Everything Everywhere All at Once,5.343,2022-03-24,7.761,6870
667,126319,fr,Ernest & Celestine,3.784,2012-12-12,7.761,610
668,882569,en,Guy Ritchie's The Covenant,3.843,2023-04-19,7.8,2672
669,117,en,The Untouchables,4.42,1987-06-03,7.759,5730
670,587,en,Big Fish,5.121,2003-12-25,7.758,7294
671,24480,en,Partly Cloudy,3.819,2009-05-28,7.8,1045
672,14756,cn,Ip Man,1.749,2008-12-12,7.758,3823
673,17483,en,Shelter,3.532,2007-06-16,7.8,477
674,6844,en,The Ten Commandments,3.788,1956-10-05,7.757,1646
675,937278,en,A Man Called Otto,4.526,2022-12-28,7.755,2993
676,652722,es,In the Arms of an Assassin,3.546,2019-12-06,7.755,419
677,273248,en,The Hateful Eight,4.457,2015-12-25,7.755,14384
678,10229,en,A Walk to Remember,3.539,2002-01-25,7.8,4069
679,1417,es,Pan's Labyrinth,4.366,2006-10-10,7.754,10683
680,380,en,Rain Man,4.592,1988-12-12,7.754,6477
681,143,en,All Quiet on the Western Front,3.532,1930-04-29,7.8,818
682,27670,it,Nothing Left to Do But Cry,3.53,1984-12-20,7.752,1143
683,1700,en,Misery,3.574,1990-11-30,7.751,4744
684,1480,en,Touch of Evil,4.032,1958-03-30,7.75,1458
685,396535,ko,Train to Busan,4.078,2016-07-20,7.75,7664
686,20126,it,Deep Red,3.53,1975-03-07,7.8,1480
687,925,en,Do the Right Thing,3.78,1989-06-14,7.748,1806
688,269149,en,Zootopia,4.605,2016-02-11,7.748,16561
689,166428,en,How to Train Your Dragon: The Hidden World,4.297,2019-01-03,7.747,6528
690,28162,en,A Matter of Life and Death,3.531,1946-12-15,7.7,418
691,808,en,Shrek,5.33,2001-05-18,7.7,17481
692,980026,da,The Promised Land,3.586,2023-10-05,7.747,386
693,579974,te,RRR,3.808,2022-03-24,7.748,1367
694,14282,ja,Ninja Scroll,4.03,1993-06-05,7.746,650
695,705861,en,Hustle,3.846,2022-06-03,7.745,2576
696,13855,ko,The Chaser,3.576,2008-02-14,7.746,1357
697,216,de,Ali: Fear Eats the Soul,3.567,1974-03-05,7.746,409
698,976893,ja,Perfect Days,4.352,2023-11-10,7.7,1405
699,12429,ja,Ponyo,4.649,2008-07-19,7.745,4383
700,303,en,Notorious,3.533,1946-08-21,7.745,1628
701,12491,it,Accattone,3.531,1961-09-25,7.744,481
702,792,en,Platoon,4.331,1986-12-19,7.742,4633
703,12444,en,Harry Potter and the Deathly Hallows: Part 1,4.948,2010-11-17,7.743,19352
704,11902,sr,Underground,3.78,1995-05-13,7.743,692
705,322,en,Mystic River,3.901,2003-10-07,7.744,6817
706,336804,tr,Mustang,3.784,2015-06-17,7.7,1386
707,211954,es,Instructions Not Included,3.533,2013-07-20,7.7,891
708,666277,en,Past Lives,3.616,2023-06-02,7.7,1843
709,382591,fr,Two Is a Family,3.835,2016-12-07,7.74,2982
710,1626,fr,Vivre Sa Vie,3.568,1962-09-20,7.7,653
711,703,en,Annie Hall,4.319,1977-04-19,7.738,3940
712,10227,fr,PlayTime,3.606,1967-12-13,7.7,585
713,1040,it,The Leopard,3.784,1963-03-27,7.7,848
714,843906,en,Straight Outta Nowhere: Scooby-Doo! Meets Courage the Cowardly Dog,3.552,2021-09-14,7.7,386
715,15265,fr,The Red Balloon,3.531,1956-08-24,7.7,404
716,2108,en,The Breakfast Club,4.342,1985-02-15,7.735,8080
717,123025,en,"Batman: The Dark Knight Returns, Part 1",3.835,2012-08-21,7.735,1622
718,45269,en,The King's Speech,4.841,2010-11-26,7.734,8797
719,40662,en,Batman: Under the Red Hood,3.538,2010-07-27,7.7,1616
720,492188,en,Marriage Story,4.087,2019-09-28,7.733,7023
721,25253,fr,Crooks in Clover,3.825,1963-11-27,7.733,511
722,21135,it,L'Eclisse,3.531,1962-04-13,7.7,490
723,203217,pt,My Mom Is a Character,3.57,2013-06-21,7.7,655
724,12405,en,Slumdog Millionaire,4.632,2008-11-12,7.731,10695
725,10020,en,Beauty and the Beast,4.353,1991-10-22,7.731,10066
726,5528,fr,The Chorus,3.826,2004-03-17,7.731,2445
727,24428,en,The Avengers,6.358,2012-04-25,7.7,31348
728,9552,en,The Exorcist,3.872,1973-12-26,7.73,8081
729,525,en,The Blues Brothers,4.593,1980-06-16,7.73,4251
730,374473,en,"I, Daniel Blake",3.786,2016-10-21,7.73,1426
731,177572,en,Big Hero 6,6.808,2014-10-24,7.729,15794
732,49687,it,Marriage Italian Style,3.568,1964-12-18,7.7,519
733,15121,en,The Sound of Music,3.83,1965-03-29,7.7,3342
734,486589,en,Red Shoes and the Seven Dwarfs,3.577,2019-07-25,7.726,1092
735,413594,ja,Sword Art Online: The Movie - Ordinal Scale,3.535,2017-02-18,7.7,688
736,309,da,The Celebration,3.531,1998-06-19,7.7,1104
737,369299,es,Don't Blame the Kid,3.535,2016-05-13,7.7,639
738,30018,ko,Mother,3.533,2009-05-28,7.7,1510
739,61979,es,Three Steps Above Heaven,3.541,2010-12-03,7.723,3099
740,16052,en,Selena,3.536,1997-03-21,7.7,1229
741,396,en,Who's Afraid of Virginia Woolf?,3.781,1966-06-22,7.7,839
742,903,en,Cool Hand Luke,3.568,1967-11-01,7.7,1451
743,603692,en,John Wick: Chapter 4,4.556,2023-03-22,7.722,6892
744,96721,en,Rush,4.874,2013-09-02,7.72,7232
745,49046,de,All Quiet on the Western Front,4.39,2022-10-07,7.722,4073
746,696,en,Manhattan,3.536,1979-04-25,7.722,2434
747,404,en,The Straight Story,3.571,1999-10-15,7.721,1605
748,843241,ja,The Seven Deadly Sins: Cursed by Light,3.796,2021-07-02,7.719,488
749,602063,ja,Rurouni Kenshin: The Final,3.546,2021-04-23,7.721,493
750,22596,en,Safety Last!,3.531,1923-04-01,7.7,522
751,334,en,Magnolia,4.293,1999-12-17,7.721,3628
752,20139,en,The Children's Hour,3.531,1961-12-19,7.7,359
753,19026,fr,Azur & Asmar: The Princes' Quest,3.531,2006-05-21,7.7,631
754,502033,en,Sound of Metal,4.044,2020-11-20,7.718,2584
755,688,en,The Bridges of Madison County,3.824,1995-06-02,7.717,2194
756,939243,en,Sonic the Hedgehog 3,28.381,2024-12-19,7.7,2144
757,24657,sv,The Sacrifice,3.531,1986-05-09,7.7,538
758,162,en,Edward Scissorhands,4.923,1990-12-07,7.7,13063
759,1002185,en,A Million Miles Away,3.614,2023-09-08,7.715,448
760,9800,en,Philadelphia,3.798,1993-12-22,7.715,4308
761,221732,ja,Rurouni Kenshin Part III: The Legend Ends,3.785,2014-09-13,7.709,511
762,30959,ja,Kwaidan,3.533,1965-01-06,7.7,397
763,234200,en,Pride,3.536,2014-09-12,7.712,1321
764,48831,fr,My Night at Maud's,3.531,1969-06-04,7.7,318
765,11299,ja,Cowboy Bebop: The Movie,3.857,2001-09-01,7.715,925
766,205,en,Hotel Rwanda,3.537,2004-12-22,7.7,2896
767,272,en,Batman Begins,5.557,2005-06-10,7.711,21287
768,656563,pt,Rich in Love,3.791,2020-04-30,7.707,617
769,297222,hi,PK,3.785,2014-12-18,7.71,1022
770,30588,en,Monsieur Verdoux,3.531,1947-09-26,7.7,426
771,672,en,Harry Potter and the Chamber of Secrets,5.276,2002-11-13,7.709,22371
772,776305,ja,Belle,3.796,2021-07-16,7.708,762
773,9806,en,The Incredibles,4.099,2004-10-27,7.708,17874
774,963,en,The Maltese Falcon,3.786,1941-10-18,7.708,1722
775,337960,en,Holding the Man,3.534,2015-08-27,7.7,449
776,23832,it,For Love and Gold,3.536,1966-04-07,7.7,368
777,2204,de,Alice in the Cities,3.78,1974-05-17,7.708,306
778,770254,en,Back to the Outback,3.553,2021-12-03,7.706,732
779,451945,fr,BPM (Beats per Minute),3.537,2017-08-23,7.7,1342
780,8016,it,"Germany, Year Zero",3.531,1948-12-01,7.706,384
781,597316,en,My Little Pony: A New Generation,3.546,2021-09-22,7.705,310
782,242582,en,Nightcrawler,6.13,2014-10-23,7.705,10938
783,40619,en,Day & Night,3.783,2010-06-17,7.706,899
784,792307,en,Poor Things,4.791,2023-12-07,7.703,4559
785,12516,ja,Dreams,3.78,1990-05-11,7.7,482
786,81401,hu,The Turin Horse,3.782,2011-03-31,7.701,364
787,14811,en,Fiddler on the Roof,3.535,1971-11-03,7.701,579
788,5544,fr,Hiroshima Mon Amour,3.819,1959-06-10,7.7,829
789,4480,fr,Jean de Florette,3.53,1986-08-27,7.7,567
790,1633,en,Fried Green Tomatoes,3.781,1991-12-27,7.7,1365
791,336,it,"Duck, You Sucker",3.531,1971-10-29,7.7,1089
792,980,en,The Ox-Bow Incident,3.531,1943-03-11,7.7,390
793,158,de,Knockin' on Heaven's Door,3.53,1997-02-20,7.7,528
794,539517,en,Constantine: City of Demons - The Movie,3.538,2018-10-04,7.7,599
795,137182,nl,The Broken Circle Breakdown,3.783,2012-10-09,7.7,1061
796,766507,en,Prey,4.152,2022-08-02,7.696,6898
797,51608,ko,The Man from Nowhere,3.533,2010-08-04,7.7,1350
798,851,en,Brief Encounter,3.531,1945-11-24,7.7,637
799,499,fr,Cléo from 5 to 7,3.568,1962-04-11,7.697,703
800,393729,fr,Divines,3.578,2016-08-31,7.694,664
801,244063,nl,Boys,3.533,2014-01-08,7.7,697
802,632,en,Stalag 17,3.531,1953-05-29,7.694,612
803,613868,pt,Cousins,3.54,2019-12-10,7.7,337
804,359784,en,Maudie,3.535,2016-06-16,7.7,513
805,13187,en,A Charlie Brown Christmas,3.532,1965-12-09,7.693,703
806,773,en,Little Miss Sunshine,3.339,2006-07-26,7.692,7237
807,9023,en,Spirit: Stallion of the Cimarron,3.54,2002-05-24,7.692,4635
808,506574,en,Descendants 3,3.547,2019-08-02,7.691,1532
809,3114,en,The Searchers,3.531,1956-05-16,7.7,1437
810,713776,en,If Anything Happens I Love You,3.54,2020-03-07,7.687,924
811,573699,zh,White Snake,3.788,2019-01-11,7.694,489
812,5910,ja,Fireworks,3.532,1997-10-30,7.7,701
813,556984,en,The Trial of the Chicago 7,4.049,2020-09-25,7.687,3085
814,336808,es,Embrace of the Serpent,3.784,2015-05-25,7.689,465
815,286217,en,The Martian,5.389,2015-09-30,7.687,20013
816,44214,en,Black Swan,4.373,2010-12-03,7.686,14669
817,726759,en,Tetris,4.068,2023-03-15,7.682,1408
818,938008,ko,The Killer,3.591,2022-07-13,7.684,383
819,83666,en,Moonrise Kingdom,4.59,2012-05-16,7.684,5916
820,767,en,Harry Potter and the Half-Blood Prince,4.763,2009-07-15,7.684,19740
821,11220,cn,Fallen Angels,3.576,1995-09-06,7.7,1091
822,672322,ja,Rurouni Kenshin: The Beginning,3.553,2021-06-04,7.682,475
823,2433,fr,The Young Girls of Rochefort,3.531,1967-03-08,7.7,604
824,840430,en,The Holdovers,4.098,2023-10-27,7.681,1903
825,3763,ja,Onibaba,3.531,1964-11-21,7.7,427
826,522627,en,The Gentlemen,4.13,2020-01-01,7.68,5979
827,446159,pt,Bacurau,3.545,2019-08-29,7.678,1061
828,375794,es,"No manches, Frida",3.543,2016-09-02,7.678,894
829,238628,et,Tangerines,3.57,2013-10-16,7.7,528
830,2493,en,The Princess Bride,4.044,1987-09-25,7.677,4644
831,869626,en,Marcel the Shell with Shoes On,3.559,2022-06-24,7.675,590
832,573171,es,Little Eggs: A Frozen Rescue,3.557,2022-12-14,7.7,350
833,479718,ko,The Outlaws,3.538,2017-10-03,7.7,449
834,4808,en,Charade,3.532,1963-12-01,7.7,1405
835,11787,en,Harvey,3.531,1950-12-04,7.7,624
836,675,en,Harry Potter and the Order of the Phoenix,4.752,2007-07-08,7.674,19752
837,227932,pt,My Mom Is a Character 2,3.573,2016-12-22,7.674,502
838,10757,hi,Kabhi Khushi Kabhie Gham,3.532,2001-12-14,7.665,559
839,288,en,High Noon,3.531,1952-06-09,7.7,1461
840,508439,en,Onward,4.3,2020-02-29,7.672,6220
841,82702,en,How to Train Your Dragon 2,4.85,2014-06-05,7.673,9738
842,13830,en,Shottas,3.531,2002-02-27,7.7,335
843,886396,en,Batman and Superman: Battle of the Super Sons,3.56,2022-10-17,7.7,302
844,22881,en,The Blind Side,3.832,2009-11-20,7.7,6439
845,1075,sr,"Black Cat, White Cat",3.781,1998-06-01,7.7,749
846,13151,en,Scooby-Doo on Zombie Island,3.532,1998-09-22,7.67,771
847,11362,en,The Count of Monte Cristo,3.789,2002-01-23,7.669,1840
848,653,de,Nosferatu,3.869,1922-02-16,7.67,2211
849,1908,en,Inherit the Wind,3.532,1960-07-07,7.668,422
850,1632,en,Mississippi Burning,3.827,1988-12-08,7.67,1708
851,724495,en,The Woman King,4.061,2022-09-16,7.7,2141
852,587272,es,Father There Is Only One,3.539,2019-08-02,7.667,735
853,68,en,Brazil,4.32,1985-02-20,7.665,3364
854,51739,ja,The Secret World of Arrietty,4.326,2010-07-16,7.7,2882
855,27040,en,Meshes of the Afternoon,3.531,1943-01-01,7.7,394
856,17835,en,Threads,3.53,1984-09-23,7.7,321
857,14438,en,Fireproof,3.539,2008-09-26,7.665,768
858,11898,en,Kind Hearts and Coronets,3.531,1949-06-21,7.7,556
859,11474,en,The Warriors,3.532,1979-02-01,7.7,2184
860,13466,en,October Sky,3.536,1999-02-19,7.7,1261
861,1904,en,Memoirs of a Geisha,3.825,2005-12-06,7.663,3115
862,990,en,The Hustler,3.531,1961-09-25,7.663,985
863,578,en,Jaws,4.479,1975-06-20,7.663,10651
864,218,en,The Terminator,5.002,1984-10-26,7.663,13429
865,965150,en,Aftersun,3.89,2022-10-21,7.663,1506
866,575452,it,The Traitor,3.545,2019-05-23,7.7,1360
867,1587,en,What's Eating Gilbert Grape,3.592,1993-12-17,7.662,4008
868,167581,de,Free Fall,3.534,2013-05-27,7.661,802
869,352173,hi,Drishyam,3.534,2015-07-30,7.7,421
870,49992,it,Lucky and Zorba,3.531,1998-12-22,7.7,616
871,30020,fa,Taste of Cherry,3.537,1997-09-28,7.7,615
872,8358,en,Cast Away,4.704,2000-12-22,7.659,11553
873,993,en,Sleuth,3.535,1972-12-10,7.7,629
874,845,en,Strangers on a Train,3.531,1951-06-27,7.7,1722
875,12219,en,12 Angry Men,4.281,1997-08-17,7.652,381
876,414906,en,The Batman,4.722,2022-03-01,7.7,10707
877,435366,ko,Fabricated City,3.535,2017-02-09,7.7,318
878,144288,ja,Berserk: The Golden Age Arc III - The Advent,3.533,2013-02-01,7.7,364
879,108,fr,Three Colors: Blue,3.862,1993-09-08,7.657,1724
880,508933,en,Ricky Gervais: Humanity,3.537,2018-03-13,7.656,463
881,100402,en,Captain America: The Winter Soldier,3.537,2014-03-20,7.656,18982
882,25188,en,The Last Picture Show,3.53,1971-10-03,7.7,700
883,1592,en,Primal Fear,3.542,1996-03-06,7.7,3451
884,371645,en,Hunt for the Wilderpeople,4.293,2016-03-31,7.653,2101
885,11171,en,Mysterious Skin,3.548,2005-03-30,7.7,1106
886,261,en,Cat on a Hot Tin Roof,3.531,1958-08-29,7.7,768
887,110160,fr,Laurence Anyways,3.533,2012-05-18,7.7,862
888,50531,it,Ask Me If I'm Happy,3.569,2000-12-15,7.651,1671
889,247,en,The Killing,3.536,1956-06-06,7.7,1557
890,864101,ru,Mira,3.557,2022-12-22,7.7,331
891,567410,de,System Crasher,3.54,2019-09-19,7.7,340
892,13929,en,Geri's Game,3.536,1997-11-24,7.65,1147
893,891,en,All the President's Men,4.067,1976-04-09,7.649,1850
894,812,en,Aladdin,4.126,1992-11-25,7.65,11387
895,728118,sr,"Quo Vadis, Aida?",3.544,2021-02-26,7.6,413
896,534780,hi,Andhadhun,3.538,2018-10-05,7.6,527
897,177945,ja,"Like Father, Like Son",3.821,2013-09-24,7.6,720
898,744114,en,My Policeman,3.555,2022-10-20,7.6,705
899,24160,it,My Friends Act II,3.53,1982-12-22,7.6,345
900,15794,en,White Heat,3.568,1949-09-02,7.6,488
901,15251,en,Eddie Murphy: Delirious,4.03,1983-10-15,7.629,326
902,9912,en,The World's Fastest Indian,3.536,2005-10-12,7.6,779
903,8416,it,The Conformist,3.53,1970-07-01,7.6,692
904,1726,en,Iron Man,4.526,2008-04-30,7.647,26731
905,16306,fr,Fantastic Planet,2.521,1973-12-01,7.6,984
906,164,en,Breakfast at Tiffany's,3.576,1961-10-06,7.6,4216
907,14580,en,The Big Heat,3.531,1953-10-14,7.6,503
908,1027014,en,Entergalactic,3.811,2022-09-28,7.641,386
909,342470,en,All the Bright Places,3.541,2020-02-28,7.6,2895
910,12548,it,I Vitelloni,3.531,1953-09-17,7.6,689
911,871,en,Planet of the Apes,4.347,1968-02-07,7.643,3622
912,99,es,All About My Mother,3.782,1999-04-16,7.644,1917
913,426426,es,Roma,4.038,2018-11-21,7.643,3931
914,966220,uk,Sniper: The White Raven,3.555,2022-05-03,7.6,789
915,614917,en,King Richard,4.342,2021-11-18,7.638,2560
916,4347,en,Atonement,3.807,2007-02-27,7.641,4303
917,471707,pl,Corpus Christi,3.79,2019-09-10,7.64,548
918,14813,en,Mickey's Christmas Carol,3.568,1983-10-19,7.64,924
919,627725,en,The Banker,3.547,2020-03-06,7.6,986
920,4497,es,Viridiana,3.531,1962-04-01,7.6,512
921,212,en,Arsenic and Old Lace,3.537,1944-09-01,7.639,958
922,803700,it,The Eight Mountains,4.345,2022-12-21,7.637,728
923,228205,en,The Longest Ride,3.541,2015-04-09,7.6,3174
924,74308,en,Detachment,3.789,2011-04-24,7.637,1710
925,38251,it,Mediterraneo,3.535,1991-02-02,7.637,1011
926,37247,en,The Graduate,3.543,1967-12-21,7.637,3394
927,20123,sh,Time of the Gypsies,3.78,1988-12-21,7.637,391
928,583083,en,The Kissing Booth 2,3.549,2020-07-24,7.636,5019
929,9343,de,Fitzcarraldo,3.567,1982-03-02,7.636,779
930,4995,en,Boogie Nights,4.631,1997-10-10,7.632,3209
931,381289,en,A Dog's Purpose,3.548,2017-01-19,7.634,3357
932,313297,en,Kubo and the Two Strings,4.292,2016-08-18,7.633,3603
933,10637,en,Remember the Titans,3.793,2000-09-29,7.634,2714
934,1678,ja,Godzilla,3.534,1954-11-03,7.6,995
935,498249,fr,Bad Seeds,3.543,2018-11-21,7.633,606
936,28580,en,The Lost Weekend,3.531,1945-11-29,7.6,602
937,13386,it,I'm Starting from Three,3.53,1981-03-05,7.6,675
938,8832,it,Il Divo,3.575,2008-05-28,7.6,1132
939,15999,ja,Vampire Hunter D: Bloodlust,3.532,2000-08-25,7.631,678
940,801335,en,Girl in the Basement,3.596,2021-02-27,7.63,731
941,580175,da,Another Round,4.124,2020-09-24,7.63,3359
942,537116,en,"tick, tick... BOOM!",4.096,2021-11-11,7.626,2107
943,19101,en,A Little Princess,3.535,1995-05-10,7.63,982
944,10633,en,In the Heat of the Night,3.532,1967-08-02,7.6,1102
945,514439,en,Breakthrough,3.545,2019-04-10,7.628,1086
946,513434,ja,One Cut of the Dead,3.537,2017-11-04,7.6,867
947,320007,de,Victoria,4.284,2015-06-11,7.627,1233
948,207703,en,Kingsman: The Secret Service,4.915,2015-01-24,7.628,16967
949,137113,en,Edge of Tomorrow,4.597,2014-05-27,7.627,14064
950,502356,en,The Super Mario Bros. Movie,5.057,2023-04-05,7.627,9512
951,14624,en,The Ultimate Gift,3.544,2007-03-09,7.6,451
952,4495,es,The Spirit of the Beehive,3.53,1973-10-08,7.6,354
953,55,es,Amores Perros,4.032,2000-06-16,7.6,2656
954,637649,en,Wrath of Man,3.597,2021-04-22,7.6,5493
955,13363,en,The Man from Earth,3.858,2007-06-10,7.624,2568
956,11657,fr,Le Cercle Rouge,3.53,1970-10-19,7.6,660
957,650,en,Boyz n the Hood,3.531,1991-07-12,7.6,2027
958,293660,en,Deadpool,4.729,2016-02-09,7.622,31408
959,995,en,Stagecoach,3.781,1939-03-02,7.622,1135
960,981,en,The Philadelphia Story,3.781,1940-12-05,7.626,880
961,496450,fr,"Miraculous: Ladybug & Cat Noir, The Movie",3.58,2023-07-05,7.621,889
962,12093,sv,Lilya 4-ever,4.031,2002-08-23,7.62,576
963,11482,en,The Tenant,3.53,1976-05-26,7.6,1138
964,976573,en,Elemental,4.853,2023-06-14,7.618,4705
965,76341,en,Mad Max: Fury Road,4.471,2015-05-13,7.619,22915
966,1939,en,Laura,3.606,1944-10-11,7.619,820
967,25768,en,"Steamboat Bill, Jr.",3.531,1928-05-09,7.6,344
968,533535,en,Deadpool & Wolverine,7.482,2024-07-24,7.6,6871
969,225745,ja,Steins;Gate: The Movie - Load Region of Déjà Vu,3.533,2013-04-20,7.6,346
970,20875,ru,Operation Y and Other Shurik's Adventures,3.531,1965-07-24,7.617,449
971,746,en,The Last Emperor,3.817,1987-10-04,7.617,1723
972,643,ru,Battleship Potemkin,3.532,1925-12-24,7.6,1185
973,581577,de,Persian Lessons,3.542,2020-04-17,7.615,408
974,419430,en,Get Out,4.132,2017-02-24,7.615,17716
975,10322,en,Being There,3.53,1979-12-19,7.614,1005
976,9693,en,Children of Men,4.833,2006-09-22,7.613,7229
977,283995,en,Guardians of the Galaxy Vol. 2,4.684,2017-04-19,7.613,21816
978,10331,en,Night of the Living Dead,3.536,1968-10-04,7.6,2503
979,26371,en,Maurice,3.53,1987-09-18,7.6,548
980,702,en,A Streetcar Named Desire,3.537,1951-09-19,7.6,1375
981,343,en,Harold and Maude,3.535,1971-12-20,7.612,1110
982,137,en,Groundhog Day,4.909,1993-02-11,7.6,8170
983,364111,ja,The Anthem of the Heart,3.784,2015-09-19,7.611,401
984,618588,en,Arthur the King,3.851,2024-03-15,7.61,754
985,466282,en,To All the Boys I've Loved Before,3.587,2018-08-17,7.61,8464
986,348678,sv,A Man Called Ove,4.035,2015-12-25,7.609,1176
987,309809,en,The Little Prince,5.086,2015-07-29,7.608,2809
988,9444,en,Anastasia,4.376,1997-11-20,7.6,5327
989,4235,fr,The Sicilian Clan,3.532,1969-12-05,7.6,328
990,1933,en,The Others,3.616,2001-08-02,7.61,6631
991,768744,ja,My Hero Academia: World Heroes' Mission,3.797,2021-08-06,7.6,566
992,329865,en,Arrival,5.385,2016-11-10,7.609,18056
993,21191,es,Sin Nombre,3.532,2009-03-20,7.6,689
994,793,en,Blue Velvet,3.538,1986-09-19,7.6,3416
995,804095,en,The Fabelmans,4.614,2022-11-11,7.606,2421
996,76600,en,Avatar: The Way of Water,5.14,2022-12-14,7.6,12331
997,20992,ru,Brother,3.531,1997-12-12,7.6,402
998,1093,fr,Elevator to the Gallows,3.536,1958-01-29,7.6,620
999,976,en,Sweet Smell of Success,3.531,1957-07-04,7.6,506
1000,624932,en,Dave Chappelle: Sticks & Stones,3.544,2019-08-26,7.606,324
1001,38757,en,Tangled,4.662,2010-11-24,7.606,11657
1002,11321,en,Seven Pounds,4.837,2008-12-18,7.605,6836
1003,3309,en,Mildred Pierce,3.531,1945-10-20,7.6,402
1004,1712,en,Giant,3.531,1956-11-08,7.6,701
1005,180299,id,The Raid 2,3.535,2014-03-27,7.603,2379
1006,13002,en,Barbie in the 12 Dancing Princesses,3.532,2006-09-19,7.6,1190
1007,597922,en,The Greatest Beer Run Ever,3.56,2022-09-23,7.601,772
1008,476968,en,"Paul, Apostle of Christ",3.537,2018-03-23,7.6,362
1009,29154,en,Stand and Deliver,3.53,1988-03-11,7.601,388
1010,15137,ja,Evangelion: 1.0 You Are (Not) Alone,3.533,2007-09-01,7.6,976
1011,820,en,JFK,3.832,1991-12-20,7.6,2156
1012,642,en,Butch Cassidy and the Sundance Kid,3.644,1969-09-23,7.6,2233
1013,63,en,Twelve Monkeys,4.664,1995-12-29,7.6,8484
1014,4951,en,10 Things I Hate About You,4.373,1999-03-30,7.598,8266
1015,819,en,Sleepers,3.845,1996-10-18,7.599,3592
1016,585244,en,I Still Believe,3.547,2020-03-12,7.6,1172
1017,530079,ja,Ride Your Wave,3.582,2019-06-21,7.6,336
1018,284427,de,Who Am I,3.534,2014-09-25,7.598,1568
1019,222935,en,The Fault in Our Stars,4.329,2014-05-16,7.598,11231
1020,221731,ja,Rurouni Kenshin Part II: Kyoto Inferno,3.534,2014-08-01,7.6,590
1021,678,en,Out of the Past,3.531,1947-11-25,7.6,598
1022,42987,en,The Servant,3.531,1963-11-14,7.6,340
1023,863,en,Toy Story 2,4.104,1999-10-30,7.597,14039
1024,283587,en,Beasts of No Nation,3.784,2015-09-11,7.595,1751
1025,841755,en,Mortal Kombat Legends: Battle of the Realms,3.546,2021-08-30,7.6,443
1026,568124,en,Encanto,4.426,2021-10-13,7.595,9636
1027,398978,en,The Irishman,4.386,2019-11-01,7.595,6945
1028,39324,ja,Dragon Ball Z: The History of Trunks,3.53,1993-02-24,7.6,544
1029,576,en,The Wild Bunch,3.531,1969-06-19,7.6,1216
1030,10754,pl,A Short Film About Killing,3.53,1988-03-11,7.6,362
1031,8440,pt,Carandiru,3.531,2003-03-21,7.6,552
1032,71,en,Billy Elliot,4.087,2000-09-28,7.594,3877
1033,244,en,King Kong,3.569,1933-03-15,7.6,1500
1034,366170,ja,Yu-Gi-Oh!: The Dark Side of Dimensions,3.536,2016-04-23,7.6,437
1035,333339,en,Ready Player One,4.864,2018-03-28,7.59,15855
1036,11969,en,Tombstone,3.577,1993-12-25,7.591,2175
1037,4922,en,The Curious Case of Benjamin Button,4.471,2008-12-25,7.591,12965
1038,3580,en,Changeling,3.545,2008-10-24,7.59,4207
1039,1654,en,The Dirty Dozen,3.536,1967-06-15,7.6,1218
1040,1541,en,Thelma & Louise,3.907,1991-05-24,7.59,3503
1041,910,en,The Big Sleep,3.536,1946-08-23,7.59,1066
1042,21575,fr,A Prophet,3.871,2009-08-26,7.589,1562
1043,17057,en,In a Lonely Place,3.531,1950-05-17,7.6,595
1044,589739,en,Hair Love,3.539,2019-08-14,7.582,468
1045,417261,en,Forever My Girl,3.537,2018-01-26,7.588,1227
1046,315846,ja,Our Little Sister,3.784,2015-06-13,7.6,491
1047,19995,en,Avatar,5.473,2009-12-15,7.588,32005
1048,4982,en,American Gangster,3.882,2007-11-02,7.588,5538
1049,870,ja,Dolls,3.786,2002-10-12,7.588,328
1050,630,en,The Wizard of Oz,3.818,1939-08-15,7.589,5698
1051,616,en,The Last Samurai,4.64,2003-12-05,7.587,6979
1052,72213,en,Courageous,3.577,2011-09-30,7.6,375
1053,14784,en,The Fall,3.819,2006-09-09,7.587,1345
1054,10835,cn,The Killer,3.53,1989-03-24,7.6,806
1055,16219,en,Gladiator,3.53,1992-03-06,7.6,361
1056,707886,en,Feel the Beat,3.542,2020-06-19,7.6,1120
1057,284053,en,Thor: Ragnarok,4.358,2017-10-02,7.585,20981
1058,4481,fr,Manon of the Spring,3.53,1986-11-19,7.6,518
1059,13980,ja,Sword of the Stranger,3.538,2007-09-29,7.6,418
1060,28145,en,"They Shoot Horses, Don't They?",3.536,1969-12-10,7.6,325
1061,7214,en,Coach Carter,4.079,2005-01-14,7.584,3018
1062,431693,en,Spies in Disguise,3.542,2019-12-04,7.582,2815
1063,399566,en,Godzilla vs. Kong,3.598,2021-03-24,7.582,10110
1064,12501,en,The Big Country,3.537,1958-09-30,7.582,360
1065,64,es,Talk to Her,3.538,2002-03-15,7.583,1323
1066,20108,fr,Au Hasard Balthazar,3.531,1966-05-25,7.6,459
1067,244267,en,I Origins,3.784,2014-07-18,7.58,3248
1068,64690,en,Drive,4.386,2011-09-15,7.58,12781
1069,1579,en,Apocalypto,3.797,2006-12-07,7.58,5666
1070,3933,en,Corpse Bride,4.919,2005-09-12,7.579,9466
1071,596054,es,Heroic Losers,3.576,2019-08-15,7.578,563
1072,17058,en,Scarlet Street,3.531,1945-12-25,7.6,390
1073,1954,en,The Butterfly Effect,4.676,2004-01-17,7.6,7649
1074,940721,ja,Godzilla Minus One,3.617,2023-11-03,7.6,2552
1075,756999,en,The Black Phone,3.562,2022-06-17,7.6,5052
1076,586863,fr,Les Misérables,4.084,2019-11-14,7.577,1518
1077,54186,ja,Confessions,3.532,2010-06-04,7.6,899
1078,12102,en,Kramer vs. Kramer,4.286,1979-12-07,7.6,2246
1079,9289,en,The Longest Day,3.532,1962-09-25,7.577,952
1080,61202,hi,Zindagi Na Milegi Dobara,3.533,2011-07-15,7.6,356
1081,795514,en,The Fallout,3.75,2021-03-17,7.575,1166
1082,31417,fr,Eyes Without a Face,3.568,1960-01-11,7.575,745
1083,335984,en,Blade Runner 2049,5.607,2017-10-04,7.6,13944
1084,198375,ja,The Garden of Words,4.039,2013-05-31,7.573,2042
1085,9377,en,Ferris Bueller's Day Off,4.625,1986-06-11,7.573,4976
1086,929204,en,Wallace & Gromit: Vengeance Most Fowl,4.618,2024-12-18,7.578,424
1087,489999,en,Searching,3.546,2018-08-24,7.6,3910
1088,401698,fr,Hidden Kisses,3.535,2016-02-04,7.6,305
1089,306819,en,The Danish Girl,3.835,2015-11-27,7.572,5775
1090,264660,en,Ex Machina,5.123,2015-01-21,7.6,13431
1091,10363,fr,Purple Noon,3.532,1960-03-10,7.6,526
1092,514754,en,Bao,3.788,2018-06-15,7.57,1218
1093,57158,en,The Hobbit: The Desolation of Smaug,5.087,2013-12-11,7.57,13353
1094,10451,zh,Eat Drink Man Woman,3.53,1994-08-03,7.6,351
1095,507569,ja,The Seven Deadly Sins: Prisoners of the Sky,0.672,2018-08-18,7.568,1031
1096,2013,fr,The Diving Bell and the Butterfly,3.783,2007-05-23,7.569,1184
1097,1544,en,Imagine Me & You,3.574,2006-01-27,7.569,1036
1098,8429,it,Paisan,3.531,1946-12-10,7.6,314
1099,47909,ko,Poetry,3.569,2010-05-13,7.567,308
1100,277834,en,Moana,0.926,2016-10-13,7.565,12928
1101,246741,en,What We Do in the Shadows,4.085,2014-06-19,7.566,3607
1102,2649,en,The Game,4.884,1997-09-12,7.564,6716
1103,8327,es,The Holy Mountain,3.785,1973-11-29,7.565,922
1104,1913,es,The Sea Inside,3.782,2004-09-03,7.565,935
1105,899405,es,Anonymously Yours,3.547,2021-12-10,7.6,362
1106,17431,en,Moon,3.827,2009-06-12,7.6,5774
1107,3558,en,"Girl, Interrupted",3.866,1999-12-21,7.564,3883
1108,1628,fr,Jules and Jim,3.781,1962-01-23,7.564,988
1109,682507,en,Where the Crawdads Sing,4.129,2022-07-14,7.6,1899
1110,4638,en,Hot Fuzz,4.047,2007-02-14,7.561,7696
1111,433,en,Mary Poppins,4.546,1964-12-17,7.6,4736
1112,10950,en,I Am Sam,3.538,2001-12-28,7.6,2323
1113,24653,it,The Consequences of Love,3.786,2004-09-24,7.56,846
1114,9394,it,They Call Me Trinity,4.069,1970-12-22,7.56,1336
1115,948,en,Halloween,3.827,1978-10-24,7.6,5710
1116,1022789,en,Inside Out 2,7.157,2024-06-11,7.557,5637
1117,783,en,Gandhi,4.28,1982-12-01,7.557,2323
1118,13562,en,My Man Godfrey,3.531,1936-09-02,7.6,353
1119,11688,en,The Emperor's New Groove,4.17,2000-12-15,7.557,6838
1120,921,en,Cinderella Man,3.618,2005-06-02,7.6,2230
1121,782,en,Gattaca,4.089,1997-09-07,7.557,6448
1122,638,en,Lost Highway,3.825,1997-01-15,7.557,2680
1123,532,en,A Close Shave,4.035,1996-03-07,7.557,849
1124,36557,en,Casino Royale,4.7,2006-11-14,7.556,10863
1125,19413,it,"Ugly, Dirty and Bad",3.53,1976-09-23,7.6,315
1126,451915,en,Beautiful Boy,3.613,2018-10-12,7.555,2599
1127,9016,en,Treasure Planet,4.541,2002-11-26,7.554,4275
1128,1879,en,Guess Who's Coming to Dinner,3.531,1967-12-11,7.555,854
1129,18,fr,The Fifth Element,5.121,1997-05-02,7.553,10916
1130,429450,ko,Pandora,3.536,2016-12-07,7.552,474
1131,58451,it,The Adventures of Pinocchio,3.53,1972-12-21,7.6,305
1132,915935,fr,Anatomy of a Fall,3.654,2023-08-23,7.55,2700
1133,39323,ja,Dragon Ball Z: Bardock - The Father of Goku,3.781,1990-10-17,7.551,712
1134,824,en,Moulin Rouge!,4.37,2001-05-18,7.548,4569
1135,838209,ko,Exhuma,3.607,2024-02-22,7.5,479
1136,722778,it,The Hand of God,3.548,2021-11-24,7.549,1666
1137,484468,fr,The Wolf's Call,3.839,2019-02-20,7.549,2029
1138,18329,cn,Happy Together,3.53,1997-05-30,7.5,702
1139,416144,en,Hotel Mumbai,3.545,2019-03-14,7.5,1590
1140,334541,en,Manchester by the Sea,3.543,2016-11-17,7.548,5919
1141,178682,en,The Wizards Return: Alex vs. Alex,3.533,2013-06-01,7.5,909
1142,5165,it,L'Avventura,3.531,1960-09-14,7.544,694
1143,220,en,East of Eden,3.531,1955-04-10,7.5,756
1144,41411,fr,The Round Up,4.076,2010-03-10,7.547,1012
1145,11159,en,Secrets & Lies,3.53,1996-05-24,7.5,658
1146,907,en,Doctor Zhivago,3.543,1965-12-22,7.5,1172
1147,881,en,A Few Good Men,4.049,1992-12-11,7.546,3718
1148,765,en,Evil Dead II,3.532,1987-03-13,7.547,3181
1149,71859,en,We Need to Talk About Kevin,3.584,2011-09-28,7.545,2852
1150,22292,en,The Ghost and Mrs. Muir,3.531,1947-05-25,7.5,316
1151,629542,en,The Bad Guys,3.552,2022-03-17,7.5,2122
1152,338,de,"Good Bye, Lenin!",4.07,2003-02-13,7.546,2441
1153,319,en,True Romance,4.574,1993-09-09,7.543,2785
1154,127501,hi,Barfi!,3.783,2012-09-13,7.544,328
1155,4960,en,"Synecdoche, New York",4.033,2008-10-24,7.546,1444
1156,780382,en,The Wolf and the Lion,3.596,2021-10-13,7.5,454
1157,552178,en,Dark Waters,4.541,2019-11-22,7.54,2252
1158,475888,en,Tell It to the Bees,3.788,2018-09-09,7.543,447
1159,375572,it,Italian Race,3.785,2016-04-07,7.542,950
1160,111083,es,The Body,3.571,2012-12-21,7.5,1278
1161,1372,en,Blood Diamond,4.373,2006-12-08,7.543,7749
1162,878361,en,Big George Foreman,3.813,2023-04-27,7.5,300
1163,556901,en,Teen Titans Go! vs. Teen Titans,3.539,2019-07-21,7.5,490
1164,481848,en,The Call of the Wild,3.542,2020-02-19,7.5,3770
1165,265169,tr,Winter Sleep,4.072,2014-06-13,7.542,562
1166,31216,en,I Can't Think Straight,3.538,2008-06-01,7.5,312
1167,109424,en,Captain Phillips,4.334,2013-10-10,7.54,7022
1168,2009,ro,"4 Months, 3 Weeks and 2 Days",3.532,2007-08-24,7.543,741
1169,967,en,Spartacus,3.788,1960-10-13,7.541,2185
1170,13696,en,Angels with Dirty Faces,3.531,1938-11-26,7.5,322
1171,138843,en,The Conjuring,4.412,2013-07-18,7.539,11723
1172,2487,ja,Lady Snowblood,3.53,1973-12-01,7.5,371
1173,1061699,en,The Six Triple Eight,4.024,2024-12-06,7.536,464
1174,228150,en,Fury,7.934,2014-10-15,7.538,12135
1175,204553,ko,Cold Eyes,3.533,2013-07-03,7.538,353
1176,200481,en,The Blue Umbrella,3.783,2013-02-12,7.539,563
1177,18925,en,Facing the Giants,3.532,2006-09-29,7.538,448
1178,4550,ko,Lady Vengeance,3.531,2005-07-29,7.5,1705
1179,575604,ko,The Call,3.793,2020-11-23,7.537,845
1180,228326,en,The Book of Life,3.789,2014-10-01,7.537,2741
1181,83389,ja,From Up on Poppy Hill,4.072,2011-07-16,7.5,1787
1182,16391,en,Black Narcissus,3.531,1947-05-26,7.5,483
1183,9366,en,Donnie Brasco,3.882,1997-02-27,7.537,4506
1184,747,en,Shaun of the Dead,4.043,2004-04-09,7.5,8630
1185,848685,gl,The Beasts,3.802,2022-07-20,7.5,760
1186,13310,sv,Let the Right One In,3.533,2008-10-24,7.536,2984
1187,483184,it,Dogman,3.582,2018-05-17,7.534,2214
1188,308369,en,Me and Earl and the Dying Girl,3.578,2015-06-12,7.5,2582
1189,37769,it,The Second Tragic Fantozzi,3.535,1976-04-15,7.5,599
1190,730840,en,Trollhunters: Rise of the Titans,3.546,2021-07-21,7.5,335
1191,612706,en,Work It,3.543,2020-08-07,7.533,1176
1192,281957,en,The Revenant,5.389,2015-12-25,7.532,18308
1193,24807,en,Mr. Deeds Goes to Town,3.531,1936-04-09,7.5,368
1194,15014,it,Bianca,3.53,1984-02-23,7.5,391
1195,12498,en,Sling Blade,3.535,1996-08-30,7.532,796
1196,9495,en,The Crow,4.844,1994-05-11,7.531,4173
1197,9056,cn,Police Story,3.53,1985-12-14,7.5,902
1198,850165,en,The Iron Claw,3.635,2023-12-21,7.531,961
1199,36095,ja,Cure,3.532,1997-12-27,7.5,575
1200,982,en,The Manchurian Candidate,3.532,1962-10-24,7.5,729
1201,575264,en,Mission: Impossible - Dead Reckoning Part One,4.243,2023-07-08,7.53,4073
1202,200085,ko,The Flu,3.534,2013-08-14,7.5,1197
1203,4909,en,The Day of the Jackal,3.543,1973-05-16,7.53,584
1204,1883,en,Malcolm X,3.536,1992-11-18,7.53,1698
1205,900,en,Bringing Up Baby,3.531,1938-02-18,7.5,991
1206,106,en,Predator,4.875,1987-06-12,7.53,8259
1207,127585,en,X-Men: Days of Future Past,4.939,2014-05-15,7.528,15475
1208,33997,en,Desert Flower,3.569,2009-09-24,7.528,432
1209,15472,sv,The Girl with the Dragon Tattoo,4.083,2009-02-27,7.528,2992
1210,12163,en,The Wrestler,3.789,2008-09-07,7.528,3692
1211,9040,en,Serpico,3.867,1973-12-18,7.528,1964
1212,626872,ko,Emergency Declaration,3.559,2022-08-03,7.5,375
1213,566525,en,Shang-Chi and the Legend of the Ten Rings,5.096,2021-09-01,7.526,9597
1214,127533,ja,Rurouni Kenshin Part I: Origins,3.533,2012-08-25,7.5,828
1215,856,en,Who Framed Roger Rabbit,4.583,1988-06-22,7.526,5798
1216,59436,en,Midnight in Paris,4.292,2011-05-11,7.527,7348
1217,39107,ja,Dragon Ball Z: Fusion Reborn,3.786,1995-03-04,7.526,861
1218,15371,ja,Lupin the Third: The Castle of Cagliostro,3.567,1979-07-06,7.5,1044
1219,11528,en,The Sandlot,3.531,1993-04-07,7.5,1197
1220,11178,ko,My Sassy Girl,3.532,2001-07-27,7.525,585
1221,10161,en,My Left Foot: The Story of Christy Brown,3.606,1989-04-07,7.525,940
1222,4553,en,The Machinist,3.827,2004-09-24,7.525,5659
1223,1949,en,Zodiac,3.634,2007-03-02,7.525,10718
1224,614409,en,To All the Boys: Always and Forever,3.544,2021-02-12,7.5,1956
1225,456929,es,Champions,3.537,2018-04-06,7.5,736
1226,30368,ja,Stray Dog,3.536,1949-10-17,7.5,313
1227,5708,en,Control,3.532,2007-09-12,7.523,856
1228,668742,es,Father There Is Only One 2,3.541,2020-07-29,7.5,548
1229,3482,en,The Train,3.532,1964-09-24,7.5,327
1230,269,fr,Breathless,3.781,1960-03-16,7.5,1842
1231,929170,en,Honor Society,3.552,2022-07-23,7.5,383
1232,433471,en,Lou,3.787,2017-06-16,7.523,396
1233,256040,te,Bāhubali: The Beginning,3.784,2015-07-10,7.522,828
1234,11544,en,Lilo & Stitch,4.31,2002-06-21,7.521,6341
1235,10778,en,The Man Who Wasn't There,3.827,2001-10-26,7.522,1595
1236,71883,ja,Redline,3.569,2009-08-14,7.52,477
1237,571,en,The Birds,3.794,1963-03-28,7.519,4153
1238,382614,en,The Book of Henry,3.537,2017-06-16,7.518,1295
1239,13396,en,The Snowman,3.53,1984-12-15,7.5,314
1240,3116,en,Midnight Cowboy,3.607,1969-05-25,7.518,1443
1241,339,en,Night on Earth,3.791,1991-12-12,7.5,932
1242,588228,en,The Tomorrow War,4.61,2021-09-03,7.516,3611
1243,491418,en,Instant Family,3.583,2018-11-13,7.517,3004
1244,430,en,"One, Two, Three",3.531,1961-12-15,7.517,375
1245,451657,fr,Custody,3.537,2018-02-07,7.515,657
1246,43904,fr,L'Atalante,3.531,1934-04-24,7.5,425
1247,9516,en,Menace II Society,3.824,1993-05-26,7.515,784
1248,601,en,E.T. the Extra-Terrestrial,4.945,1982-06-11,7.515,11326
1249,877703,en,Teen Wolf: The Movie,3.562,2023-01-18,7.514,863
1250,607259,en,Fatherhood,3.545,2021-06-18,7.5,1429
1251,9340,en,The Goonies,5.114,1985-06-07,7.513,5790
1252,221,en,Rebel Without a Cause,3.531,1955-10-27,7.5,1636
1253,38234,en,Undisputed III: Redemption,3.537,2010-04-17,7.516,927
1254,3767,en,Gilda,3.531,1946-04-25,7.5,587
1255,13353,en,"It's the Great Pumpkin, Charlie Brown",4.031,1966-10-27,7.508,415
1256,10734,en,Escape from Alcatraz,3.536,1979-06-22,7.511,2844
1257,10110,en,Empire of the Sun,3.785,1987-12-09,7.513,1955
1258,7500,ja,Sonatine,4.324,1993-09-10,7.511,640
1259,11782,cn,Hard Boiled,3.53,1992-04-16,7.51,813
1260,592,en,The Conversation,4.016,1974-04-07,7.5,1806
1261,132344,en,Before Midnight,3.822,2013-04-05,7.508,2449
1262,13413,en,BURN·E,3.569,2008-11-17,7.509,741
1263,11686,en,Love and Death,3.53,1975-06-10,7.5,907
1264,921655,en,Rescued by Ruby,3.55,2022-03-17,7.5,314
1265,599521,en,Z-O-M-B-I-E-S 2,3.542,2020-06-13,7.5,457
1266,216156,en,Still Life,3.533,2013-11-28,7.507,373
1267,179144,it,The Great Beauty,4.035,2013-05-21,7.5,3132
1268,1859,en,Ninotchka,3.531,1939-11-23,7.5,390
1269,966,en,The Magnificent Seven,3.57,1960-10-12,7.508,1818
1270,648,fr,Beauty and the Beast,3.781,1946-10-29,7.512,616
1271,552095,en,PAW Patrol: Mighty Pups,3.538,2018-10-04,7.5,577
1272,176241,en,Prison Break: The Final Break,3.533,2009-09-10,7.5,668
1273,15917,hi,Devdas,3.532,2002-07-11,7.5,344
1274,11046,en,Where Eagles Dare,3.531,1968-12-04,7.5,900
1275,4291,ja,Kikujiro,3.825,1999-06-05,7.507,539
1276,810171,en,The Valet,3.588,2022-05-11,7.505,571
1277,614934,en,Elvis,4.13,2022-06-22,7.505,3512
1278,31767,en,The Devils,3.53,1971-07-16,7.5,380
1279,5143,en,Hannah and Her Sisters,3.53,1986-02-07,7.5,1060
1280,2034,en,Training Day,3.881,2001-10-05,7.505,6044
1281,1786,fr,Au Revoir les Enfants,3.824,1987-10-07,7.505,664
1282,375262,en,The Favourite,3.79,2018-11-23,7.504,5556
1283,73456,en,Barbie: Princess Charm School,3.54,2011-08-11,7.5,824
1284,11506,sv,The Silence,3.531,1963-09-23,7.5,368
1285,11113,en,My Fair Lady,3.532,1964-10-21,7.5,1326
1286,63311,es,The Skin I Live In,3.542,2011-08-17,7.504,4278
1287,21734,en,Shadow of a Doubt,3.536,1943-01-15,7.5,1047
1288,16642,en,Days of Heaven,3.535,1978-09-13,7.503,1045
1289,10604,el,Zorba the Greek,3.531,1964-12-14,7.5,348
1290,69,en,Walk the Line,3.782,2005-09-13,7.5,2918
1291,229,en,Bride of Frankenstein,3.568,1935-04-20,7.5,997
1292,503919,en,The Lighthouse,4.543,2019-10-18,7.502,5022
1293,17809,zh,Fist of Legend,3.53,1994-12-22,7.5,542
1294,16633,en,Somewhere in Time,3.536,1980-10-02,7.5,590
1295,11040,en,Little Big Man,3.53,1970-12-23,7.5,637
1296,7549,zh,Fearless,3.781,2006-01-26,7.501,1291
1297,11906,it,Suspiria,3.792,1977-02-01,7.499,2962
1298,11841,zh,The 36th Chamber of Shaolin,3.53,1978-02-02,7.5,433
1299,615,en,The Passion of the Christ,3.811,2004-02-25,7.499,4669
1300,916405,ga,The Quiet Girl,3.839,2022-05-12,7.499,437
1301,487558,en,BlacKkKlansman,3.794,2018-08-09,7.499,7605
1302,85350,en,Boyhood,4.292,2014-06-05,7.5,5220
1303,34106,en,You Can't Take It with You,3.531,1938-09-01,7.5,410
1304,8342,bs,No Man's Land,3.531,2001-05-12,7.5,451
1305,6620,en,Sabrina,3.532,1954-09-10,7.5,1254
1306,786,en,Almost Famous,4.825,2000-09-15,7.498,2813
1307,776,fr,The Rules of the Game,3.568,1939-07-09,7.5,598
1308,332562,en,A Star Is Born,4.085,2018-10-03,7.497,11750
1309,25934,en,"To Sir, with Love",3.531,1967-06-14,7.5,317
1310,11970,en,Hercules,4.094,1997-06-13,7.5,7516
1311,79,zh,Hero,4.576,2002-07-22,7.497,2290
1312,13377,en,How the Grinch Stole Christmas!,3.782,1966-12-18,7.496,1046
1313,586940,fr,I Lost My Body,3.546,2019-11-06,7.5,1263
1314,16328,en,Johnny Got His Gun,3.53,1971-08-04,7.5,384
1315,15097,fr,Fear City: A Family-Style Comedy,3.824,1994-03-09,7.496,1256
1316,3001,en,How to Steal a Million,3.531,1966-07-13,7.5,601
1317,676701,es,"Tad, the Lost Explorer and the Emerald Tablet",3.553,2022-08-24,7.5,314
1318,544510,fr,"Cyrano, My Love",3.538,2018-11-10,7.495,503
1319,468284,fr,The Insult,3.537,2017-09-14,7.5,456
1320,437586,en,mid90s,3.575,2018-10-19,7.5,1622
1321,1051,en,The French Connection,4.319,1971-10-09,7.494,1904
1322,483983,de,Balloon,3.538,2018-09-27,7.5,433
1323,470878,en,I Can Only Imagine,3.543,2018-02-14,7.5,475
1324,258480,en,Carol,3.785,2015-11-20,7.495,3745
1325,203833,en,The Book Thief,4.039,2013-11-08,7.494,4357
1326,40823,pt,The Man Who Copied,3.531,2003-06-13,7.5,346
1327,8073,fr,Band of Outsiders,3.531,1964-08-05,7.5,574
1328,500664,en,Upgrade,3.584,2018-05-31,7.493,4492
1329,364137,fr,All Three of Us,3.54,2015-11-04,7.493,492
1330,11202,en,Patton,3.785,1970-01-25,7.5,1112
1331,8321,en,In Bruges,4.908,2008-02-08,7.491,5258
1332,1600,fr,The Double Life of Véronique,3.78,1991-05-15,7.493,805
1333,192,en,The Name of the Rose,3.791,1986-09-24,7.493,3060
1334,517093,ru,Balkan Line,3.546,2019-03-21,7.492,532
1335,330459,en,Rogue One: A Star Wars Story,3.794,2016-12-14,7.492,15433
1336,923,en,Dawn of the Dead,3.531,1978-09-02,7.5,2117
1337,586810,fr,Mars Express,3.621,2023-11-22,7.491,349
1338,436969,en,The Suicide Squad,4.328,2021-07-28,7.489,8793
1339,22538,en,Scott Pilgrim vs. the World,4.33,2010-08-12,7.49,7998
1340,18197,en,Running on Empty,3.535,1988-09-09,7.5,312
1341,12169,fr,The First Day of the Rest of Your Life,3.826,2008-07-23,7.49,471
1342,8703,cs,Three Wishes for Cinderella,3.53,1973-11-16,7.5,347
1343,620,en,Ghostbusters,4.619,1984-06-08,7.49,9100
1344,383498,en,Deadpool 2,4.437,2018-05-15,7.489,18233
1345,31682,en,The Incredible Shrinking Man,3.531,1957-02-22,7.5,506
1346,25468,en,My Dinner with Andre,3.531,1981-10-11,7.5,405
1347,475,en,Bonnie and Clyde,3.531,1967-08-13,7.5,1645
1348,551332,en,The Two Popes,4.078,2019-11-27,7.488,2878
1349,176983,ja,One Piece Film: Z,3.783,2012-12-15,7.489,524
1350,10843,en,After Hours,3.78,1985-09-13,7.488,1521
1351,786892,en,Furiosa: A Mad Max Saga,4.844,2024-05-22,7.5,3969
1352,11978,en,Men of Honor,4.031,2000-09-13,7.485,2329
1353,10377,en,My Cousin Vinny,3.568,1992-03-13,7.5,1630
1354,522,en,Ed Wood,3.536,1994-09-28,7.5,2346
1355,666243,en,The Witcher: Nightmare of the Wolf,3.546,2021-08-22,7.5,980
1356,507089,en,Five Nights at Freddy's,4.142,2023-10-25,7.486,4252
1357,345938,en,The Shack,3.787,2017-03-03,7.486,2148
1358,1368,en,First Blood,4.069,1982-10-22,7.484,6380
1359,550988,en,Free Guy,4.056,2021-08-11,7.485,8978
1360,389015,en,"I, Tonya",3.539,2017-12-08,7.5,5872
1361,284293,en,Still Alice,4.034,2014-12-05,7.5,3106
1362,74879,tr,Once Upon a Time in Anatolia,3.533,2011-09-23,7.5,485
1363,10787,en,The Invisible Man,3.531,1933-11-03,7.5,862
1364,7735,de,The Wave,4.332,2008-03-13,7.5,3370
1365,3529,en,The Thin Man,3.531,1934-05-25,7.5,471
1366,983,en,The Man Who Would Be King,3.573,1975-12-03,7.484,643
1367,345,en,Eyes Wide Shut,4.176,1999-07-16,7.5,6337
1368,11327,en,Midnight Express,3.531,1978-08-31,7.5,1724
1369,8333,en,The Taking of Pelham One Two Three,3.567,1974-10-02,7.5,540
1370,3133,en,Badlands,3.53,1974-01-05,7.5,1211
1371,828613,en,About Fate,3.553,2022-09-08,7.482,445
1372,293863,en,The Age of Adaline,3.801,2015-04-16,7.5,6731
1373,11610,en,"Play It Again, Sam",3.536,1972-05-04,7.481,591
1374,196,en,Back to the Future Part III,3.313,1990-05-25,7.481,10700
1375,186,en,Lucky Number Slevin,3.832,2006-02-24,7.48,4130
1376,203101,ja,High School of the Dead: Drifters of the Dead,3.538,2011-04-25,7.479,462
1377,252,en,Willy Wonka & the Chocolate Factory,4.3,1971-06-29,7.478,3673
1378,1076364,en,Carl's Date,3.566,2023-06-15,7.5,413
1379,301528,en,Toy Story 4,4.343,2019-06-19,7.478,9923
1380,9559,en,A Perfect World,3.53,1993-11-24,7.5,1692
1381,1294203,en,My Fault: London,9.089,2025-02-12,7.5,309
1382,37903,de,The White Ribbon,3.538,2009-09-24,7.5,1037
1383,16858,en,All That Jazz,3.53,1979-12-16,7.477,517
1384,994108,en,All of Us Strangers,4.088,2023-12-22,7.471,803
1385,675353,en,Sonic the Hedgehog 2,4.349,2022-03-30,7.474,5391
1386,13930,en,For the Birds,3.606,2000-11-02,7.476,1226
1387,13393,tr,My Father and My Son,3.531,2005-11-18,7.5,337
1388,12837,en,The Secret Life of Bees,3.65,2008-09-17,7.5,520
1389,11798,en,This Is England,1.623,2007-04-27,7.5,1278
1390,1567,fr,I Stand Alone,3.531,1998-05-16,7.471,523
1391,520763,en,A Quiet Place Part II,3.842,2021-05-21,7.5,6707
1392,26280,fr,I Killed My Mother,3.532,2009-06-05,7.5,1109
1393,16958,en,The Asphalt Jungle,3.531,1950-05-12,7.5,485
1394,145,da,Breaking the Waves,3.531,1996-07-05,7.5,1001
1395,75233,no,"Oslo, August 31st",3.783,2011-08-31,7.471,443
1396,14919,en,Batman: Mask of the Phantasm,3.53,1993-12-25,7.5,1133
1397,13528,en,Gaslight,3.531,1944-05-04,7.5,496
1398,9428,en,The Royal Tenenbaums,4.577,2001-10-05,7.471,4616
1399,1251,en,Letters from Iwo Jima,3.533,2006-12-09,7.473,2089
1400,530,en,A Grand Day Out,4.291,1990-05-18,7.474,915
1401,219,es,Volver,3.799,2006-03-17,7.473,1751
1402,11344,ko,A Bittersweet Life,3.531,2005-04-01,7.5,888
1403,3035,en,Frankenstein,3.531,1931-11-21,7.5,1617
1404,239571,en,The Best of Me,3.534,2014-10-15,7.5,2601
1405,42801,it,"Yesterday, Today and Tomorrow",3.568,1963-12-21,7.471,431
1406,38396,it,That's Life,3.786,1998-12-18,7.47,1331
1407,32909,zh,Mulan: Rise of a Warrior,3.532,2009-11-26,7.5,429
1408,32761,de,The Seventh Continent,3.53,1989-10-20,7.5,312
1409,431937,fr,Mr & Mme Adelman,3.535,2017-03-08,7.5,443
1410,377273,pt,Aquarius,3.535,2016-09-01,7.5,466
1411,244088,it,Human Capital,3.544,2013-12-03,7.47,909
1412,9665,en,Glory,3.53,1989-12-15,7.5,1647
1413,13384,en,Kes,3.53,1970-04-03,7.5,393
1414,9081,en,Waking Life,3.782,2001-10-19,7.469,880
1415,4593,fr,The Discreet Charm of the Bourgeoisie,3.78,1972-09-15,7.469,822
1416,660120,no,The Worst Person in the World,4.049,2021-10-13,7.469,1443
1417,337703,fr,The Red Turtle,3.791,2016-03-27,7.468,1278
1418,15165,en,Barbie as The Princess & the Pauper,3.533,2004-09-28,7.5,1481
1419,2000,de,"Aguirre, the Wrath of God",3.53,1972-12-29,7.468,1127
1420,625,en,The Killing Fields,3.568,1984-11-23,7.5,750
1421,27327,en,Phantom of the Paradise,3.53,1974-10-31,7.5,676
1422,11421,fr,C.R.A.Z.Y.,3.781,2005-05-27,7.467,466
1423,5558,fr,The Phantom of Liberty,3.53,1974-09-10,7.5,301
1424,529203,en,The Croods: A New Age,3.551,2020-11-25,7.5,3884
1425,8055,en,The Reader,3.79,2008-12-10,7.466,3163
1426,2501,en,The Bourne Identity,4.669,2002-06-14,7.5,9404
1427,1813,en,The Devil's Advocate,4.219,1997-10-17,7.5,6135
1428,114,en,Pretty Woman,4.463,1990-03-23,7.465,8415
1429,762509,en,Mufasa: The Lion King,30.416,2024-12-18,7.5,1615
1430,613090,es,"Live Twice, Love Once",3.54,2019-09-06,7.5,341
1431,10683,en,Happiness,3.531,1998-10-11,7.465,836
1432,529216,es,Mirage,3.549,2018-11-30,7.464,1817
1433,9299,es,Thesis,3.567,1996-04-11,7.5,843
1434,8740,nl,The Vanishing,3.53,1988-10-27,7.5,664
1435,16619,en,Ordinary People,3.53,1980-09-19,7.462,632
1436,9509,en,Man on Fire,4.045,2004-04-23,7.461,5205
1437,9470,cn,Kung Fu Hustle,4.3,2004-02-10,7.46,2876
1438,5503,en,The Fugitive,4.363,1993-08-06,7.462,4336
1439,4689,ko,Sympathy for Mr. Vengeance,3.531,2002-03-29,7.5,1478
1440,346648,en,Paddington 2,4.091,2017-11-09,7.459,2447
1441,327331,en,The Dirt,3.789,2019-03-22,7.461,1235
1442,251516,en,Kung Fury,4.534,2015-05-22,7.456,1844
1443,898,en,Birdman of Alcatraz,3.536,1962-07-04,7.5,308
1444,187,en,Sin City,4.372,2005-04-01,7.461,8251
1445,431580,en,Abominable,3.792,2019-09-19,7.5,2070
1446,194662,en,Birdman or (The Unexpected Virtue of Ignorance),7.617,2014-10-17,7.459,12932
1447,18900,en,In Cold Blood,3.531,1967-12-15,7.5,386
1448,11549,en,Invasion of the Body Snatchers,3.531,1956-02-05,7.5,1095
1449,10907,en,The Adventures of Robin Hood,3.531,1938-05-13,7.5,761
1450,290,en,Barton Fink,3.873,1991-08-01,7.46,1700
1451,109,fr,Three Colors: White,3.862,1994-01-26,7.46,1213
1452,27632,it,Black Sunday,3.531,1960-08-11,7.5,539
1453,21542,en,Love Don't Co$t a Thing,3.532,2003-12-12,7.5,562
1454,16372,en,The Innocents,3.781,1961-12-15,7.5,601
1455,11016,en,Key Largo,3.531,1948-07-16,7.459,538
1456,363,de,Head-On,3.786,2004-03-11,7.5,575
1457,347201,ja,Boruto: Naruto the Movie,4.045,2015-08-07,7.458,1588
1458,736073,en,"Batman: The Long Halloween, Part One",3.545,2021-06-21,7.5,637
1459,574,en,The Man Who Knew Too Much,3.532,1956-05-16,7.457,1424
1460,400160,en,The SpongeBob Movie: Sponge on the Run,3.806,2020-08-14,7.456,2866
1461,76758,zh,The Flowers of War,3.533,2011-12-15,7.5,806
1462,74643,fr,The Artist,3.829,2011-10-12,7.456,3291
1463,37916,it,Swept Away,3.535,1974-12-18,7.5,307
1464,24226,en,The Verdict,3.53,1982-12-08,7.456,652
1465,22584,en,To Have and Have Not,3.531,1945-01-20,7.5,524
1466,260513,en,Incredibles 2,4.343,2018-06-14,7.454,12991
1467,41498,ja,One Piece Film: Strong World,3.782,2009-12-12,7.455,355
1468,37472,cn,Ip Man 2,0.498,2010-04-29,7.455,2301
1469,674324,en,The Banshees of Inisherin,3.808,2022-10-20,7.454,2875
1470,11356,en,The Odd Couple,3.531,1968-05-16,7.454,591
1471,9075,nl,Black Book,3.531,2006-09-14,7.5,1165
1472,379,en,Miller's Crossing,3.867,1990-09-21,7.454,1680
1473,154,en,Star Trek II: The Wrath of Khan,2.536,1982-06-04,7.454,1940
1474,13189,en,A Christmas Carol,3.53,1984-10-09,7.453,379
1475,1023,da,Adam's Apples,3.781,2005-04-15,7.453,706
1476,42994,ja,Memories,4.067,1995-12-23,7.452,466
1477,13060,en,Lifted,3.569,2006-12-28,7.452,765
1478,9008,en,The Insider,4.069,1999-10-28,7.4,1851
1479,828,en,The Day the Earth Stood Still,3.781,1951-09-28,7.5,1137
1480,508883,ja,The Boy and the Heron,3.964,2023-07-14,7.5,2061
1481,36685,en,The Rocky Horror Picture Show,4.036,1975-08-14,7.5,2863
1482,8741,en,The Thin Red Line,3.788,1998-12-23,7.451,3048
1483,589982,fr,Spread Your Wings,3.54,2019-09-12,7.45,303
1484,434616,fr,Patients,3.535,2017-03-01,7.5,608
1485,374720,en,Dunkirk,4.045,2017-07-19,7.45,16653
1486,24192,it,The Gospel According to Matthew,3.532,1965-03-03,7.449,366
1487,17654,en,District 9,4.619,2009-08-05,7.448,9642
1488,6114,en,Bram Stoker's Dracula,3.545,1992-11-13,7.449,5258
1489,175,fr,The Big Blue,3.78,1988-05-10,7.4,1455
1490,339403,en,Baby Driver,4.413,2017-06-28,7.447,15917
1491,228203,en,"McFarland, USA",3.534,2015-02-20,7.4,845
1492,37181,fa,About Elly,3.793,2009-06-06,7.448,500
1493,33273,es,Cell 211,3.784,2009-11-06,7.4,1257
1494,28874,ja,Summer Wars,4.288,2009-08-01,7.445,939
1495,11704,en,The Secret of NIMH,4.285,1982-06-17,7.441,848
1496,568,en,Apollo 13,4.325,1995-06-30,7.447,5488
1497,502897,ru,Leto,3.538,2018-06-07,7.4,312
1498,350312,te,Bāhubali 2: The Conclusion,3.537,2017-04-27,7.447,754
1499,18917,cs,Alice,3.53,1988-08-03,7.4,312
1500,11854,hi,Kuch Kuch Hota Hai,3.531,1998-10-16,7.4,390
1501,1902,es,Open Your Eyes,3.782,1997-12-19,7.447,1060
1502,877,en,Scarface,3.531,1932-04-09,7.447,609
1503,11167,en,Peeping Tom,3.531,1960-05-16,7.4,813
1504,4034,fr,That Man from Rio,3.531,1964-02-05,7.4,314
1505,440298,pl,Cold War,3.538,2018-06-08,7.445,1487
1506,339984,en,Miracles from Heaven,3.573,2016-03-17,7.4,1198
1507,9028,it,The Great Silence,3.531,1968-11-22,7.4,403
1508,1677,en,Ray,4.319,2004-10-29,7.445,2027
1509,271110,en,Captain America: Civil War,5.2,2016-04-27,7.444,22967
1510,129670,en,Nebraska,3.572,2013-09-21,7.444,1785
1511,161,en,Ocean's Eleven,4.673,2001-12-07,7.4,11756
1512,1075794,en,Leo,3.586,2023-11-17,7.443,1201
1513,458156,en,John Wick: Chapter 3 - Parabellum,3.896,2019-05-15,7.443,10844
1514,718930,en,Bullet Train,4.89,2022-08-03,7.442,6497
1515,261470,es,Sorry If I Call You Love,3.534,2014-06-20,7.4,471
1516,245891,en,John Wick,2.764,2014-10-22,7.4,19519
1517,499631,it,Fabrizio De André: Principe libero,3.537,2018-01-23,7.4,345
1518,317442,ja,The Last: Naruto the Movie,3.793,2014-12-06,7.442,2302
1519,984,en,Dirty Harry,3.536,1971-12-23,7.4,2505
1520,771,en,Home Alone,0.201,1990-11-16,7.441,11530
1521,11349,en,Cape Fear,3.531,1962-04-12,7.4,584
1522,489418,fr,In Safe Hands,3.832,2018-12-05,7.439,513
1523,407445,en,Breathe,3.537,2017-10-13,7.4,757
1524,193756,en,Lone Survivor,3.791,2013-12-24,7.438,4398
1525,1155089,en,Justice League: Crisis on Infinite Earths Part One,3.585,2024-01-08,7.4,326
1526,109689,es,I Want You,3.534,2012-06-22,7.4,1894
1527,466420,en,Killers of the Flower Moon,3.928,2023-10-18,7.436,3506
1528,8094,en,The Magdalene Sisters,3.781,2002-08-30,7.4,412
1529,1895,en,Star Wars: Episode III - Revenge of the Sith,3.811,2005-05-17,7.4,13947
1530,940,en,The Lady Vanishes,3.531,1938-10-07,7.4,940
1531,37719,en,A Night at the Opera,3.531,1935-11-15,7.4,497
1532,19223,fr,A Pure Formality,3.53,1994-05-15,7.4,361
1533,15919,en,Marty,3.531,1955-04-11,7.4,394
1534,697843,en,Extraction 2,3.578,2023-06-09,7.435,2544
1535,65218,en,Lemonade Mouth,3.569,2011-04-15,7.434,1050
1536,10435,en,Chaplin,3.53,1992-12-17,7.434,1097
1537,3088,en,My Darling Clementine,3.781,1946-10-17,7.44,433
1538,395834,en,Wind River,3.576,2017-08-03,7.433,5312
1539,462,en,Erin Brockovich,3.574,2000-03-17,7.433,3279
1540,821881,en,The Swimmers,3.555,2022-11-24,7.432,570
1541,466272,en,Once Upon a Time... in Hollywood,5.065,2019-07-24,7.432,13727
1542,292011,en,Richard Jewell,3.791,2019-12-13,7.432,2533
1543,38985,en,Sorcerer,3.53,1977-06-24,7.4,563
1544,11615,en,The Life of David Gale,3.532,2003-02-21,7.4,2042
1545,5781,fr,That Obscure Object of Desire,3.53,1977-08-17,7.4,399
1546,921785,it,Mixed by Erry,3.56,2023-03-02,7.4,444
1547,768362,en,Missing,3.56,2023-01-19,7.4,1083
1548,395991,en,Only the Brave,3.832,2017-09-22,7.431,1616
1549,645886,en,The Unforgivable,4.047,2021-11-24,7.43,1851
1550,376290,en,Miss Sloane,3.541,2016-11-25,7.4,1824
1551,146,zh,"Crouching Tiger, Hidden Dragon",4.583,2000-07-06,7.4,3261
1552,617653,en,The Last Duel,4.055,2021-10-13,7.429,3460
1553,451480,en,The Guernsey Literary & Potato Peel Pie Society,3.542,2018-04-19,7.429,1330
1554,353081,en,Mission: Impossible - Fallout,4.298,2018-07-13,7.429,8377
1555,39486,en,Secretariat,3.532,2010-08-20,7.4,600
1556,16305,en,Sullivan's Travels,3.536,1941-11-30,7.4,469
1557,4024,fr,Last Year at Marienbad,3.531,1961-05-25,7.4,494
1558,630220,it,18 Presents,3.578,2020-01-02,7.428,682
1559,227306,en,Unbroken,4.334,2014-12-25,7.428,4153
1560,206487,en,Predestination,4.794,2014-08-28,7.4,6556
1561,9549,en,The Right Stuff,3.568,1983-10-20,7.428,885
1562,13475,en,Star Trek,4.617,2009-05-06,7.426,9966
1563,13188,en,Scrooge,3.531,1951-11-28,7.427,336
1564,10400,en,The Hurricane,3.536,1999-09-17,7.427,1411
1565,6916,it,"Watch Out, We're Mad",3.53,1974-03-29,7.4,815
1566,2767,fr,The Lovers on the Bridge,3.78,1991-10-16,7.427,330
1567,686,en,Contact,4.864,1997-07-11,7.426,4560
1568,736069,en,Justice Society: World War II,3.545,2021-04-27,7.4,560
1569,582014,en,Promising Young Woman,4.092,2020-12-13,7.425,3316
1570,565310,en,The Farewell,3.577,2019-07-12,7.426,1431
1571,319373,ja,Sweet Bean,3.784,2015-05-30,7.4,559
1572,101299,en,The Hunger Games: Catching Fire,4.925,2013-11-15,7.426,17530
1573,13004,en,Barbie and the Diamond Castle,3.534,2008-09-03,7.4,846
1574,644583,en,The Mauritanian,3.55,2021-02-12,7.425,1125
1575,14257,fr,Delusions of Grandeur,3.53,1971-12-08,7.4,685
1576,2503,en,The Bourne Ultimatum,4.884,2007-08-03,7.424,7790
1577,1653,es,The Motorcycle Diaries,3.787,2004-02-06,7.425,1305
1578,758866,ja,Drive My Car,3.552,2021-08-18,7.4,1305
1579,11030,en,Zelig,3.53,1983-07-15,7.424,870
1580,10784,en,Cabaret,3.536,1972-02-13,7.4,896
1581,736074,en,"Batman: The Long Halloween, Part Two",3.546,2021-07-26,7.4,525
1582,394117,en,The Florida Project,3.907,2017-10-06,7.423,2815
1583,11236,en,The Secret Garden,4.03,1993-08-13,7.4,912
1584,250219,it,I Can Quit Whenever I Want,3.572,2014-02-06,7.4,1803
1585,190859,en,American Sniper,4.19,2014-12-25,7.422,12984
1586,51828,en,One Day,3.896,2011-03-02,7.422,4295
1587,13403,en,Hedwig and the Angry Inch,3.531,2001-07-20,7.4,387
1588,4584,en,Sense and Sensibility,3.53,1995-12-13,7.422,1706
1589,4254,hi,Kal Ho Naa Ho,3.531,2003-11-27,7.411,400
1590,340666,en,Nocturnal Animals,3.863,2016-11-04,7.421,7885
1591,11829,it,Trinity Is Still My Name,3.53,1971-10-21,7.4,915
1592,10867,it,Malena,3.576,2000-03-16,7.4,2275
1593,10747,en,The Outlaw Josey Wales,3.53,1976-06-30,7.4,1162
1594,9454,en,EverAfter,3.612,1998-07-31,7.4,1477
1595,7294,fi,The Man Without a Past,3.568,2002-03-01,7.42,374
1596,3009,en,The Trial,3.531,1962-12-21,7.4,501
1597,839,en,Duel,3.535,1971-11-13,7.42,1898
1598,840326,fi,Sisu,3.56,2022-09-09,7.419,2261
1599,18333,sv,Hour of the Wolf,3.531,1968-02-19,7.4,499
1600,364433,it,They Call Me Jeeg,4.081,2016-02-25,7.418,2503
1601,284052,en,Doctor Strange,4.97,2016-10-25,7.418,22383
1602,11562,en,Crimes and Misdemeanors,3.53,1989-10-13,7.4,884
1603,823,ja,Jin-Roh: The Wolf Brigade,3.532,1999-11-17,7.4,500
1604,507505,es,El Angel,3.538,2018-08-09,7.4,549
1605,271706,zh,Big Fish & Begonia,3.535,2016-07-08,7.4,440
1606,137106,en,The Lego Movie,4.579,2014-02-06,7.4,7948
1607,20558,en,Scooby-Doo! in Where's My Mummy?,3.531,2005-05-13,7.4,403
1608,12207,cn,The Legend of Drunken Master,3.53,1994-02-03,7.4,980
1609,11031,en,This Is Spinal Tap,4.067,1984-03-02,7.413,1449
1610,1523,en,The Last King of Scotland,3.826,2006-01-12,7.416,2164
1611,626,fr,Un Chien Andalou,3.532,1929-06-05,7.416,1316
1612,176,en,Saw,4.371,2004-10-01,7.416,9374
1613,9426,en,The Fly,3.607,1986-08-15,7.4,4526
1614,5123,en,August Rush,3.782,2007-11-21,7.415,2700
1615,814,en,An American Werewolf in London,3.53,1981-08-21,7.4,2475
1616,242,en,The Godfather Part III,4.392,1990-12-25,7.415,6319
1617,940551,en,Migration,3.882,2023-12-06,7.414,1954
1618,9918,en,Glory Road,3.531,2006-01-13,7.414,735
1619,9461,en,Enter the Dragon,4.031,1973-08-17,7.412,1924
1620,853,en,Enemy at the Gates,4.288,2001-02-28,7.412,3691
1621,429617,en,Spider-Man: Far From Home,4.357,2019-06-28,7.413,15939
1622,166666,de,3096 Days,3.54,2013-02-21,7.4,909
1623,2690,en,Irma la Douce,3.531,1963-06-05,7.4,423
1624,423108,en,The Conjuring: The Devil Made Me Do It,3.805,2021-05-25,7.4,5993
1625,290542,en,You're Not You,3.534,2014-10-10,7.4,790
1626,273481,en,Sicario,4.097,2015-09-17,7.412,8791
1627,13754,ja,Tekkonkinkreet,3.782,2006-10-21,7.4,369
1628,492,en,Being John Malkovich,4.332,1999-10-29,7.412,4434
1629,11471,zh,A Better Tomorrow,3.53,1986-08-02,7.4,532
1630,860159,en,Crush,3.552,2022-04-29,7.41,435
1631,463257,en,The Peanut Butter Falcon,3.827,2019-08-09,7.4,1439
1632,13689,en,Peaceful Warrior,3.781,2006-03-30,7.41,407
1633,1391,es,Y Tu Mamá También,3.537,2001-06-08,7.4,1552
1634,4232,en,Scream,4.208,1996-12-20,7.409,7195
1635,1360,en,Frida,4.075,2002-08-29,7.409,2032
1636,851303,fr,Waiting for Bojangles,3.547,2021-10-13,7.4,321
1637,4174,en,Spellbound,3.782,1945-11-08,7.407,897
1638,794,en,The Omen,3.533,1976-06-25,7.407,2169
1639,382748,en,Stargirl,3.547,2020-03-10,7.4,559
1640,380225,it,Like Crazy,3.536,2016-05-17,7.4,874
1641,312221,en,Creed,3.793,2015-11-25,7.4,7517
1642,217993,en,Justice League: War,3.533,2014-01-21,7.4,1083
1643,6003,en,Romeo and Juliet,3.532,1968-04-02,7.4,684
1644,1847,en,The Long Goodbye,3.78,1973-03-08,7.407,654
1645,487670,en,The Death of Superman,3.538,2018-07-24,7.4,760
1646,11481,en,Repulsion,3.532,1965-06-01,7.405,1012
1647,760,fr,The Mad Adventures of Rabbi Jacob,3.824,1973-10-17,7.405,985
1648,226,en,Boys Don't Cry,3.536,1999-09-02,7.4,1351
1649,771077,fr,Rise,3.55,2022-03-30,7.4,417
1650,659959,fr,Summer of 85,3.541,2020-07-14,7.404,843
1651,516486,en,Greyhound,3.833,2020-07-09,7.404,2992
1652,94329,id,The Raid,3.535,2012-03-22,7.403,3513
1653,87827,en,Life of Pi,4.043,2012-11-20,7.404,13182
1654,26963,en,The Secret of Kells,3.783,2009-02-09,7.404,700
1655,26596,en,Johnny Guitar,3.531,1954-05-26,7.404,431
1656,14092,ja,Ghost in the Shell 2.0,3.532,2008-07-12,7.4,417
1657,11545,en,Rushmore,4.037,1998-12-11,7.401,2512
1658,10437,en,The Muppet Christmas Carol,4.031,1992-12-10,7.403,1033
1659,1359,en,American Psycho,4.573,2000-04-13,7.404,11257
1660,375785,en,Then Came You,3.539,2018-12-05,7.4,490
1661,660000,fr,Lost Illusions,3.547,2021-10-20,7.4,505
1662,20312,en,Interstate 60,3.819,2002-04-13,7.402,697
1663,639,en,When Harry Met Sally...,4.818,1989-07-21,7.4,4171
1664,575,de,The Experiment,3.782,2001-03-08,7.402,1109
1665,533444,en,Waves,3.54,2019-11-15,7.401,712
1666,481432,it,Happy as Lazzaro,4.038,2018-05-31,7.401,716
1667,4203,es,Women on the Verge of a Nervous Breakdown,3.53,1988-03-25,7.401,918
1668,1407,fr,La Vie en Rose,3.783,2007-02-14,7.401,1631
1669,763,en,Braindead,3.567,1992-08-13,7.4,1669
1670,876716,en,Ciao Alberto,3.797,2021-11-11,7.401,669
1671,432836,ko,Memoir of a Murderer,3.537,2017-09-07,7.4,314
1672,265180,ru,Leviathan,3.534,2014-09-24,7.402,867
1673,447332,en,A Quiet Place,3.849,2018-04-03,7.399,14417
1674,11661,fr,Joyeux Noel,3.531,2005-11-09,7.399,878
1675,10849,en,The Purple Rose of Cairo,3.535,1985-03-01,7.4,1058
1676,484747,fr,Little Tickles,3.538,2018-11-14,7.4,357
1677,165213,ko,New World,3.533,2013-02-21,7.4,472
1678,10474,en,The Basketball Diaries,3.536,1995-04-21,7.4,2021
1679,638449,en,The Last Letter from Your Lover,3.547,2021-07-23,7.397,608
1680,11416,en,The Mission,3.53,1986-09-24,7.4,1421
1681,4032,en,My Girl,3.788,1991-11-27,7.397,2119
1682,76589,en,Justice League: Doom,3.533,2012-02-28,7.395,866
1683,44012,fr,"Jeanne Dielman, 23, quai du Commerce, 1080 Bruxelles",4.067,1976-01-21,7.403,321
1684,13382,en,Rudolph the Red-Nosed Reindeer,3.782,1964-12-06,7.396,600
1685,8681,en,Taken,4.426,2008-02-18,7.395,11382
1686,2292,en,Clerks,4.535,1994-10-19,7.392,2539
1687,388,en,Inside Man,4.338,2006-03-17,7.395,5883
1688,843527,en,The Idea of You,3.722,2024-05-02,7.394,1634
1689,813258,en,Monster Pets: A Hotel Transylvania Short,3.544,2021-04-02,7.4,398
1690,273895,en,Selma,3.534,2014-12-25,7.4,2208
1691,3085,en,His Girl Friday,3.531,1940-01-18,7.4,849
1692,39356,en,Boy,3.539,2010-03-25,7.393,427
1693,37135,en,Tarzan,4.083,1999-06-18,7.4,6861
1694,21832,ja,Neon Genesis Evangelion: Death and Rebirth,3.535,1997-03-15,7.393,450
1695,4476,en,Legends of the Fall,3.786,1994-12-23,7.393,2619
1696,274109,es,Palm Trees in the Snow,3.572,2015-12-25,7.392,530
1697,14433,en,Zulu,3.531,1964-01-22,7.4,525
1698,350,en,The Devil Wears Prada,4.668,2006-06-29,7.392,12208
1699,5723,en,Once,3.784,2007-03-23,7.391,1325
1700,2898,en,As Good as It Gets,4.319,1997-12-19,7.391,3830
1701,290762,en,Miss You Already,3.534,2015-09-12,7.4,669
1702,26638,it,Red Desert,3.531,1964-09-04,7.389,463
1703,809107,en,Z-O-M-B-I-E-S 3,3.552,2022-07-09,7.4,396
1704,519010,es,Pain and Glory,4.296,2019-03-22,7.389,1799
1705,37094,en,Falling Down,4.282,1993-02-26,7.388,3720
1706,13199,en,American Me,3.53,1992-03-13,7.4,364
1707,713,en,The Piano,3.611,1993-05-18,7.4,1516
1708,17136,en,The Woman in the Window,3.531,1944-10-25,7.4,349
1709,11230,cn,Drunken Master,3.536,1978-10-05,7.4,973
1710,8810,en,Mad Max 2,3.123,1981-12-24,7.4,3820
1711,855,en,Black Hawk Down,4.092,2001-12-28,7.4,5847
1712,675445,en,PAW Patrol: The Movie,3.551,2021-08-09,7.386,1223
1713,637534,fr,The Stronghold,4.046,2021-08-18,7.385,1315
1714,45317,en,The Fighter,3.839,2010-12-10,7.386,4406
1715,9662,fr,The Triplets of Belleville,3.532,2003-06-11,7.4,951
1716,374461,en,Mr. Church,3.536,2016-09-16,7.4,472
1717,153,en,Lost in Translation,4.696,2003-09-18,7.4,7459
1718,339380,en,On the Basis of Sex,3.538,2018-12-25,7.384,1038
1719,15080,ja,Only Yesterday,3.866,1991-07-20,7.4,1117
1720,7863,en,Shine,3.53,1996-08-15,7.384,657
1721,427,fr,Mon Oncle,3.531,1958-05-10,7.4,553
1722,573435,en,Bad Boys: Ride or Die,5.381,2024-06-05,7.383,2794
1723,414425,en,Mudbound,3.537,2017-11-16,7.383,1231
1724,276624,ja,I Am a Hero,3.536,2016-04-23,7.383,436
1725,111969,en,Stuck in Love,3.539,2013-06-14,7.383,1928
1726,39148,ja,Dragon Ball: The Path to Power,3.542,1996-03-04,7.383,362
1727,25403,it,Dear Diary,3.567,1993-10-12,7.4,473
1728,14736,en,Love & Basketball,3.531,2000-04-21,7.4,435
1729,9361,en,The Last of the Mohicans,3.787,1992-08-26,7.383,3135
1730,621,en,Grease,4.615,1978-07-07,7.4,7301
1731,22803,en,Law Abiding Citizen,3.559,2009-10-15,7.382,5230
1732,876792,ja,That Time I Got Reincarnated as a Slime the Movie: Scarlet Bond,3.558,2022-11-25,7.4,405
1733,491584,ko,Burning,3.788,2018-05-17,7.38,1633
1734,20982,ja,Naruto Shippuden the Movie,3.575,2007-08-04,7.38,1014
1735,628,en,Interview with the Vampire,4.114,1994-11-11,7.38,5955
1736,484751,fr,Through the Fire,3.538,2018-11-28,7.4,676
1737,46838,en,Tucker and Dale vs. Evil,3.788,2010-01-22,7.4,2818
1738,5967,fr,The Umbrellas of Cherbourg,3.531,1964-02-19,7.4,800
1739,1669,en,The Hunt for Red October,4.325,1990-03-02,7.378,3343
1740,476299,en,Ghostland,3.537,2018-03-14,7.378,2466
1741,673595,en,"Maggie Simpson in ""Playdate with Destiny""",3.54,2020-02-29,7.377,354
1742,2899,fr,Asterix & Obelix: Mission Cleopatra,3.838,2002-01-30,7.4,3554
1743,2786,fr,Pierrot le Fou,3.786,1965-11-05,7.4,869
1744,65754,en,The Girl with the Dragon Tattoo,4.328,2011-12-14,7.375,7079
1745,284054,en,Black Panther,5.118,2018-02-13,7.375,22427
1746,88273,da,A Royal Affair,3.534,2012-03-29,7.375,882
1747,10024,en,My Sister's Keeper,3.792,2009-06-26,7.376,2121
1748,1542,en,Office Space,4.327,1999-02-19,7.373,3060
1749,818647,es,Through My Window,3.815,2022-02-04,7.373,3204
1750,4011,en,Beetlejuice,4.686,1988-03-30,7.374,7803
1751,508570,en,The One and Only Ivan,3.543,2020-08-21,7.4,588
1752,460555,zh,Operation Red Sea,3.537,2018-02-16,7.373,390
1753,303483,fr,Once in a Lifetime,3.534,2014-12-03,7.4,319
1754,7249,en,Futurama: Bender's Big Score,4.032,2007-11-27,7.362,697
1755,1645,en,A Time to Kill,3.781,1996-07-24,7.373,2588
1756,1245,en,The Remains of the Day,3.573,1993-11-05,7.373,1339
1757,140,es,Bad Education,3.543,2004-03-19,7.373,973
1758,376867,en,Moonlight,4.038,2016-10-21,7.372,7112
1759,25866,fr,The Sucker,3.531,1965-03-24,7.4,658
1760,17474,en,The Man in the Moon,3.53,1991-09-30,7.4,313
1761,11644,en,Blow Out,3.782,1981-07-24,7.371,1503
1762,6949,en,"What's Up, Doc?",3.53,1972-03-09,7.4,403
1763,874300,en,South Park: Post COVID: The Return of COVID,3.586,2021-12-16,7.4,424
1764,439584,it,I Can Quit Whenever I Want 3: Ad Honorem,3.542,2017-11-30,7.37,971
1765,408647,en,Teen Titans: The Judas Contract,3.536,2017-03-31,7.37,705
1766,249164,en,If I Stay,3.535,2014-08-21,7.4,4207
1767,615777,en,Babylon,4.439,2022-12-22,7.37,3267
1768,406385,it,I Can Quit Whenever I Want 2: Masterclass,3.791,2017-02-02,7.369,1222
1769,370172,en,No Time to Die,4.168,2021-09-29,7.368,6424
1770,49020,en,Submarine,4.033,2011-03-18,7.364,1476
1771,17681,en,Scooby-Doo! and the Witch's Ghost,3.532,1999-10-05,7.4,442
1772,1923,en,Twin Peaks: Fire Walk with Me,4.337,1992-06-03,7.4,1987
1773,527,en,Once Were Warriors,3.785,1994-09-02,7.4,440
1774,710356,en,2 Hearts,3.542,2020-10-16,7.4,582
1775,37799,en,The Social Network,5.745,2010-10-01,7.368,12305
1776,18988,en,The Lion in Winter,3.536,1968-08-20,7.368,355
1777,11881,en,Miracle on 34th Street,3.787,1947-06-04,7.4,765
1778,9462,cn,The Way of the Dragon,3.531,1972-12-30,7.4,1162
1779,1427,en,Perfume: The Story of a Murderer,3.568,2006-09-13,7.367,4637
1780,508763,en,A Dog's Way Home,3.538,2019-01-10,7.4,1118
1781,458131,en,The Best of Enemies,3.789,2019-04-05,7.372,435
1782,100271,ja,A Letter to Momo,3.783,2012-04-21,7.4,369
1783,8356,en,An Affair to Remember,3.781,1957-07-11,7.371,470
1784,157354,en,Fruitvale Station,3.539,2013-07-26,7.4,1305
1785,831405,en,Injustice,3.547,2021-10-09,7.4,781
1786,433247,en,First They Killed My Father,3.785,2017-02-18,7.4,673
1787,121986,en,Frances Ha,3.783,2013-05-17,7.4,1655
1788,81188,en,Rise of the Guardians,4.364,2012-11-21,7.4,6783
1789,80278,en,The Impossible,3.871,2012-09-09,7.364,6346
1790,64682,en,The Great Gatsby,4.878,2013-05-09,7.365,12358
1791,19100,fr,Those Happy Days,3.825,2006-06-28,7.364,1041
1792,16320,en,Serenity,4.537,2005-09-25,7.364,3573
1793,58,en,Pirates of the Caribbean: Dead Man's Chest,4.696,2006-07-06,7.364,16210
1794,1100099,en,We Live in Time,4.825,2024-10-10,7.4,711
1795,595975,fr,La Belle Époque,3.54,2019-11-06,7.4,1014
1796,307081,en,Southpaw,6.832,2015-03-24,7.363,5502
1797,4133,en,Blow,4.868,2001-04-04,7.36,4337
1798,756,en,Fantasia,4.108,1940-11-13,7.361,3096
1799,425,en,Ice Age,4.399,2002-03-10,7.361,13471
1800,14283,fr,The Red Violin,3.531,1998-11-13,7.361,420
1801,570661,de,The Collini Case,3.539,2019-04-18,7.4,399
1802,377263,fr,Frantz,3.535,2016-09-07,7.4,700
1803,293670,ko,The Wailing,3.536,2016-05-12,7.4,1787
1804,24182,it,"Dearest Relatives, Poisonous Relations",3.535,1992-03-26,7.4,329
1805,3110,en,Shane,3.531,1953-04-23,7.4,616
1806,258893,en,Scooby-Doo! WrestleMania Mystery,3.534,2014-03-11,7.4,320
1807,1116,en,The Wind That Shakes the Barley,3.537,2006-06-23,7.4,816
1808,116,en,Match Point,3.576,2005-10-26,7.358,4112
1809,12311,en,Mutiny on the Bounty,3.531,1935-11-22,7.4,339
1810,11710,de,The Enigma of Kaspar Hauser,3.53,1974-11-01,7.4,330
1811,2252,en,Eastern Promises,3.839,2007-09-14,7.4,3411
1812,649,fr,Belle de Jour,3.532,1967-05-24,7.4,911
1813,184,en,Jackie Brown,4.17,1997-12-25,7.358,6446
1814,49051,en,The Hobbit: An Unexpected Journey,5.132,2012-12-12,7.357,18642
1815,9090,en,"To Wong Foo, Thanks for Everything! Julie Newmar",3.53,1995-09-07,7.4,676
1816,3089,en,Red River,3.531,1948-08-26,7.4,536
1817,985,en,Eraserhead,3.57,1977-09-28,7.357,2491
1818,829280,en,Enola Holmes 2,3.596,2022-11-30,7.356,1494
1819,1151534,es,Nowhere,3.618,2023-09-29,7.355,1414
1820,387426,en,Okja,4.294,2017-06-28,7.354,4301
1821,318846,en,The Big Short,4.834,2015-12-11,7.356,9146
1822,4147,en,Road to Perdition,3.538,2002-07-12,7.4,3689
1823,2291,en,Jacob's Ladder,3.781,1990-11-02,7.355,1689
1824,740441,ko,Unlocked,3.559,2023-02-17,7.354,332
1825,425909,en,Ghostbusters: Afterlife,4.552,2021-11-18,7.353,4733
1826,37211,en,Scooby-Doo! and the Reluctant Werewolf,3.53,1988-11-13,7.4,318
1827,11206,en,Wait Until Dark,3.781,1967-10-26,7.359,542
1828,2757,en,Adaptation.,4.074,2002-12-06,7.354,2533
1829,488,en,The African Queen,4.281,1952-01-07,7.351,972
1830,457,de,Sissi,3.531,1955-12-22,7.354,480
1831,245913,en,Pelé: Birth of a Legend,3.786,2016-05-06,7.353,1087
1832,7862,de,The Counterfeiters,3.537,2007-03-22,7.353,624
1833,2756,en,The Abyss,3.57,1989-08-09,7.4,3067
1834,843847,en,Jerry & Marge Go Large,3.556,2022-10-20,7.4,366
1835,459151,en,The Boss Baby: Family Business,3.55,2021-07-01,7.352,2553
1836,12716,fr,My Father's Glory,3.53,1990-08-29,7.4,304
1837,6644,en,El Dorado,3.531,1966-12-17,7.4,538
1838,3766,en,The Lady from Shanghai,3.531,1947-12-24,7.4,667
1839,489930,en,Blindspotting,3.538,2018-07-20,7.4,670
1840,399404,en,Darkest Hour,4.538,2017-11-22,7.352,5156
1841,205220,en,Philomena,3.539,2013-11-01,7.351,1619
1842,10144,en,The Little Mermaid,4.085,1989-11-17,7.35,7983
1843,1554,en,Down by Law,3.53,1986-09-20,7.4,757
1844,508947,en,Turning Red,4.064,2022-03-10,7.35,5347
1845,22164,en,Blood and Bone,3.539,2009-02-07,7.35,790
1846,13321,en,Lifeboat,3.531,1944-01-28,7.3,442
1847,297,en,Meet Joe Black,4.13,1998-11-12,7.349,5300
1848,1083862,ja,Resident Evil: Death Island,3.566,2023-06-22,7.3,1011
1849,755339,pt,Just Another Christmas,3.543,2020-12-03,7.349,421
1850,544401,en,Cherry,3.561,2021-02-26,7.3,1292
1851,417320,en,Descendants 2,3.537,2017-07-21,7.3,1679
1852,14534,en,Rudy,3.53,1993-09-17,7.3,681
1853,840,en,Close Encounters of the Third Kind,3.825,1977-12-14,7.349,4287
1854,818750,en,The In Between,3.806,2022-02-11,7.348,762
1855,302528,en,Remember,3.784,2015-10-23,7.348,715
1856,11589,en,Kelly's Heroes,3.535,1970-06-22,7.348,738
1857,2798,fr,Oscar,3.531,1967-10-11,7.3,494
1858,658,en,Goldfinger,4.082,1964-09-20,7.3,3620
1859,624479,en,Superman II: The Richard Donner Cut,3.532,2006-11-02,7.3,330
1860,77016,en,End of Watch,3.834,2012-09-20,7.347,3305
1861,180,en,Minority Report,4.839,2002-06-20,7.346,8869
1862,801112,it,Kidnapped,3.564,2023-05-25,7.3,324
1863,140823,en,Saving Mr. Banks,3.534,2013-11-29,7.3,3324
1864,9504,en,Glengarry Glen Ross,3.78,1992-09-10,7.3,1417
1865,594,en,The Terminal,4.626,2004-06-17,7.345,8030
1866,212167,ja,Patema Inverted,3.783,2013-11-09,7.345,416
1867,38528,it,Horse Fever,3.53,1976-10-29,7.345,364
1868,27275,tr,G.O.R.A.,3.569,2004-11-12,7.345,332
1869,21484,fr,Possession,3.537,1981-05-27,7.3,1140
1870,17529,en,True Grit,3.531,1969-06-11,7.3,788
1871,16307,en,The Wicker Man,3.531,1973-12-06,7.3,1447
1872,14638,en,The Killers,3.531,1946-08-30,7.3,386
1873,7452,en,"The Cook, the Thief, His Wife & Her Lover",3.573,1989-10-13,7.3,639
1874,49361,it,Don't Torture a Duckling,3.53,1972-09-29,7.3,375
1875,37775,it,"Bianco, rosso e Verdone",3.53,1981-02-20,7.344,715
1876,11901,en,High Plains Drifter,3.532,1973-04-19,7.3,1180
1877,10647,en,Pay It Forward,3.782,2000-10-20,7.344,1841
1878,451048,en,Jungle Cruise,4.338,2021-07-28,7.343,5779
1879,381288,en,Split,4.151,2017-01-19,7.343,17537
1880,260,en,The 39 Steps,3.531,1935-06-06,7.3,964
1881,82690,en,Wreck-It Ralph,4.33,2012-11-01,7.342,12434
1882,57361,ko,The Yellow Sea,3.532,2010-12-22,7.3,512
1883,12776,it,Johnny Stecchino,3.53,1991-10-24,7.342,1026
1884,621013,en,Chemical Hearts,3.543,2020-08-21,7.3,1117
1885,297270,en,Tinker Bell and the Legend of the NeverBeast,3.538,2014-12-12,7.3,1115
1886,72478,pl,Suicide Room,3.532,2011-03-04,7.3,461
1887,672208,fa,A Hero,3.548,2021-12-15,7.34,334
1888,493529,en,Dungeons & Dragons: Honor Among Thieves,4.126,2023-03-23,7.34,3864
1889,433498,en,Papillon,3.58,2017-09-07,7.34,1961
1890,289222,en,The Zookeeper's Wife,3.536,2017-03-24,7.3,1505
1891,64847,ja,Belladonna of Sadness,3.53,1973-06-30,7.3,319
1892,964980,en,Air,4.141,2023-04-05,7.338,2009
1893,663260,fr,Black Box,3.803,2021-09-08,7.3,1274
1894,560057,en,The Sea Beast,3.554,2022-06-24,7.339,1512
1895,169881,en,The Physician,3.533,2013-12-25,7.339,1083
1896,118406,ja,Road to Ninja: Naruto the Movie,3.786,2012-07-28,7.339,1191
1897,66125,en,Red Dog,3.783,2011-08-04,7.34,401
1898,704,en,A Hard Day's Night,3.531,1964-07-07,7.3,688
1899,615643,en,Minari,3.545,2021-02-12,7.338,1646
1900,33701,fr,French Fried Vacation 2,3.824,1979-11-22,7.338,1215
1901,9065,de,Europa,3.53,1991-06-27,7.3,325
1902,759,en,Gentlemen Prefer Blondes,3.568,1953-07-14,7.3,978
1903,705996,ko,Decision to Leave,3.628,2022-06-29,7.337,1258
1904,587792,en,Palm Springs,4.799,2020-07-10,7.336,3218
1905,28055,it,Blood and Black Lace,3.531,1964-04-10,7.3,421
1906,13183,en,Watchmen,4.421,2009-03-04,7.337,9351
1907,866398,en,The Beekeeper,3.929,2024-01-08,7.336,3403
1908,407449,en,Lucky,3.793,2017-09-29,7.3,581
1909,75656,en,Now You See Me,5.18,2013-05-29,7.336,15674
1910,15764,en,Sophie's Choice,4.03,1982-12-08,7.339,862
1911,2056,en,The Station Agent,3.826,2003-12-05,7.336,688
1912,522369,en,Sorry We Missed You,3.54,2019-10-04,7.335,753
1913,1052,en,Blow-Up,3.531,1966-12-18,7.3,1259
1914,15003,th,Chocolate,3.532,2008-02-06,7.3,507
1915,342737,en,20th Century Women,3.535,2016-12-28,7.3,1146
1916,10549,en,Hamlet,3.53,1996-12-25,7.333,480
1917,5548,en,RoboCop,4.332,1987-07-17,7.332,5222
1918,429174,ru,Loveless,3.537,2017-06-01,7.3,754
1919,416477,en,The Big Sick,4.036,2017-03-30,7.329,2456
1920,324552,en,John Wick: Chapter 2,4.617,2017-02-08,7.331,13288
1921,315635,en,Spider-Man: Homecoming,4.369,2017-07-05,7.331,22040
1922,36208,en,A Dog's Life,3.536,1918-04-14,7.332,327
1923,874,en,A Man for All Seasons,3.531,1966-12-13,7.3,443
1924,377,en,A Nightmare on Elm Street,3.572,1984-11-09,7.3,5245
1925,61791,en,Rise of the Planet of the Apes,5.454,2011-08-03,7.331,12062
1926,9589,de,Christiane F.,3.53,1981-04-02,7.3,1341
1927,615666,en,A Boy Called Christmas,3.548,2021-11-24,7.33,752
1928,191714,hi,The Lunchbox,3.783,2013-09-20,7.33,722
1929,132363,en,The Butler,3.871,2013-08-16,7.33,2889
1930,119450,en,Dawn of the Planet of the Apes,5.988,2014-07-08,7.3,11581
1931,890980,es,God's Crooked Lines,3.556,2022-10-06,7.329,697
1932,21348,fr,Kirikou and the Sorceress,3.531,1998-12-09,7.3,1103
1933,13688,cn,CJ7,3.532,2008-01-30,7.3,722
1934,10975,cn,Operation Condor,3.53,1991-02-07,7.3,563
1935,239877,it,The Mafia Kills Only in Summer,3.533,2013-11-28,7.328,1110
1936,2841,fr,A Very Long Engagement,4.08,2004-10-27,7.328,1224
1937,2134,en,The Time Machine,3.782,1960-05-25,7.328,838
1938,228,de,The Blue Angel,3.536,1930-04-01,7.3,316
1939,88,en,Dirty Dancing,4.331,1987-08-21,7.3,6187
1940,504608,en,Rocketman,4.547,2019-05-17,7.326,4711
1941,34647,en,Enter the Void,3.819,2009-06-17,7.3,1816
1942,15392,en,Crossroads,3.53,1986-03-14,7.3,437
1943,31522,fr,A Woman Is a Woman,3.531,1961-09-06,7.3,374
1944,1830,en,Lord of War,4.339,2005-09-16,7.326,4877
1945,802,en,Lolita,3.544,1962-06-13,7.3,2095
1946,15255,en,Undisputed II: Last Man Standing,3.544,2006-04-11,7.3,827
1947,13008,en,An American Crime,3.532,2007-07-27,7.3,708
1948,470,en,21 Grams,3.549,2003-09-06,7.3,3160
1949,506528,en,Harriet,3.542,2019-11-01,7.3,810
1950,122917,en,The Hobbit: The Battle of the Five Armies,7.8,2014-12-10,7.3,14480
1951,11673,fr,Cyrano de Bergerac,3.53,1990-03-28,7.324,770
1952,442065,en,The Last Full Measure,3.54,2020-01-23,7.3,451
1953,90369,en,Now Is Good,3.533,2012-09-19,7.3,1082
1954,82695,en,Les Misérables,4.077,2012-12-18,7.323,5319
1955,9560,en,A Walk in the Clouds,3.536,1995-05-27,7.323,1036
1956,7979,en,The Kite Runner,4.645,2007-12-14,7.324,1165
1957,360365,es,Tini: The New Life of Violetta,3.535,2016-05-04,7.3,387
1958,250538,en,The Good Lie,3.534,2014-09-10,7.3,493
1959,242643,en,Batman: Assault on Arkham,3.534,2014-08-12,7.3,1130
1960,54138,en,Star Trek Into Darkness,4.324,2013-05-05,7.322,9183
1961,43316,en,All That Heaven Allows,3.531,1955-12-25,7.3,307
1962,18785,en,The Hangover,4.987,2009-06-02,7.321,17105
1963,12140,ja,Ghost in the Shell 2: Innocence,3.531,2004-03-06,7.3,873
1964,11101,de,Stalingrad,3.541,1993-01-20,7.3,563
1965,2666,en,Dark City,4.327,1998-02-27,7.322,2868
1966,205587,en,The Judge,5.787,2014-10-08,7.3,4137
1967,112198,fr,What's in a Name,3.828,2012-04-25,7.321,1709
1968,2502,en,The Bourne Supremacy,4.91,2004-07-23,7.321,7610
1969,134,en,"O Brother, Where Art Thou?",4.619,2000-08-30,7.32,4218
1970,912598,ja,Bubble,3.798,2022-02-14,7.32,427
1971,332270,ru,Battle for Sevastopol,3.534,2015-04-02,7.3,464
1972,47735,sv,Summer with Monika,3.531,1953-02-09,7.3,356
1973,14447,en,A Matter of Loaf and Death,4.038,2008-12-25,7.3,539
1974,3131,en,Gangs of New York,4.377,2002-12-14,7.319,6717
1975,866,en,Finding Neverland,3.819,2004-10-17,7.32,3579
1976,634544,en,Uncle Frank,3.543,2020-11-25,7.313,410
1977,603661,en,The Hating Game,3.549,2021-12-09,7.3,1082
1978,44018,fr,Vagabond,3.53,1985-12-04,7.3,317
1979,26900,tr,The Bandit,3.53,1996-11-29,7.319,323
1980,9385,fr,The Twelve Tasks of Asterix,4.031,1976-06-26,7.318,1253
1981,1429,en,25th Hour,3.532,2002-12-19,7.3,2385
1982,583406,en,Judas and the Black Messiah,3.544,2021-02-12,7.3,1556
1983,16234,en,Batman Beyond: Return of the Joker,3.531,2000-12-12,7.3,1123
1984,965,en,The Magnificent Ambersons,3.531,1942-07-10,7.3,432
1985,926393,en,The Equalizer 3,3.88,2023-08-30,7.318,3181
1986,545609,en,Extraction,3.551,2020-04-23,7.3,6161
1987,259316,en,Fantastic Beasts and Where to Find Them,5.454,2016-11-16,7.3,18947
1988,14645,fr,Santa Claus Is a Stinker,3.824,1982-08-25,7.317,998
1989,7340,en,Carrie,3.784,1976-11-03,7.3,3925
1990,255,fr,Stolen Kisses,3.531,1968-09-04,7.3,429
1991,25793,en,Precious,3.532,2009-11-06,7.3,1646
1992,7445,en,Brothers,4.039,2009-12-02,7.315,3654
1993,668461,en,Slumberland,3.555,2022-11-18,7.3,849
1994,167073,en,Brooklyn,3.578,2015-10-20,7.315,3108
1995,13635,fr,Mesrine: Killer Instinct,3.538,2008-10-22,7.3,936
1996,4543,en,Monty Python's The Meaning of Life,4.567,1983-03-31,7.313,1927
1997,400617,en,Phantom Thread,4.037,2017-12-25,7.3,3514
1998,1056360,en,American Fiction,3.884,2023-11-10,7.312,1081
1999,931102,zh,Ride On,3.561,2023-04-07,7.3,359
2000,535356,es,Elisa & Marcela,3.539,2019-05-24,7.3,383
2001,508642,ko,Gonjiam: Haunted Asylum,3.539,2018-03-28,7.3,740
2002,18311,cn,Days of Being Wild,3.535,1990-12-15,7.3,495
2003,486947,da,The Guilty,3.543,2018-02-22,7.3,1702
2004,25623,ja,House,3.53,1977-08-26,7.3,675
2005,687,en,Dead Man Walking,3.573,1995-12-29,7.3,1370
2006,23550,it,His Secret Life,3.542,2001-03-16,7.311,567
2007,15384,zh,Red Cliff II,3.532,2009-01-07,7.3,450
2008,11502,pl,Knife in the Water,3.531,1962-03-09,7.3,433
2009,9539,fr,Martyrs,3.533,2008-06-12,7.3,2751
2010,4816,en,Ghost Dog: The Way of the Samurai,3.536,1999-10-06,7.311,1245
2011,959604,fr,Beating Hearts,4.527,2024-10-16,7.31,637
2012,10911,en,The Guns of Navarone,3.531,1961-04-27,7.3,795
2013,10312,en,Patch Adams,3.792,1998-12-25,7.31,3238
2014,10234,de,Funny Games,3.532,1997-08-23,7.31,1860
2015,801,en,"Good Morning, Vietnam",4.031,1987-12-23,7.3,2782
2016,440596,en,Kiss and Cry,3.535,2017-02-10,7.3,409
2017,1265,en,Bridge to Terabithia,4.082,2007-02-15,7.3,4873
2018,454626,en,Sonic the Hedgehog,5.123,2020-02-12,7.3,9823
2019,15601,en,Scooby-Doo! and the Cyber Chase,3.532,2001-10-09,7.3,525
2020,615173,ko,The Witch: Part 2. The Other One,3.571,2022-06-15,7.3,352
2021,604605,ja,Hello World,3.79,2019-09-20,7.307,373
2022,269258,de,Head Full of Honey,3.534,2014-12-25,7.3,353
2023,57212,en,War Horse,3.544,2011-12-25,7.3,3439
2024,11305,en,Mystery Train,3.53,1989-09-06,7.307,449
2025,861,en,Total Recall,4.869,1990-06-01,7.306,5901
2026,837335,it,La Chimera,3.898,2023-10-12,7.3,438
2027,626735,en,Dog,3.837,2022-02-17,7.306,1598
2028,265712,ja,Stand by Me Doraemon,3.535,2014-08-08,7.3,534
2029,4771,en,Gone Baby Gone,3.571,2007-09-18,7.3,3833
2030,396263,ja,GANTZ:O,3.536,2016-10-14,7.3,763
2031,10669,en,Deliverance,3.568,1972-08-18,7.3,1626
2032,901362,en,Trolls Band Together,3.581,2023-10-12,7.3,882
2033,420809,en,Maleficent: Mistress of Evil,4.044,2019-10-16,7.303,6172
2034,65229,fr,Tomboy,3.532,2011-04-20,7.3,695
2035,44264,en,True Grit,3.87,2010-12-22,7.304,5322
2036,557,en,Spider-Man,5.275,2002-05-01,7.304,19410
2037,438148,en,Minions: The Rise of Gru,3.56,2022-06-29,7.3,3686
2038,304357,en,Woman in Gold,3.823,2015-03-20,7.3,1386
2039,21032,en,Balto,3.53,1995-12-22,7.303,2051
2040,12902,en,Scooby-Doo! and the Loch Ness Monster,3.531,2004-05-20,7.3,427
2041,2977,en,Becoming Jane,3.539,2007-03-02,7.3,1182
2042,576845,en,Last Night in Soho,3.885,2021-10-21,7.301,3502
2043,45612,en,Source Code,4.84,2011-03-30,7.301,8455
2044,13932,en,Jack-Jack Attack,3.568,2005-03-15,7.302,940
2045,420814,en,Christopher Robin,4.04,2018-08-01,7.3,2747
2046,46919,cs,Daisies,3.531,1966-12-30,7.3,379
2047,15362,fr,Mesrine: Public Enemy #1,3.533,2008-11-19,7.3,884
2048,11886,en,Robin Hood,4.069,1973-11-08,7.3,4392
2049,892,fr,Delicatessen,4.074,1991-04-17,7.301,1480
2050,80184,es,The Hidden Face,3.533,2011-09-16,7.3,1054
2051,9571,en,Dazed and Confused,3.787,1993-09-24,7.3,2078
2052,6404,de,Nosferatu the Vampyre,3.536,1979-01-17,7.3,967
2053,23566,en,Barbie and the Three Musketeers,3.533,2009-09-15,7.299,684
2054,8337,en,They Live,4.068,1988-11-04,7.299,3113
2055,6619,it,Death in Venice,3.53,1971-03-05,7.3,488
2056,590223,en,Love and Monsters,3.595,2020-10-16,7.3,4089
2057,338766,en,Hell or High Water,3.575,2016-08-11,7.3,4521
2058,318121,en,The Fundamentals of Caring,3.541,2016-06-16,7.297,2187
2059,356296,it,Suburra,3.534,2015-10-14,7.297,1269
2060,49538,en,X-Men: First Class,0.201,2011-06-01,7.296,12873
2061,36728,ja,Naruto Shippuden the Movie: The Will of Fire,3.571,2009-08-01,7.297,474
2062,11537,cn,Snake in the Eagle's Shadow,3.53,1978-03-01,7.3,320
2063,813,en,Airplane!,4.038,1980-07-02,7.296,4585
2064,583689,en,Moxie,3.544,2021-03-03,7.296,803
2065,30061,en,Justice League: Crisis on Two Earths,3.532,2010-02-23,7.3,712
2066,28118,en,The Gruffalo,3.532,2009-12-25,7.3,314
2067,17111,th,Shutter,3.533,2004-09-09,7.3,1245
2068,9502,en,Kung Fu Panda,4.743,2008-06-04,7.296,11805
2069,87,en,Indiana Jones and the Temple of Doom,4.837,1984-05-23,7.296,9424
2070,3,fi,Shadows in Paradise,3.53,1986-10-17,7.3,404
2071,390497,ko,Tunnel,3.536,2016-08-10,7.3,589
2072,58857,ja,13 Assassins,3.532,2010-09-09,7.3,1143
2073,38142,ja,5 Centimeters per Second,4.076,2007-03-03,7.295,1976
2074,922,en,Dead Man,3.785,1995-12-23,7.294,1591
2075,449406,en,Vivo,3.546,2021-07-30,7.294,710
2076,14551,en,Winchester '73,3.531,1950-07-12,7.3,361
2077,3109,en,The Quiet Man,3.531,1952-07-21,7.3,540
2078,3063,en,Duck Soup,4.031,1933-11-12,7.287,786
2079,1491,en,The Illusionist,3.827,2006-08-18,7.294,4959
2080,493922,en,Hereditary,4.802,2018-06-07,7.293,7835
2081,408220,en,Justice League Dark,3.535,2017-01-24,7.3,1066
2082,228194,en,The Hundred-Foot Journey,3.822,2014-08-06,7.293,1449
2083,13446,en,Withnail & I,3.535,1987-06-19,7.3,564
2084,199,en,Star Trek: First Contact,4.031,1996-11-22,7.288,1791
2085,104,de,Run Lola Run,4.068,1998-08-20,7.3,2306
2086,118412,ja,Berserk: The Golden Age Arc II - The Battle for Doldrey,3.534,2012-06-23,7.3,421
2087,39108,ja,Dragon Ball Z: Wrath of the Dragon,3.534,1995-07-15,7.3,730
2088,25673,en,A Place in the Sun,3.531,1951-06-12,7.3,389
2089,19913,en,(500) Days of Summer,4.123,2009-07-17,7.3,10314
2090,93289,fr,Now Where Did the Seventh Company Get to?,3.53,1973-05-24,7.3,357
2091,36040,en,Walkabout,3.567,1971-07-01,7.3,404
2092,21450,en,Naked,3.78,1993-09-14,7.3,581
2093,121642,it,Twice Born,3.533,2012-09-13,7.3,453
2094,11948,ja,"Merry Christmas, Mr. Lawrence",3.53,1983-05-28,7.3,472
2095,10938,en,Beautiful Thing,3.53,1996-06-21,7.3,312
2096,637693,en,Spirit Untamed,3.545,2021-05-20,7.3,523
2097,550231,en,The Secret: Dare to Dream,3.541,2020-04-16,7.3,616
2098,416494,en,Status Update,3.538,2018-02-09,7.3,538
2099,259693,en,The Conjuring 2,3.806,2016-06-08,7.289,8511
2100,258230,en,A Monster Calls,3.8,2016-10-07,7.29,3376
2101,3176,ja,Battle Royale,3.538,2000-12-16,7.289,3471
2102,779,de,Vampyr,3.531,1932-05-06,7.3,536
2103,298582,en,Full Out,3.534,2015-09-11,7.3,339
2104,53457,fr,Sarah's Key,3.532,2010-09-16,7.3,682
2105,40794,it,Loose Cannons,3.537,2010-02-12,7.3,780
2106,558,en,Spider-Man 2,2.173,2004-06-25,7.288,15353
2107,177,en,The Fisher King,3.78,1991-09-20,7.288,1359
2108,754609,en,Mrs. Harris Goes to Paris,3.554,2022-07-15,7.287,439
2109,744857,es,When Evil Lurks,3.618,2023-10-05,7.287,1090
2110,20620,en,Seconds,3.531,1966-10-05,7.3,367
2111,15487,en,The Greatest Game Ever Played,3.537,2005-09-30,7.287,493
2112,11426,en,From Here to Eternity,3.532,1953-08-28,7.287,641
2113,10112,en,The Aristocats,3.573,1970-12-24,7.287,5067
2114,2640,en,Heathers,3.537,1988-10-01,7.3,1730
2115,809,en,Shrek 2,5.448,2004-05-19,7.287,12534
2116,114150,en,Pitch Perfect,4.112,2012-09-28,7.285,6579
2117,889699,fa,Holy Spider,3.553,2022-07-13,7.3,423
2118,610120,en,Anima,3.539,2019-06-27,7.284,443
2119,571468,it,Freaks Out,3.835,2021-10-28,7.286,906
2120,446893,en,Trolls World Tour,3.544,2020-03-11,7.285,2155
2121,53565,en,Steamboat Willie,3.531,1928-05-15,7.3,562
2122,11647,cn,Infernal Affairs II,3.531,2003-10-01,7.285,427
2123,9587,en,Little Women,3.531,1994-12-21,7.3,1246
2124,2759,en,"The Adventures of Priscilla, Queen of the Desert",3.53,1994-05-31,7.3,815
2125,1071806,th,Hunger,3.811,2023-04-04,7.284,423
2126,14554,en,Bad Day at Black Rock,3.531,1955-01-13,7.3,373
2127,941,en,Lethal Weapon,4.869,1987-03-06,7.283,4629
2128,9550,zh,House of Flying Daggers,3.82,2004-05-19,7.283,1654
2129,1433,es,The Devil's Backbone,3.531,2001-04-20,7.3,1235
2130,30497,en,The Texas Chain Saw Massacre,3.569,1974-10-11,7.283,3397
2131,14621,en,Lean On Me,3.53,1989-03-03,7.3,309
2132,11943,en,Jeremiah Johnson,3.567,1972-09-10,7.282,615
2133,432616,fr,Promise at Dawn,3.537,2017-12-20,7.3,490
2134,34653,en,A Single Man,3.782,2009-12-11,7.282,1554
2135,10654,en,Hair,3.53,1979-03-15,7.3,669
2136,60308,en,Moneyball,4.091,2011-09-23,7.28,5253
2137,11963,en,Three Days of the Condor,3.567,1975-09-24,7.3,1186
2138,9837,en,The Prince of Egypt,3.789,1998-12-16,7.281,4014
2139,2270,en,Stardust,4.071,2007-08-10,7.281,4114
2140,1262,en,Stranger Than Fiction,3.781,2006-09-09,7.28,2323
2141,764,en,The Evil Dead,3.857,1981-09-10,7.3,4077
2142,453278,en,The Rider,3.537,2018-03-28,7.3,498
2143,156022,en,The Equalizer,6.305,2014-09-24,7.279,9229
2144,15774,hi,Swades,3.531,2004-12-17,7.3,331
2145,14320,en,Great Expectations,3.531,1946-12-26,7.3,342
2146,11499,en,Frost/Nixon,4.038,2008-10-15,7.3,1193
2147,68734,en,Argo,4.592,2012-10-11,7.278,8371
2148,11663,en,The Commitments,3.53,1991-08-14,7.278,552
2149,9325,en,The Jungle Book,4.074,1967-10-18,7.277,6321
2150,1367,en,Rocky II,4.069,1979-06-15,7.277,4449
2151,36940,it,The First Beautiful Thing,3.543,2010-01-15,7.3,508
2152,21956,en,Scooby-Doo! and the Monster of Mexico,3.531,2003-09-30,7.3,320
2153,17814,en,Assault on Precinct 13,3.823,1976-10-08,7.277,1099
2154,4107,en,Bloody Sunday,3.531,2002-01-16,7.277,316
2155,899112,en,Violent Night,3.558,2022-11-30,7.3,2257
2156,79120,en,Weekend,3.533,2011-10-23,7.3,532
2157,690,fr,Pickpocket,3.568,1959-12-16,7.276,520
2158,842675,zh,The Wandering Earth II,3.559,2023-01-22,7.3,598
2159,407448,en,Detroit,3.542,2017-07-28,7.3,1642
2160,284689,en,Testament of Youth,3.534,2014-10-14,7.3,757
2161,44741,it,Malicious,3.53,1973-03-29,7.3,313
2162,11197,sv,Evil,3.781,2003-09-16,7.277,350
2163,11190,ru,The Return,3.536,2003-06-25,7.3,644
2164,381,en,To Catch a Thief,3.531,1955-08-03,7.3,1524
2165,498248,fr,Mia and the White Lion,3.587,2018-08-02,7.3,875
2166,259761,xx,Lights Out,3.533,2013-12-30,7.274,370
2167,10440,en,Manhattan Murder Mystery,3.535,1993-05-02,7.3,1097
2168,10397,en,Angela's Ashes,3.531,1999-12-25,7.274,323
2169,449924,cn,Ip Man 4: The Finale,1.381,2019-12-19,7.273,1975
2170,9603,en,Clueless,4.538,1995-07-19,7.272,4477
2171,590,en,The Hours,4.107,2002-12-27,7.273,1748
2172,379291,en,Justice League vs. Teen Titans,3.785,2016-03-26,7.272,969
2173,300671,en,13 Hours: The Secret Soldiers of Benghazi,3.54,2016-01-14,7.272,3625
2174,1802,fr,La Ceremonie,3.53,1995-08-30,7.3,351
2175,99861,en,Avengers: Age of Ultron,5.119,2015-04-22,7.271,23272
2176,1572,en,Die Hard: With a Vengeance,4.664,1995-05-19,7.27,6198
2177,18183,es,Like Water for Chocolate,3.78,1992-04-16,7.3,513
2178,10794,en,The Party,3.531,1968-04-04,7.3,781
2179,8923,en,Green Street Hooligans,3.607,2005-09-09,7.3,2385
2180,8393,en,The Gods Must Be Crazy,3.531,1980-09-10,7.3,1178
2181,424488,en,Megan Leavey,3.537,2017-06-09,7.3,784
2182,399366,es,Marrowbone,3.575,2017-10-27,7.3,1630
2183,271674,en,Suite Française,3.534,2015-03-12,7.269,1106
2184,16646,ru,Russian Ark,3.531,2002-05-22,7.269,465
2185,13597,en,Labyrinth,4.287,1986-06-27,7.3,2486
2186,11450,en,Quiz Show,3.53,1994-08-25,7.3,915
2187,6145,en,Fracture,3.571,2007-04-19,7.269,3963
2188,13933,en,One Man Band,3.568,2005-06-21,7.268,570
2189,10722,es,The Day of the Beast,3.53,1995-10-20,7.262,543
2190,594328,en,Phineas and Ferb the Movie: Candace Against the Universe,3.581,2020-08-27,7.267,376
2191,13920,en,Radio,3.537,2003-10-24,7.3,741
2192,12614,en,Victor/Victoria,3.53,1982-04-25,7.3,417
2193,11868,en,Dracula,3.531,1958-04-21,7.3,624
2194,453395,en,Doctor Strange in the Multiverse of Madness,4.141,2022-05-04,7.265,9394
2195,57447,it,The House with Laughing Windows,3.567,1976-08-20,7.266,355
2196,19067,en,The Duellists,3.53,1977-08-31,7.3,564
2197,17159,en,Eddie Murphy Raw,3.53,1987-11-25,7.3,335
2198,14003,ja,Fullmetal Alchemist the Movie: Conqueror of Shamballa,3.568,2005-07-21,7.3,357
2199,547258,fr,Play,3.544,2019-09-04,7.265,351
2200,50848,fr,The Names of Love,3.532,2010-11-24,7.265,310
2201,9474,it,My Name Is Nobody,3.53,1973-12-13,7.3,966
2202,5506,en,The Ladykillers,3.531,1955-12-08,7.265,486
2203,340,en,Everything Is Illuminated,3.782,2005-09-05,7.265,767
2204,663870,da,Riders of Justice,3.543,2020-11-19,7.264,898
2205,140607,en,Star Wars: The Force Awakens,5.94,2015-12-15,7.263,19602
2206,10009,en,Brother Bear,4.148,2003-10-23,7.263,5473
2207,987,en,The Front Page,3.53,1974-11-01,7.3,348
2208,413279,en,Team Thor,3.535,2016-08-28,7.3,541
2209,360606,en,Adventures in Babysitting,3.535,2016-06-24,7.263,419
2210,16227,en,Dark Passage,3.531,1947-09-05,7.3,327
2211,13283,en,Barbie as the Island Princess,3.533,2007-09-17,7.3,737
2212,1791,fr,The Piano Teacher,3.782,2001-09-05,7.266,1132
2213,837,en,Videodrome,3.541,1983-02-04,7.3,2242
2214,286192,en,Lava,3.784,2014-10-10,7.262,1084
2215,64956,en,Inception: The Cobol Job,3.532,2010-12-07,7.3,304
2216,50646,en,"Crazy, Stupid, Love.",4.134,2011-07-29,7.262,8664
2217,11929,en,Dolores Claiborne,3.53,1995-03-24,7.262,780
2218,1114513,en,Speak No Evil,4.248,2024-09-11,7.261,1322
2219,1076487,en,Warhorse One,3.569,2023-06-30,7.3,301
2220,24748,en,Hud,3.531,1963-05-28,7.3,322
2221,509,en,Notting Hill,4.627,1999-05-21,7.261,6206
2222,497582,en,Enola Holmes,4.047,2020-09-23,7.258,6115
2223,318781,en,Colonia,3.784,2015-06-24,7.26,1903
2224,9473,en,"South Park: Bigger, Longer & Uncut",4.07,1999-06-30,7.3,2722
2225,2277,en,Bicentennial Man,4.282,1999-12-17,7.258,3658
2226,391713,en,Lady Bird,4.668,2017-09-01,7.26,8617
2227,19908,en,Zombieland,4.329,2009-10-02,7.259,12418
2228,17687,en,The Public Enemy,3.531,1931-04-23,7.3,350
2229,785663,en,Old Henry,3.797,2021-10-01,7.258,589
2230,2639,en,Deconstructing Harry,3.531,1997-12-12,7.3,974
2231,285,en,Pirates of the Caribbean: At World's End,4.715,2007-05-19,7.258,14571
2232,76543,en,Tyrannosaur,3.533,2011-10-07,7.257,455
2233,17581,ja,Naruto Shippuden the Movie: Bonds,3.571,2008-08-02,7.256,483
2234,15600,en,Missing,3.53,1982-02-12,7.3,391
2235,2657,en,Pleasantville,4.281,1998-09-17,7.3,1709
2236,451,en,Leaving Las Vegas,4.105,1995-10-27,7.3,1474
2237,298115,en,Dragons: Dawn of the Dragon Racers,3.534,2014-11-01,7.3,349
2238,197082,fr,Venus in Fur,3.533,2013-05-28,7.3,695
2239,43266,en,How Green Was My Valley,3.531,1941-10-28,7.3,408
2240,33954,it,The Hawks and the Sparrows,3.531,1966-05-04,7.3,347
2241,12162,en,The Hurt Locker,4.058,2008-10-10,7.255,5698
2242,1598,en,Cape Fear,3.53,1991-11-13,7.3,3492
2243,1029575,en,The Family Plan,3.883,2023-12-14,7.254,1467
2244,969492,en,Land of Bad,3.904,2024-02-09,7.3,1229
2245,546121,en,Run,3.581,2020-11-20,7.3,2613
2246,403450,it,At War for Love,3.535,2016-10-27,7.254,511
2247,16620,en,La Bamba,3.825,1987-07-24,7.254,723
2248,4710,fr,Masculin Féminin,3.531,1966-03-22,7.3,393
2249,112949,en,Safe Haven,3.533,2013-02-07,7.3,2329
2250,19120,it,Juliet of the Spirits,3.531,1965-10-22,7.3,318
2251,8363,en,Superbad,4.65,2007-03-20,7.252,7457
2252,2609,en,"Planes, Trains and Automobiles",4.281,1987-11-26,7.252,1964
2253,555285,en,"Are You There God? It's Me, Margaret.",3.569,2023-03-29,7.249,403
2254,9833,en,The Phantom of the Opera,3.571,2004-12-08,7.3,1652
2255,9652,it,The Passenger,3.567,1975-02-28,7.249,497
2256,8374,en,The Boondock Saints,3.787,1999-01-22,7.3,2451
2257,330457,en,Frozen II,4.662,2019-11-20,7.25,9842
2258,152780,fr,The Past,3.533,2013-05-17,7.3,562
2259,37136,en,The Naked Gun: From the Files of Police Squad!,4.61,1988-12-02,7.25,3785
2260,12900,en,Conspiracy,3.536,2001-05-19,7.3,416
2261,10360,en,Hunger,3.534,2008-05-15,7.253,1127
2262,9609,en,Of Mice and Men,3.53,1992-09-16,7.251,653
2263,211387,en,Marvel One-Shot: Agent Carter,3.534,2013-10-04,7.25,789
2264,19666,hi,Lagaan: Once Upon a Time in India,3.531,2001-06-15,7.2,581
2265,10501,en,The Road to El Dorado,4.574,2000-03-31,7.248,3790
2266,948713,en,The Last Kingdom: Seven Kings Must Die,4.062,2023-04-14,7.249,707
2267,667538,en,Transformers: Rise of the Beasts,3.776,2023-06-06,7.249,4832
2268,317557,en,Queen of Katwe,3.536,2016-09-23,7.249,437
2269,250480,en,The Many Adventures of Winnie the Pooh,3.543,1977-03-11,7.249,1059
2270,11713,zh,Fist of Fury,3.537,1972-03-22,7.2,967
2271,766,en,Army of Darkness,3.818,1992-10-31,7.249,3223
2272,67884,es,Chinese Take-Away,3.533,2011-03-24,7.248,404
2273,45958,es,Biutiful,4.081,2010-10-20,7.248,1115
2274,11035,it,Roma,3.53,1972-03-16,7.2,327
2275,1725,en,West Side Story,4.031,1961-12-13,7.243,1905
2276,69735,en,Batman: Year One,3.533,2011-09-27,7.2,969
2277,37724,en,Skyfall,4.411,2012-10-24,7.246,15345
2278,14202,en,The Painted Veil,3.788,2006-12-09,7.247,1182
2279,11489,fr,Rosetta,3.531,1999-09-29,7.2,300
2280,323677,en,Race,3.786,2016-02-19,7.246,1544
2281,323661,fr,Mune: Guardian of the Moon,4.072,2015-02-05,7.244,547
2282,109445,en,Frozen,4.992,2013-11-20,7.2,16741
2283,20352,en,Despicable Me,4.917,2010-07-08,7.2,15283
2284,15152,fr,"OSS 117: Cairo, Nest of Spies",3.825,2006-04-19,7.246,1749
2285,14047,en,The Great Debaters,3.532,2007-12-25,7.2,636
2286,912908,en,Strays,3.821,2023-08-17,7.245,872
2287,375315,fa,The Salesman,3.536,2016-06-24,7.245,872
2288,353577,en,Love at First Sight,4.071,2023-09-15,7.245,601
2289,25205,fr,The Concert,3.532,2009-11-04,7.2,504
2290,246,ja,Zatoichi,3.531,2003-09-06,7.2,875
2291,417678,en,"Everything, Everything",4.038,2017-05-18,7.244,3690
2292,399055,en,The Shape of Water,4.803,2017-12-01,7.243,12252
2293,392982,en,Marshall,3.537,2017-10-13,7.244,621
2294,72570,en,The Vow,3.534,2012-02-05,7.2,4077
2295,830,en,Forbidden Planet,3.532,1956-03-23,7.244,953
2296,465136,en,Every Day,3.543,2018-02-22,7.2,2232
2297,11051,en,The Last Temptation of Christ,3.818,1988-05-28,7.243,1079
2298,70670,no,Headhunters,3.533,2011-08-26,7.2,1255
2299,902,fr,The City of Lost Children,4.03,1995-05-17,7.242,1112
2300,51497,en,Fast Five,0.381,2011-04-20,7.241,8313
2301,44874,en,Barbie: A Fashion Fairytale,3.569,2010-09-14,7.241,761
2302,11816,en,On Golden Pond,3.78,1981-12-04,7.246,475
2303,11368,en,Blood Simple,3.824,1984-03-26,7.241,1454
2304,10559,en,Frequency,4.032,2000-04-28,7.2,1811
2305,846214,en,"The Good, the Bart, and the Loki",3.545,2021-07-07,7.2,671
2306,346364,en,It,2.151,2017-09-06,7.24,19230
2307,949423,en,Pearl,3.965,2022-09-16,7.24,2117
2308,793998,fr,Happening,3.585,2021-11-04,7.24,437
2309,425373,en,The Miracle Season,3.537,2018-04-13,7.239,306
2310,9701,en,North Country,3.531,2005-02-12,7.2,669
2311,1716,fr,The Last Metro,3.53,1980-09-17,7.239,487
2312,850,en,A Christmas Story,3.53,1983-11-18,7.239,1280
2313,923939,en,The Wonderful Story of Henry Sugar,4.36,2023-09-20,7.239,1052
2314,399579,en,Alita: Battle Angel,4.63,2019-01-31,7.237,9322
2315,35690,en,The Last Song,3.782,2010-03-31,7.2,3313
2316,18947,en,The Boat That Rocked,3.571,2009-04-01,7.238,2128
2317,11986,fr,Betty Blue,3.78,1986-04-09,7.2,416
2318,436343,hu,On Body and Soul,3.786,2017-03-02,7.237,557
2319,121875,fr,In the House,3.783,2012-09-26,7.2,846
2320,12622,ja,Violent Cop,3.824,1989-08-12,7.237,382
2321,10795,fr,Tell No One,3.827,2006-11-01,7.2,1418
2322,4588,zh,"Lust, Caution",3.532,2007-09-24,7.2,710
2323,73624,pt,The Man from the Future,3.533,2011-09-02,7.2,356
2324,25846,it,Baaria,3.532,2009-09-25,7.236,638
2325,10139,en,Milk,3.533,2008-11-05,7.236,2227
2326,8844,en,Jumanji,1.171,1995-12-15,7.2,10676
2327,1850,en,Man on the Moon,4.282,1999-12-22,7.233,1810
2328,403,en,Driving Miss Daisy,3.78,1989-12-13,7.237,1612
2329,837881,en,She Said,3.561,2022-11-17,7.235,617
2330,614696,ko,#Alive,4.293,2020-06-24,7.235,1864
2331,296098,en,Bridge of Spies,4.591,2015-10-15,7.235,6881
2332,129112,ar,Wadjda,3.533,2012-08-31,7.2,488
2333,11072,en,Blazing Saddles,4.035,1974-02-07,7.2,1903
2334,3121,en,Nashville,3.78,1975-06-11,7.236,407
2335,245168,en,Suffragette,3.534,2015-10-16,7.2,1620
2336,9078,en,The Sword in the Stone,4.072,1963-12-25,7.2,3871
2337,8424,fr,Love Me If You Dare,3.781,2003-09-17,7.234,1802
2338,619803,ko,The Roundup,3.84,2022-05-18,7.232,336
2339,209274,pl,Ida,3.533,2013-10-25,7.2,983
2340,6537,es,The Orphanage,3.608,2007-05-20,7.2,2904
2341,5825,en,National Lampoon's Christmas Vacation,4.038,1989-11-30,7.231,2458
2342,113082,ja,Berserk: The Golden Age Arc I - The Egg of the King,3.534,2012-02-03,7.2,492
2343,220289,en,Coherence,3.862,2013-09-19,7.231,2993
2344,198277,en,Begin Again,4.035,2014-07-03,7.2,3801
2345,19597,fr,The Hedgehog,3.532,2009-07-01,7.2,392
2346,1040148,en,"Ruby Gillman, Teenage Kraken",3.823,2023-06-28,7.233,1003
2347,483980,en,Z-O-M-B-I-E-S,3.537,2018-02-16,7.2,689
2348,372519,pt,The Ten Commandments: The Movie,3.536,2016-01-28,7.2,306
2349,41201,fr,The Illusionist,3.533,2010-06-16,7.2,620
2350,268,en,Batman,4.663,1989-06-21,7.2,7974
2351,335360,en,My Little Pony: The Movie,3.537,2017-10-05,7.2,385
2352,10086,fr,Man Bites Dog,3.824,1992-08-20,7.229,938
2353,1672,fr,The Professional,3.53,1981-10-21,7.2,543
2354,170,en,28 Days Later,4.211,2002-10-31,7.229,6982
2355,549053,en,Last Christmas,3.865,2019-11-07,7.228,2434
2356,168259,en,Furious 7,3.678,2015-04-01,7.228,10735
2357,43920,en,Dog Pound,3.532,2010-04-24,7.2,370
2358,9400,en,Set It Off,3.53,1996-11-06,7.228,359
2359,5902,en,A Bridge Too Far,4.53,1977-06-15,7.227,836
2360,3086,en,The Lady Eve,3.781,1941-02-25,7.2,350
2361,1538,en,Collateral,4.327,2004-08-04,7.227,5721
2362,807196,en,Boiling Point,3.557,2021-07-05,7.2,570
2363,306745,en,Freeheld,3.784,2015-10-02,7.227,653
2364,20246,en,The Stranger,3.531,1946-07-02,7.2,585
2365,79707,ja,Children Who Chase Lost Voices,3.788,2011-05-07,7.225,712
2366,11177,en,Mask,3.53,1985-03-08,7.2,456
2367,9267,en,And Now for Something Completely Different,3.567,1971-09-28,7.2,529
2368,998022,de,The Teachers' Lounge,3.569,2023-05-04,7.2,552
2369,614930,en,Teenage Mutant Ninja Turtles: Mutant Mayhem,3.616,2023-07-31,7.224,1360
2370,324849,en,The Lego Batman Movie,4.043,2017-02-08,7.223,5068
2371,34134,en,Barbie in A Mermaid Tale,3.533,2010-01-25,7.2,767
2372,251,en,Ghost,4.053,1990-07-13,7.223,5659
2373,345920,en,Collateral Beauty,3.574,2016-12-15,7.223,5411
2374,1014590,en,Upgraded,3.594,2024-02-07,7.2,869
2375,778730,es,Crazy About Her,3.544,2021-02-26,7.2,460
2376,348657,is,Woman at War,3.788,2018-05-22,7.2,408
2377,1420,en,Breakfast on Pluto,3.531,2005-11-16,7.2,396
2378,152603,en,Only Lovers Left Alive,3.614,2013-12-12,7.2,2231
2379,15196,en,Clue,3.531,1985-12-13,7.2,1759
2380,761,fr,The Wing or the Thigh?,3.53,1976-10-27,7.221,891
2381,695,en,Short Cuts,3.53,1993-10-01,7.2,605
2382,257211,en,The Intern,4.379,2015-09-23,7.22,6793
2383,10198,en,The Princess and the Frog,4.381,2009-12-08,7.219,5721
2384,256962,en,Little Boy,3.785,2015-04-23,7.224,531
2385,21641,en,The Damned United,3.532,2009-03-27,7.2,647
2386,20367,en,Detour,3.531,1945-11-30,7.2,360
2387,2567,en,The Aviator,4.615,2004-12-17,7.218,5411
2388,2055,en,Open Range,3.536,2003-08-11,7.219,1100
2389,297762,en,Wonder Woman,4.593,2017-05-30,7.217,20108
2390,23168,en,The Town,3.866,2010-09-15,7.218,5126
2391,951491,en,Saw X,3.613,2023-09-27,7.2,2038
2392,401104,en,To the Bone,3.785,2017-01-22,7.217,3500
2393,10772,it,Django,3.532,1966-04-06,7.2,918
2394,1640,en,Crash,4.364,2005-05-06,7.2,3552
2395,1621,en,Trading Places,4.077,1983-06-07,7.218,3358
2396,945961,en,Alien: Romulus,5.018,2024-08-13,7.2,3421
2397,393624,en,Official Secrets,3.539,2019-08-30,7.2,997
2398,10860,en,Steel Magnolias,3.536,1989-11-15,7.2,666
2399,10625,en,Mean Girls,4.38,2004-04-30,7.215,8924
2400,844,zh,2046,3.783,2004-10-29,7.216,931
2401,504,en,Monster,3.569,2003-12-24,7.2,2364
2402,788734,no,Sick of Myself,3.555,2022-09-30,7.2,314
2403,374671,ja,After the Storm,3.823,2016-05-21,7.215,337
2404,244403,en,Rudderless,3.534,2014-10-17,7.2,310
2405,75258,en,Secret of the Wings,3.542,2012-08-17,7.2,1289
2406,26842,en,The Message,3.78,1976-03-09,7.215,358
2407,14168,en,3:10 to Yuma,3.786,1957-08-07,7.215,368
2408,5590,fr,Donkey Skin,3.53,1970-12-20,7.2,517
2409,970348,en,The Old Oak,3.822,2023-09-29,7.2,337
2410,364689,en,Ferdinand,4.119,2017-12-09,7.215,2883
2411,70160,en,The Hunger Games,3.179,2012-03-12,7.214,22210
2412,12598,fr,Joe: The Busybody,3.53,1971-08-31,7.2,311
2413,10528,en,Sherlock Holmes,4.912,2009-12-23,7.214,14073
2414,9576,en,Tootsie,3.53,1982-12-17,7.2,1777
2415,979,fr,Irreversible,4.11,2002-05-22,7.215,2957
2416,632617,en,C'mon C'mon,3.548,2021-11-19,7.2,690
2417,560050,en,Over the Moon,3.542,2020-10-16,7.2,1310
2418,497698,en,Black Widow,4.322,2021-07-07,7.2,10380
2419,14675,en,The Awful Truth,3.531,1937-10-21,7.2,310
2420,8329,es,[REC],3.535,2007-11-23,7.213,4490
2421,6978,en,Big Trouble in Little China,4.281,1986-05-30,7.2,3066
2422,5176,en,3:10 to Yuma,3.616,2007-09-06,7.212,3677
2423,2654,en,In the Mouth of Madness,3.531,1995-02-03,7.2,1686
2424,642885,en,Hocus Pocus 2,3.598,2022-09-27,7.211,1701
2425,539681,en,DC League of Super-Pets,3.803,2022-07-27,7.208,1590
2426,11577,en,Pat Garrett & Billy the Kid,3.785,1973-05-23,7.2,413
2427,370964,ru,I Am Dragon,3.534,2015-12-03,7.2,378
2428,363579,ko,The Age of Shadows,3.535,2016-09-07,7.2,334
2429,11020,en,Picnic at Hanging Rock,3.567,1975-09-02,7.2,799
2430,3543,de,Bagdad Cafe,3.53,1987-11-12,7.21,392
2431,336845,en,Cleveland Abduction,3.534,2015-05-02,7.2,390
2432,38684,en,Jane Eyre,3.533,2011-03-11,7.209,1474
2433,1878,en,Fear and Loathing in Las Vegas,3.833,1998-05-19,7.209,4663
2434,227,en,The Outsiders,3.538,1983-03-25,7.2,1393
2435,34433,ja,Dragon Ball Z: Broly - The Legendary Super Saiyan,3.541,1993-03-06,7.208,922
2436,6479,en,I Am Legend,4.759,2007-12-12,7.208,15930
2437,820446,en,Downton Abbey: A New Era,3.551,2022-04-27,7.2,505
2438,499932,en,The Devil All the Time,3.869,2020-09-11,7.208,3406
2439,177677,en,Mission: Impossible - Rogue Nation,5.082,2015-07-23,7.206,8955
2440,11176,en,The Muppet Movie,3.53,1979-06-22,7.207,625
2441,9820,en,The Parent Trap,3.803,1998-07-28,7.2,4237
2442,429200,en,Good Time,4.037,2017-08-11,7.206,2859
2443,374205,ja,One Piece Film: GOLD,3.786,2016-07-23,7.207,491
2444,16562,en,The Cutting Edge,3.53,1992-03-27,7.2,357
2445,15906,en,Barbie and the Magic of Pegasus,3.531,2005-10-04,7.21,729
2446,1888,en,The Fortune Cookie,3.531,1966-10-19,7.2,311
2447,1254,fr,"Don't Worry, I'm Fine",3.825,2006-09-06,7.206,578
2448,512895,en,Lady and the Tramp,3.578,2019-11-12,7.205,1567
2449,338189,fr,It's Only the End of the World,3.535,2016-08-26,7.2,1611
2450,281338,en,War for the Planet of the Apes,4.601,2017-07-11,7.205,9159
2451,16553,en,Little Manhattan,3.531,2005-09-26,7.2,719
2452,10693,en,Peter Pan,4.577,1953-02-05,7.203,5440
2453,1147400,fr,"Miraculous World: Paris, Tales of Shadybug and Claw Noir",3.6,2023-10-21,7.204,587
2454,446696,en,Life Itself,3.538,2018-09-21,7.2,569
2455,436,es,Maria Full of Grace,3.531,2004-01-18,7.2,393
2456,75624,ja,Naruto Shippuden the Movie: Blood Prison,3.784,2011-07-30,7.203,655
2457,2576,en,The Diary of Anne Frank,3.531,1959-03-18,7.2,352
2458,612368,fr,In the Name of the Land,3.54,2019-09-25,7.2,312
2459,459003,uk,Mavka: The Forest Song,3.813,2023-03-02,7.2,783
2460,330483,en,The Choice,3.542,2016-02-04,7.2,1904
2461,204436,fr,Jack and the Cuckoo-Clock Heart,3.533,2014-02-05,7.2,717
2462,11850,en,Invasion of the Body Snatchers,3.53,1978-12-20,7.2,1146
2463,623,en,A Fish Called Wanda,4.28,1988-07-15,7.202,2217
2464,607,en,Men in Black,4.702,1997-07-02,7.202,13943
2465,583903,en,Our Friend,3.576,2019-09-04,7.201,304
2466,475094,de,The Captain,3.537,2018-02-02,7.2,447
2467,42297,en,Burlesque,3.57,2010-11-23,7.201,2255
2468,2355,en,Reign Over Me,3.532,2007-03-22,7.201,1084
2469,1818,fr,Shoot the Piano Player,3.536,1960-11-25,7.2,412
2470,874299,en,South Park: Post COVID,3.622,2021-11-25,7.2,340
2471,50348,en,The Lincoln Lawyer,4.407,2011-03-17,7.2,3329
2472,34584,de,The NeverEnding Story,5.151,1984-04-06,7.199,4073
2473,90,en,Beverly Hills Cop,4.37,1984-12-05,7.199,4238
2474,785539,en,Resort to Love,3.546,2021-07-29,7.2,413
2475,539617,en,Big Time Adolescence,3.541,2020-03-13,7.2,347
2476,500006,no,Utøya: July 22,3.793,2018-03-09,7.199,399
2477,187022,zh,A Touch of Sin,3.783,2013-10-04,7.199,340
2478,19625,hi,Munna Bhai M.B.B.S.,3.531,2003-12-19,7.2,311
2479,859,en,Dangerous Liaisons,3.531,1988-12-21,7.2,1177
2480,571785,ko,Time to Hunt,3.54,2020-02-22,7.2,323
2481,16907,ja,Naruto the Movie: Ninja Clash in the Land of Snow,3.57,2004-08-21,7.198,559
2482,14359,en,Doubt,3.532,2008-12-12,7.2,1729
2483,11832,da,Babette's Feast,3.53,1987-08-11,7.2,407
2484,4415,en,Les Misérables,3.781,1998-05-01,7.202,631
2485,1278,en,The Dreamers,4.331,2003-09-01,7.198,2903
2486,986280,fi,Fallen Leaves,3.577,2023-09-14,7.197,575
2487,329819,fr,Standing Tall,3.534,2015-05-13,7.197,471
2488,48254,it,Ovosodo,3.536,1997-09-12,7.197,442
2489,12159,en,What Dreams May Come,3.787,1998-10-02,7.2,2330
2490,287495,de,Labyrinth of Lies,3.534,2014-11-06,7.196,575
2491,109410,en,42,3.534,2013-04-12,7.196,1826
2492,56831,en,The Sunset Limited,3.533,2011-02-12,7.2,442
2493,10403,en,The Player,3.53,1992-04-03,7.196,841
2494,167,en,K-PAX,4.283,2001-10-26,7.194,2459
2495,581734,en,Nomadland,4.083,2021-01-29,7.195,3050
2496,363676,en,Sully,4.043,2016-09-07,7.195,7287
2497,285733,en,Barbie and the Secret Door,1.624,2014-08-30,7.195,410
2498,12092,en,Alice in Wonderland,3.547,1951-07-28,7.2,5916
2499,11287,en,A League of Their Own,3.53,1992-07-01,7.195,1407
2500,9388,en,Thank You for Smoking,4.032,2005-09-09,7.192,2208
2501,1885,en,The Karate Kid,4.623,1984-06-22,7.195,4275
2502,811634,zh,The Monkey King: Reborn,3.544,2021-04-02,7.194,325
2503,355338,en,Riley's First Date?,3.784,2015-11-03,7.194,1067
2504,16136,en,Juice,3.53,1992-01-17,7.2,394
2505,454983,en,The Kissing Booth,3.541,2018-05-11,7.2,7249
2506,407655,en,A Cinderella Story: If the Shoe Fits,3.541,2016-08-02,7.193,835
2507,213121,en,Toy Story of Terror!,0.164,2013-10-16,7.2,947
2508,86829,en,Inside Llewyn Davis,3.584,2013-10-18,7.2,2719
2509,14306,en,Marley & Me,4.114,2008-12-25,7.193,4602
2510,6615,en,Lars and the Real Girl,3.533,2007-10-12,7.2,1860
2511,342473,en,Ballerina,3.542,2016-12-14,7.2,1879
2512,116745,en,The Secret Life of Walter Mitty,4.298,2013-12-18,7.192,7713
2513,75629,ja,Evangelion: 3.0 You Can (Not) Redo,3.534,2012-11-17,7.2,834
2514,51876,en,Limitless,4.902,2011-03-17,7.191,10762
2515,10223,en,A Simple Plan,3.781,1998-12-11,7.2,955
2516,502425,en,Escape from Pretoria,3.542,2020-03-06,7.2,1352
2517,1213,en,The Talented Mr. Ripley,3.793,1999-12-25,7.192,3814
2518,321528,en,Batman vs. Robin,3.534,2015-04-03,7.2,919
2519,59421,ko,Bedevilled,3.532,2010-08-19,7.2,421
2520,14375,it,Romanzo Criminale,3.536,2005-09-30,7.2,657
2521,12554,en,Citizen X,3.53,1995-02-25,7.19,339
2522,10149,en,Smoke,3.53,1995-06-09,7.2,494
2523,474395,en,Teen Titans Go! To the Movies,3.539,2018-07-27,7.189,1119
2524,365045,de,Heidi,3.534,2015-12-10,7.189,402
2525,9013,en,Midnight Run,4.036,1988-07-20,7.184,1115
2526,788,en,Mrs. Doubtfire,4.374,1993-11-24,7.188,6200
2527,198663,en,The Maze Runner,7.199,2014-09-10,7.188,17225
2528,88284,de,Barbara,3.533,2012-03-08,7.2,330
2529,15359,en,Wonder Woman,3.532,2009-03-03,7.2,563
2530,11773,en,Village of the Damned,3.531,1960-06-16,7.2,445
2531,11328,da,Pusher II,3.537,2004-12-25,7.188,464
2532,10243,en,The Flight of the Phoenix,3.536,1965-12-15,7.188,325
2533,7350,en,The Bucket List,4.076,2007-12-25,7.189,3822
2534,2014,de,The Edge of Heaven,3.782,2007-09-27,7.188,316
2535,591274,en,Fear Street: 1978,3.595,2021-07-08,7.187,1967
2536,14163,hi,Chak De! India,3.532,2007-08-09,7.2,334
2537,11837,en,Watership Down,3.53,1978-10-14,7.2,638
2538,11109,en,Vera Drake,3.531,2004-10-22,7.2,366
2539,10886,it,The Unknown Woman,3.786,2006-10-09,7.187,348
2540,9660,en,Operation Petticoat,3.531,1959-12-05,7.187,361
2541,9303,en,Bound,3.568,1996-09-13,7.187,963
2542,6023,en,P.S. I Love You,3.821,2007-11-15,7.187,3326
2543,1594,en,A Shot in the Dark,3.531,1964-06-23,7.2,562
2544,664300,en,Shiva Baby,3.869,2021-03-26,7.184,657
2545,651881,fr,Bye Bye Morons,3.542,2020-10-21,7.2,880
2546,21519,cn,Project A,3.53,1983-12-22,7.2,478
2547,17379,en,Last Holiday,3.531,2006-01-13,7.2,778
2548,13885,en,Sweeney Todd: The Demon Barber of Fleet Street,3.647,2007-12-20,7.186,5953
2549,519035,en,Nappily Ever After,3.538,2018-09-21,7.2,810
2550,1271,en,300,3.213,2007-03-07,7.185,13888
2551,577922,en,Tenet,5.384,2020-08-22,7.183,10111
2552,315011,ja,Shin Godzilla,3.543,2016-07-29,7.2,1346
2553,110398,es,No,3.533,2012-08-09,7.186,435
2554,56825,it,Compagni di scuola,3.53,1988-12-21,7.184,372
2555,28043,it,Black Sabbath,3.531,1963-08-17,7.2,437
2556,18030,en,Kiss Me Deadly,3.531,1955-04-28,7.2,377
2557,4043,es,Law of Desire,3.53,1987-02-07,7.2,300
2558,2668,en,Sleepy Hollow,4.444,1999-11-19,7.183,6876
2559,900667,ja,One Piece Film Red,3.811,2022-08-06,7.181,1047
2560,259954,en,5 to 7,3.54,2014-04-19,7.182,382
2561,10518,en,Marathon Man,3.78,1976-10-08,7.2,1102
2562,20345,it,The Bird with the Crystal Plumage,3.53,1970-02-27,7.2,769
2563,55931,en,The Animatrix,4.069,2003-05-09,7.178,1607
2564,22954,en,Invictus,3.533,2009-12-11,7.18,4146
2565,515916,nl,Girl,3.538,2018-09-18,7.179,732
2566,421467,ja,The Return of Godzilla,3.53,1984-12-15,7.2,307
2567,16085,en,Funny Girl,3.781,1968-09-19,7.2,397
2568,11524,en,Thief,3.53,1981-03-27,7.2,717
2569,11044,en,Arizona Dream,4.075,1993-01-06,7.179,700
2570,10925,en,The Return of the Living Dead,3.818,1985-04-25,7.181,2104
2571,10511,en,In America,3.531,2003-10-31,7.179,351
2572,2280,en,Big,5.112,1988-06-03,7.178,3698
2573,585245,en,Clifford the Big Red Dog,3.548,2021-11-10,7.178,1742
2574,2832,en,Identity,3.819,2003-04-25,7.178,3934
2575,593643,en,The Menu,4.073,2022-11-17,7.177,5176
2576,420622,en,Professor Marston and the Wonder Women,3.574,2017-10-13,7.177,881
2577,130739,de,A Coffee in Berlin,3.533,2012-11-01,7.2,330
2578,72113,en,Carnage,3.534,2011-09-16,7.176,2947
2579,33511,en,Nowhere Boy,3.532,2009-12-25,7.2,820
2580,13368,en,White Christmas,3.531,1954-10-14,7.2,530
2581,2024,en,The Patriot,4.081,2000-06-28,7.178,3983
2582,10452,fr,Queen Margot,3.53,1994-05-13,7.176,376
2583,955555,ko,The Roundup: No Way Out,3.571,2023-05-31,7.2,461
2584,96714,it,Diaz - Don't Clean Up This Blood,3.783,2012-04-13,7.174,425
2585,765245,en,Swan Song,3.548,2021-12-17,7.2,521
2586,613504,en,After We Collided,3.836,2020-09-02,7.173,5356
2587,18320,en,The Young Victoria,3.533,2009-03-04,7.2,1022
2588,13156,en,Secondhand Lions,3.537,2003-09-19,7.173,771
2589,12230,en,One Hundred and One Dalmatians,3.577,1961-01-25,7.2,6336
2590,10102,fr,La Grande Bouffe,3.567,1973-05-16,7.2,513
2591,537056,en,Batman: Hush,3.539,2019-07-19,7.2,884
2592,404368,en,Ralph Breaks the Internet,4.041,2018-11-20,7.171,7654
2593,44826,en,Hugo,4.828,2011-11-22,7.172,7266
2594,15283,ja,Pom Poko,3.617,1994-07-16,7.2,1078
2595,1164,en,Babel,4.044,2006-10-26,7.2,3801
2596,62215,en,Melancholia,3.821,2011-05-26,7.171,3545
2597,23637,it,"Ciao, Professore!",3.535,1992-10-09,7.171,391
2598,4518,en,Elizabeth,3.784,1998-09-13,7.173,1402
2599,409,en,The English Patient,3.573,1996-11-14,7.2,2218
2600,353326,en,The Man Who Knew Infinity,3.536,2016-04-08,7.2,1440
2601,82825,hi,Kahaani,3.533,2012-03-08,7.17,309
2602,40807,en,50/50,3.783,2011-09-30,7.2,3818
2603,8963,en,Crimson Tide,3.531,1995-05-12,7.2,1791
2604,8438,en,Murder in the First,3.53,1995-01-20,7.2,568
2605,6037,en,Murder by Death,3.53,1976-06-23,7.169,821
2606,5236,en,Kiss Kiss Bang Bang,4.281,2005-09-14,7.167,2718
2607,606,en,Out of Africa,3.579,1985-12-20,7.169,1389
2608,59,en,A History of Violence,4.337,2005-09-23,7.169,3328
2609,505954,ru,T-34,1.996,2018-12-27,7.2,855
2610,475215,ja,Mirai,3.825,2018-06-16,7.168,787
2611,340270,en,The Healer,3.535,2017-02-17,7.2,517
2612,459,de,Sissi: The Fateful Years of an Empress,3.531,1957-12-18,7.168,334
2613,974576,en,Conclave,9.329,2024-10-25,7.2,1605
2614,319888,en,Eddie the Eagle,4.292,2016-02-25,7.166,2143
2615,129533,en,Barbie: The Princess & the Popstar,3.534,2012-09-13,7.2,601
2616,77877,en,The Lucky One,3.571,2012-04-19,7.2,3678
2617,97365,fr,Rust and Bone,3.783,2012-05-17,7.166,1381
2618,10830,en,Matilda,3.532,1996-08-02,7.2,4496
2619,10673,en,Wall Street,4.325,1987-12-10,7.166,2086
2620,489925,en,Eighth Grade,3.537,2018-01-19,7.2,1547
2621,479226,da,The Purity of Vengeance,3.538,2018-10-04,7.165,492
2622,736732,ko,Broker,3.589,2022-06-08,7.164,473
2623,49047,en,Gravity,4.342,2013-10-03,7.164,15480
2624,1089,en,Point Break,3.835,1991-07-12,7.164,3630
2625,652,en,Troy,4.461,2004-05-13,7.164,10347
2626,661539,en,A Complete Unknown,7.568,2024-12-18,7.169,699
2627,595671,en,Never Rarely Sometimes Always,3.541,2020-03-13,7.2,526
2628,2100,en,The Last Castle,3.531,2001-10-19,7.2,1283
2629,406990,en,What Happened to Monday,3.614,2017-08-18,7.162,6122
2630,14903,en,Pooh's Grand Adventure: The Search for Christopher Robin,3.568,1997-08-05,7.162,367
2631,11330,da,Pusher III,3.531,2005-08-22,7.162,377
2632,2771,en,American Splendor,3.781,2003-08-15,7.162,486
2633,616251,en,The Broken Hearts Gallery,3.542,2020-09-11,7.2,317
2634,294016,en,Trumbo,3.534,2015-10-27,7.2,1589
2635,11222,de,The American Friend,3.53,1977-06-24,7.2,380
2636,520172,en,Happiest Season,3.543,2020-11-26,7.16,1236
2637,15067,ko,"The Good, the Bad, the Weird",3.532,2008-07-16,7.2,736
2638,11533,en,Jason and the Argonauts,3.781,1963-06-19,7.2,621
2639,11165,en,Tora! Tora! Tora!,3.817,1970-01-26,7.16,550
2640,8879,en,Pale Rider,3.531,1985-06-28,7.2,1087
2641,4538,en,The Darjeeling Limited,3.832,2007-09-07,7.2,3621
2642,1008042,en,Talk to Me,3.593,2023-07-26,7.16,3128
2643,509364,fr,By the Grace of God,3.539,2019-02-20,7.2,558
2644,504949,en,The King,3.867,2019-10-11,7.159,3290
2645,376660,en,The Edge of Seventeen,3.538,2016-11-18,7.2,4075
2646,994,en,Straw Dogs,3.536,1971-11-25,7.159,960
2647,1241982,en,Moana 2,29.661,2024-11-21,7.16,1853
2648,938614,en,Late Night with the Devil,3.657,2024-03-19,7.158,1409
2649,645757,en,That Christmas,4.01,2024-11-27,7.158,333
2650,373226,es,Belzebuth,3.788,2019-01-11,7.166,353
2651,22302,fr,Polytechnique,3.569,2009-02-06,7.158,634
2652,12762,en,Broadway Danny Rose,3.53,1984-01-27,7.2,461
2653,10150,en,The Last Unicorn,3.53,1982-11-19,7.2,508
2654,978,en,Seven Years in Tibet,3.824,1997-09-12,7.157,2880
2655,978870,it,Last Night of Amore,3.561,2023-03-09,7.2,484
2656,530385,en,Midsommar,4.081,2019-07-03,7.156,7294
2657,473033,en,Uncut Gems,4.543,2019-08-30,7.156,4846
2658,11093,en,House of Sand and Fog,3.531,2003-12-19,7.2,778
2659,814340,en,Cha Cha Real Smooth,3.552,2022-06-17,7.2,338
2660,461615,fr,MFKZ,3.538,2018-05-23,7.2,307
2661,138,en,Dracula,3.532,1931-02-12,7.2,1236
2662,276,de,The Edukators,3.531,2004-10-25,7.2,342
2663,13012,en,Felon,3.57,2008-07-17,7.153,895
2664,10178,en,The Caine Mutiny,3.531,1954-06-24,7.153,336
2665,8619,en,Master and Commander: The Far Side of the World,3.533,2003-11-14,7.153,3213
2666,348893,en,Boyka: Undisputed IV,3.572,2016-08-01,7.2,1348
2667,324560,en,Brimstone,3.536,2016-03-12,7.2,1151
2668,272878,en,Max,4.034,2015-06-25,7.2,838
2669,18240,en,The Proposal,4.162,2009-06-02,7.152,6991
2670,10705,en,Henry V,3.78,1989-10-05,7.159,383
2671,10617,cn,Once Upon a Time in China,3.824,1991-08-15,7.152,424
2672,10142,en,Casualties of War,3.53,1989-08-18,7.2,900
2673,2153,en,The Driver,3.53,1978-06-08,7.2,455
2674,91417,en,Dragons: Gift of the Night Fury,4.033,2011-11-15,7.137,382
2675,16563,en,Seven Brides for Seven Brothers,3.531,1954-07-22,7.2,538
2676,11951,en,Vanishing Point,3.53,1971-01-15,7.2,464
2677,467909,en,In the Heights,3.546,2021-06-10,7.15,726
2678,12473,en,The Visitor,3.532,2008-02-21,7.2,461
2679,469,en,Stranger Than Paradise,3.53,1984-10-01,7.2,549
2680,78480,fr,Monsieur Lazhar,3.533,2011-09-10,7.1,322
2681,10601,en,Peter Pan,3.533,2003-12-18,7.1,2643
2682,988,en,The China Syndrome,3.53,1979-03-16,7.1,465
2683,168,en,Star Trek IV: The Voyage Home,3.53,1986-11-26,7.1,1497
2684,520736,it,Loro 2,3.538,2018-05-10,7.1,375
2685,472674,en,The Goldfinch,3.578,2019-09-12,7.1,886
2686,435577,no,The 12th Man,3.538,2017-12-25,7.148,548
2687,11296,en,Birdy,3.535,1984-12-14,7.148,525
2688,9441,en,Stepmom,3.825,1998-12-25,7.148,1440
2689,612,en,Munich,3.549,2005-12-23,7.1,2707
2690,45162,en,Superman/Batman: Apocalypse,3.532,2010-09-28,7.1,705
2691,29005,en,McCabe & Mrs. Miller,3.78,1971-06-24,7.149,406
2692,11660,en,Following,3.568,1999-05-06,7.1,1627
2693,8088,es,Broken Embraces,3.538,2009-03-18,7.147,663
2694,4441,en,Candy,3.532,2006-05-25,7.1,611
2695,4192,en,Death on the Nile,3.786,1978-09-29,7.2,812
2696,609,en,Poltergeist,3.569,1982-06-04,7.1,3063
2697,985939,en,Fall,4.086,2022-08-11,7.146,4049
2698,15157,en,Another Cinderella Story,3.532,2008-09-16,7.146,1929
2699,10590,en,We Were Soldiers,3.787,2002-03-01,7.1,2085
2700,1152014,fr,A Little Something Extra,3.896,2024-04-18,7.145,702
2701,795811,ja,Wheel of Fortune and Fantasy,3.546,2021-04-11,7.145,310
2702,501170,en,Doctor Sleep,4.121,2019-10-30,7.144,4505
2703,396371,en,Molly's Game,3.576,2017-12-07,7.1,3760
2704,329805,fr,My King,3.534,2015-10-21,7.1,781
2705,140212,ko,Confession of Murder,3.533,2012-11-08,7.1,304
2706,82693,en,Silver Linings Playbook,4.404,2012-11-16,7.145,12091
2707,12289,zh,Red Cliff,3.532,2008-07-10,7.1,824
2708,647,ja,Final Fantasy VII: Advent Children,3.781,2005-07-14,7.1,1165
2709,336000,en,The Glass Castle,3.787,2017-08-11,7.1,833
2710,71325,sv,With Every Heartbeat,3.533,2011-07-29,7.1,361
2711,13459,en,Barbie in 'A Christmas Carol',3.782,2008-11-03,7.1,556
2712,4688,en,Across the Universe,3.783,2007-09-14,7.144,1347
2713,2117,de,Sophie Scholl: The Final Days,3.568,2005-02-13,7.144,427
2714,618355,en,Superman: Red Son,3.54,2020-02-24,7.1,830
2715,558144,en,Deadpool: No Good Deed,3.535,2017-03-03,7.1,512
2716,535544,en,Downton Abbey,3.54,2019-09-12,7.143,1154
2717,411728,en,The Professor and the Madman,3.789,2019-03-07,7.143,1193
2718,336050,hu,Son of Saul,4.284,2015-06-11,7.143,1082
2719,82881,en,Tangled Ever After,4.034,2012-01-13,7.138,1058
2720,12144,en,The Land Before Time,4.28,1988-11-18,7.141,2566
2721,657644,ml,Minnal Murali,3.548,2021-12-16,7.1,310
2722,1637,en,Speed,4.376,1994-06-09,7.141,6293
2723,809140,en,Father Stu,3.589,2022-04-13,7.141,636
2724,527435,en,The Christmas Chronicles,4.039,2018-11-22,7.14,2238
2725,226448,en,In Your Eyes,3.572,2014-04-20,7.141,693
2726,69315,en,Battlestar Galactica: Razor,3.532,2007-11-12,7.1,407
2727,11770,cn,Shaolin Soccer,3.839,2001-07-05,7.141,2298
2728,11636,cn,New Police Story,3.531,2004-09-23,7.1,737
2729,9741,en,Unbreakable,4.67,2000-11-22,7.14,9383
2730,39105,ja,Dragon Ball Z: Bojack Unbound,3.536,1993-07-10,7.1,573
2731,19123,fr,La Chèvre,3.823,1981-12-09,7.14,658
2732,14807,en,The Long Good Friday,3.53,1980-11-01,7.128,370
2733,12105,en,Yellow Submarine,3.781,1968-07-17,7.145,506
2734,1924,en,Superman,4.576,1978-12-14,7.138,3910
2735,916,en,Bullitt,3.532,1968-10-17,7.1,1170
2736,440472,en,The Upside,3.79,2019-01-10,7.1,1301
2737,352490,en,This Beautiful Fantastic,3.535,2016-10-20,7.1,327
2738,277217,en,Descendants,3.787,2015-07-31,7.141,2376
2739,254172,en,Fathers and Daughters,3.534,2015-10-01,7.139,976
2740,58574,en,Sherlock Holmes: A Game of Shadows,4.122,2011-11-22,7.138,10407
2741,10876,en,Quills,3.536,2000-11-22,7.139,655
2742,3549,da,After the Wedding,3.531,2006-02-24,7.1,434
2743,458,de,Sissi: The Young Empress,3.531,1956-12-01,7.1,346
2744,403300,en,A Hidden Life,4.039,2019-08-27,7.142,694
2745,22527,en,The Wrong Man,3.781,1956-12-22,7.1,561
2746,4176,en,Murder on the Orient Express,3.791,1974-11-22,7.14,1435
2747,65,en,8 Mile,4.689,2002-11-08,7.137,7373
2748,536743,en,Queen & Slim,3.54,2019-11-27,7.137,703
2749,10948,en,The Fox and the Hound,3.782,1981-07-10,7.1,3272
2750,4643,en,The Guardian,4.068,2006-09-28,7.138,1548
2751,205601,en,Belle,3.783,2013-05-01,7.136,685
2752,16161,en,Baby Boy,3.536,2001-06-27,7.136,309
2753,351339,en,Anthropoid,3.573,2016-08-12,7.1,1041
2754,38700,en,Bad Boys for Life,3.842,2020-01-15,7.135,8360
2755,30074,en,Scooby-Doo! and the Legend of the Vampire,3.531,2003-03-04,7.1,319
2756,9606,ja,Metropolis,3.819,2001-05-26,7.135,479
2757,411,en,"The Chronicles of Narnia: The Lion, the Witch and the Wardrobe",5.661,2005-12-07,7.134,10816
2758,933260,en,The Substance,11.999,2024-09-07,7.1,4184
2759,547016,en,The Old Guard,4.119,2020-07-10,7.135,4245
2760,537996,en,The Ballad of Buster Scruggs,3.829,2018-11-09,7.134,4089
2761,403431,en,Brigsby Bear,3.537,2017-07-27,7.134,384
2762,1016084,en,BlackBerry,3.56,2023-02-13,7.1,615
2763,9769,en,Lolita,3.788,1997-09-27,7.135,1812
2764,635,en,Angel Heart,3.787,1987-03-06,7.1,1567
2765,1160018,hi,Kill,3.916,2024-07-03,7.129,346
2766,524047,en,Greenland,3.843,2020-07-29,7.131,4629
2767,8092,en,This Boy's Life,3.53,1993-04-09,7.1,996
2768,147773,en,The Way Way Back,3.533,2013-06-06,7.1,1813
2769,24615,en,Aloha Scooby-Doo!,3.531,2005-02-08,7.131,438
2770,9802,en,The Rock,4.332,1996-06-07,7.13,4777
2771,9316,th,Ong Bak,3.537,2003-01-21,7.1,1700
2772,414453,en,Columbus,3.787,2017-08-04,7.13,405
2773,310307,en,The Founder,4.086,2016-11-24,7.128,5012
2774,37767,it,Fun Is Beautiful,3.53,1980-01-19,7.13,397
2775,506,en,Marnie,3.531,1964-07-17,7.1,1136
2776,241863,ja,As the Gods Will,3.541,2014-11-15,7.131,518
2777,398173,en,The House That Jack Built,3.538,2018-07-05,7.127,2806
2778,68730,en,Silence,3.786,2016-12-23,7.1,3078
2779,15370,ja,The Cat Returns,4.607,2002-07-19,7.1,2248
2780,13001,en,Stargate: The Ark of Truth,4.033,2008-03-11,7.119,511
2781,12914,en,Stargate: Continuum,4.032,2008-07-29,7.12,526
2782,10531,en,Death and the Maiden,3.53,1994-05-04,7.1,510
2783,468198,it,The Place,3.537,2017-11-04,7.1,1204
2784,8982,th,The Protector,3.531,2005-08-11,7.1,866
2785,1555,fr,The Spanish Apartment,4.075,2002-06-19,7.125,1150
2786,927,en,Gremlins,4.403,1984-06-08,7.125,6474
2787,1156593,es,Your Fault,5.462,2024-12-26,7.123,1140
2788,475946,en,Blade Runner: Black Out 2022,3.537,2017-09-26,7.1,407
2789,10537,en,The Doors,3.53,1991-03-01,7.124,1451
2790,8051,en,Punch-Drunk Love,3.893,2002-10-11,7.1,2387
2791,1857,en,The Transformers: The Movie,3.531,1986-08-08,7.1,530
2792,522162,en,Midway,3.548,2019-11-06,7.1,2520
2793,11687,fr,The Visitors,4.074,1993-01-27,7.123,1934
2794,9540,en,Dead Ringers,3.567,1988-09-23,7.123,905
2795,8470,en,John Q,4.037,2002-02-15,7.12,2434
2796,537915,en,After,3.605,2019-04-11,7.122,8302
2797,290250,en,The Nice Guys,4.29,2016-05-15,7.121,8024
2798,11446,en,Welcome to the Dollhouse,3.53,1995-09-10,7.1,448
2799,11075,ja,Audition,3.532,2000-03-03,7.1,1582
2800,774752,en,The Guardians of the Galaxy Holiday Special,3.809,2022-11-24,7.121,2091
2801,23483,en,Kick-Ass,4.112,2010-03-26,7.121,11746
2802,10634,en,Friday,3.789,1995-04-26,7.119,1855
2803,9464,en,Buffalo '66,3.568,1998-01-20,7.1,945
2804,3111,en,A Star Is Born,3.531,1954-10-01,7.1,305
2805,408,en,Snow White and the Seven Dwarfs,4.097,1938-01-14,7.121,7513
2806,1010821,en,Groot Takes a Bath,3.553,2022-08-10,7.12,349
2807,927855,tr,Love Tactics,3.548,2022-02-11,7.1,308
2808,749004,fr,Petite Maman,3.582,2021-06-02,7.117,398
2809,130925,en,Partysaurus Rex,3.783,2012-09-14,7.12,487
2810,103758,it,Reality,3.533,2012-05-04,7.1,325
2811,44716,da,In a Better World,3.532,2010-08-26,7.12,413
2812,23169,en,Remember Me,3.533,2010-03-11,7.121,3551
2813,895549,en,NYAD,3.574,2023-10-18,7.1,468
2814,672647,en,The Map of Tiny Perfect Things,3.544,2021-02-12,7.1,783
2815,581997,en,Batman vs Teenage Mutant Ninja Turtles,3.539,2019-03-31,7.1,502
2816,25300,it,I'm Not Scared,3.543,2003-02-08,7.119,940
2817,19236,en,Santa Sangre,3.53,1989-11-24,7.1,452
2818,17187,en,The Emperor's Club,3.531,2002-11-22,7.1,386
2819,11462,en,Suspicion,3.531,1941-11-14,7.1,818
2820,1443,en,The Virgin Suicides,4.658,2000-04-21,7.12,3331
2821,68722,en,The Master,4.284,2012-09-14,7.1,2997
2822,12877,en,Dead Man's Shoes,3.531,2004-09-29,7.118,546
2823,10340,en,Lady and the Tramp,3.577,1955-06-22,7.118,5343
2824,7485,en,Shooter,4.083,2007-03-22,7.118,5001
2825,473,en,Pi,4.125,1998-07-10,7.118,2267
2826,673309,en,American Underdog,3.587,2021-12-25,7.1,364
2827,17887,en,Barefoot in the Park,3.818,1967-05-25,7.117,567
2828,291270,en,Anomalisa,4.285,2015-12-30,7.116,1713
2829,212778,en,Chef,3.791,2014-05-08,7.116,3340
2830,197950,fr,The Connection,4.079,2014-12-03,7.1,868
2831,103332,en,Ruby Sparks,3.784,2012-07-25,7.1,1654
2832,14299,en,Cadillac Records,3.532,2008-12-05,7.1,444
2833,763165,en,The Burial,3.823,2023-10-06,7.12,516
2834,594530,en,Lamp Life,3.79,2020-01-31,7.115,305
2835,430447,ja,Mary and The Witch's Flower,4.287,2017-07-08,7.109,805
2836,428836,en,Ophelia,3.539,2019-06-28,7.1,571
2837,51241,fr,Heartbeats,3.532,2010-09-29,7.1,1013
2838,11639,en,The Dark Crystal,4.031,1982-12-17,7.109,1154
2839,11050,en,Terms of Endearment,3.53,1983-11-20,7.1,766
2840,10648,en,Magnum Force,3.531,1973-12-13,7.115,1086
2841,1574,en,Chicago,4.106,2002-12-10,7.114,2658
2842,2,fi,Ariel,4.023,1988-10-21,7.121,343
2843,677179,en,Creed III,3.903,2023-03-01,7.114,2593
2844,519141,fr,Matthias & Maxime,3.54,2019-10-09,7.1,472
2845,334517,en,The Siege of Jadotville,3.536,2016-09-19,7.114,883
2846,323027,en,Justice League: Gods and Monsters,3.54,2015-06-18,7.1,573
2847,243,en,High Fidelity,4.331,2000-03-17,7.113,2020
2848,653851,en,Devotion,3.556,2022-11-23,7.1,727
2849,370755,en,Paterson,3.785,2016-11-17,7.113,1899
2850,15765,en,What's Love Got to Do with It,3.53,1993-06-09,7.1,324
2851,7972,en,Before the Devil Knows You're Dead,3.571,2007-09-26,7.113,1540
2852,1997,en,Two Brothers,3.574,2004-04-07,7.113,831
2853,591275,en,Fear Street: 1666,3.596,2021-07-14,7.112,1744
2854,420818,en,The Lion King,4.068,2019-07-12,7.1,10257
2855,335797,en,Sing,4.334,2016-11-23,7.112,8027
2856,15588,fr,OSS 117: Lost in Rio,3.827,2009-04-15,7.112,1448
2857,279229,de,Sapphire Blue,3.54,2014-08-14,7.111,996
2858,302429,en,Strange Magic,3.541,2015-01-23,7.11,506
2859,157832,en,Calvary,3.784,2014-04-11,7.11,966
2860,711,en,Finding Forrester,3.531,2000-12-21,7.11,1108
2861,476,en,Drugstore Cowboy,3.53,1989-10-20,7.1,549
2862,570670,en,The Invisible Man,3.548,2020-02-26,7.1,5806
2863,371638,en,The Disaster Artist,3.537,2017-03-12,7.1,3549
2864,26617,en,Five Easy Pieces,3.53,1970-09-12,7.1,526
2865,24804,en,Black Dynamite,3.532,2009-10-16,7.1,632
2866,19576,ja,One Piece: The Movie,3.568,2000-03-04,7.109,343
2867,10564,en,Where the Heart Is,3.531,2000-04-27,7.1,695
2868,10545,en,The Hunchback of Notre Dame,4.076,1996-06-21,7.1,5047
2869,10476,en,Hustle & Flow,3.531,2005-07-22,7.1,389
2870,9829,en,United 93,3.531,2006-04-28,7.1,1503
2871,533,en,Wallace & Gromit: The Curse of the Were-Rabbit,4.286,2005-09-15,7.1,2837
2872,428449,en,A Ghost Story,3.824,2017-04-24,7.108,2342
2873,239563,en,St. Vincent,5.325,2014-10-09,7.1,1918
2874,59468,en,The Way,3.782,2010-09-10,7.108,581
2875,48034,fr,Little White Lies,3.826,2010-10-20,7.108,1567
2876,508,en,Love Actually,4.445,2003-09-07,7.107,6906
2877,11634,sv,Show Me Love,3.531,1998-10-23,7.107,543
2878,11153,en,National Lampoon's Vacation,4.293,1983-07-29,7.105,1575
2879,823464,en,Godzilla x Kong: The New Empire,3.807,2024-03-27,7.105,4091
2880,754067,fr,Vicky and Her Mystery,3.548,2021-12-15,7.1,499
2881,437033,es,Toc Toc,3.538,2017-09-01,7.1,1223
2882,10497,en,Bitter Moon,3.536,1992-09-02,7.1,772
2883,13701,en,Immortal Beloved,3.53,1994-12-16,7.1,339
2884,565179,la,The First King,3.539,2019-01-31,7.1,1108
2885,302401,en,Snowden,4.073,2016-09-15,7.103,4379
2886,127373,en,What Maisie Knew,3.533,2013-05-02,7.1,417
2887,116149,en,Paddington,4.552,2014-11-24,7.103,3831
2888,15400,en,Mickey's Once Upon a Christmas,3.531,1999-10-31,7.104,676
2889,14533,en,Gia,3.532,1998-01-31,7.104,762
2890,11485,en,Take the Money and Run,3.531,1969-08-18,7.1,751
2891,9787,en,Lords of Dogtown,3.536,2005-06-03,7.1,757
2892,561,en,Constantine,3.554,2005-02-08,7.105,7371
2893,606952,it,The Goddess of Fortune,3.546,2019-12-19,7.103,510
2894,517331,es,The Realm,3.788,2018-09-28,7.1,434
2895,487242,en,Suicide Squad: Hell to Pay,3.537,2018-03-23,7.1,668
2896,22536,ko,Thirst,3.532,2009-04-30,7.1,959
2897,14748,en,Boy A,3.532,2007-10-28,7.1,461
2898,12481,zh,The Big Boss,3.531,1971-10-23,7.1,755
2899,1714,en,Fahrenheit 451,3.531,1966-09-07,7.102,990
2900,10986,it,The Taming of the Scoundrel,3.53,1980-12-20,7.101,462
2901,10895,en,Pinocchio,4.046,1940-02-23,7.1,5906
2902,6396,en,SLC Punk,3.531,1998-09-24,7.1,373
2903,551,en,The Poseidon Adventure,4.03,1972-12-01,7.104,904
2904,11447,it,The Son's Room,3.536,2001-03-09,7.1,506
2905,9322,fr,La Femme Nikita,3.53,1990-02-21,7.1,1964
2906,8697,cn,Who Am I?,3.781,1998-01-17,7.103,890
2907,2323,en,Field of Dreams,4.285,1989-04-21,7.097,1524
2908,836225,en,The Exorcism of God,3.55,2022-03-11,7.1,1084
2909,618354,en,Superman: Man of Tomorrow,3.542,2020-08-23,7.1,449
2910,209276,en,Starred Up,3.534,2014-03-21,7.1,951
2911,5916,en,The Getaway,3.78,1972-12-13,7.101,581
2912,1259,en,Notes on a Scandal,3.539,2006-12-25,7.1,903
2913,18912,de,Angst,3.53,1983-01-01,7.1,358
2914,9631,en,The Negotiator,4.326,1998-07-29,7.096,2120
2915,2760,en,The Lodger: A Story of the London Fog,3.537,1927-02-14,7.097,303
2916,573,en,Frenzy,3.53,1972-05-25,7.1,914
2917,799876,en,The Outfit,3.551,2022-02-25,7.096,1155
2918,420817,en,Aladdin,4.301,2019-05-22,7.096,10156
2919,336843,en,Maze Runner: The Death Cure,4.079,2018-01-10,7.096,7903
2920,9846,en,To Live and Die in L.A.,3.817,1985-11-01,7.094,669
2921,9675,en,Sideways,3.57,2004-10-22,7.096,1698
2922,458423,en,Mamma Mia! Here We Go Again,3.901,2018-07-18,7.095,3386
2923,20410,en,Scooby-Doo and the Alien Invaders,3.531,2000-10-03,7.1,371
2924,327,ja,Brother,3.825,2000-12-13,7.095,480
2925,512263,en,Honey Boy,3.54,2019-09-28,7.1,677
2926,302946,en,The Accountant,4.586,2016-10-13,7.094,6325
2927,8764,en,Top Secret!,4.03,1984-06-08,7.094,1203
2928,2998,en,Zabriskie Point,3.53,1970-03-26,7.091,402
2929,56292,en,Mission: Impossible - Ghost Protocol,4.338,2011-12-07,7.092,10006
2930,11457,en,Life as a House,3.781,2001-10-25,7.093,412
2931,1581,en,The Holiday,3.582,2006-12-05,7.1,5234
2932,639720,en,IF,3.719,2024-05-08,7.094,1288
2933,321741,en,Concussion,3.784,2015-11-12,7.092,2573
2934,50723,ja,Naruto Shippuden the Movie: The Lost Tower,3.784,2010-07-31,7.092,475
2935,50270,it,Paprika,2.012,1991-02-13,7.1,515
2936,25431,en,Adam's Rib,3.531,1949-11-18,7.1,310
2937,11382,en,Bullets Over Broadway,3.53,1994-10-14,7.1,628
2938,817758,en,TÁR,4.094,2022-09-23,7.094,1307
2939,633515,nl,The Forgotten Battle,3.581,2020-12-14,7.091,695
2940,585077,ja,Children of the Sea,3.577,2019-06-07,7.1,307
2941,1138194,en,Heretic,5.415,2024-10-31,7.1,1304
2942,567604,en,Once Upon a Deadpool,3.544,2018-12-11,7.1,791
2943,9281,en,Witness,3.536,1985-02-08,7.1,1715
2944,787699,en,Wonka,4.148,2023-12-06,7.089,3792
2945,597219,en,The Half of It,3.542,2020-05-01,7.1,1511
2946,522478,en,Peter Rabbit 2: The Runaway,3.582,2021-03-25,7.089,816
2947,117691,hi,Gangs of Wasseypur - Part 1,3.533,2012-06-22,7.1,375
2948,102651,en,Maleficent,4.927,2014-05-28,7.089,13218
2949,63310,nl,Bullhead,3.532,2011-02-02,7.1,348
2950,22383,en,The Professionals,3.607,1966-11-01,7.1,315
2951,13041,es,El Topo,3.53,1970-12-18,7.1,598
2952,11209,en,The Alamo,3.537,1960-10-23,7.089,353
2953,845222,ko,Kingdom: Ashin of the North,3.546,2021-07-23,7.088,555
2954,369523,en,The Tale,3.537,2018-01-20,7.1,441
2955,271714,en,Love & Mercy,3.534,2015-05-29,7.1,680
2956,19265,en,Whatever Works,3.538,2009-06-19,7.088,1755
2957,10839,en,Cross of Iron,3.53,1977-01-29,7.1,426
2958,4552,ko,A Tale of Two Sisters,3.532,2003-06-13,7.1,1201
2959,549509,en,The Brutalist,9.544,2024-12-20,7.095,794
2960,269494,ko,A Hard Day,3.534,2014-05-29,7.1,447
2961,11620,en,Quo Vadis,3.531,1951-11-08,7.1,414
2962,2007,en,Lorenzo's Oil,3.53,1992-12-30,7.1,533
2963,517148,ru,Beanpole,3.539,2019-06-20,7.1,324
2964,270400,fr,Breathe,3.534,2014-11-12,7.1,463
2965,30197,en,The Producers,3.786,1968-03-18,7.087,802
2966,856289,zh,Creation of the Gods I: Kingdom of Storms,3.573,2023-07-15,7.1,404
2967,653346,en,Kingdom of the Planet of the Apes,4.857,2024-05-08,7.084,3615
2968,433945,ja,Tokyo Ghoul,3.537,2017-07-16,7.1,355
2969,964,en,The Phantom of the Opera,3.531,1925-09-22,7.1,353
2970,611698,zh,A Writer's Odyssey,3.794,2021-02-12,7.1,315
2971,206563,en,Trash,3.535,2014-10-09,7.1,618
2972,203801,en,The Man from U.N.C.L.E.,4.285,2015-08-13,7.084,6415
2973,63831,fr,The Kid with a Bike,3.532,2011-05-18,7.1,424
2974,43539,en,The Next Three Days,3.832,2010-11-18,7.084,2893
2975,6173,fr,Read My Lips,3.531,2001-10-17,7.1,338
2976,474354,en,22 July,3.575,2018-10-04,7.083,1193
2977,30159,en,I Confess,3.531,1953-02-13,7.1,450
2978,14292,en,Miracle,3.531,2004-02-06,7.083,607
2979,7913,hi,Rang De Basanti,3.531,2006-01-26,7.1,452
2980,401,en,Garden State,4.281,2004-07-28,7.078,1877
2981,799583,en,The Ministry of Ungentlemanly Warfare,4.18,2024-04-18,7.083,1392
2982,8222,es,High Heels,3.535,1991-10-23,7.082,421
2983,1584,en,School of Rock,4.616,2003-10-03,7.081,5723
2984,421,en,The Life Aquatic with Steve Zissou,4.069,2004-12-10,7.08,2920
2985,964960,fr,The Taste of Things,3.826,2023-11-08,7.081,303
2986,438740,ru,Salyut-7,3.537,2017-09-22,7.1,459
2987,44115,en,127 Hours,3.552,2010-11-12,7.081,7617
2988,1547,en,The Lost Boys,4.038,1987-07-31,7.077,2098
2989,15767,ja,Godzilla: Final Wars,3.536,2004-12-04,7.08,318
2990,748783,en,The Garfield Movie,3.822,2024-04-30,7.1,1229
2991,179150,fr,Reality,3.784,2015-02-18,7.079,520
2992,38810,el,Dogtooth,3.54,2009-10-22,7.079,2374
2993,36955,en,True Lies,4.363,1994-07-15,7.078,4178
2994,5335,it,Theorem,3.531,1968-09-07,7.1,406
2995,188538,en,Remember Sunday,3.533,2013-04-21,7.1,494
2996,152584,fr,Blue Is the Warmest Color,1.874,2013-10-09,7.078,4641
2997,38397,it,"The Legend of Al, John and Jack",3.611,2002-12-13,7.078,1170
2998,13751,en,Akeelah and the Bee,3.531,2006-04-28,7.078,332
2999,10141,en,Dirty Rotten Scoundrels,4.28,1988-12-14,7.076,894
3000,1440,en,Little Children,3.568,2006-10-06,7.1,1036
3001,1110358,fr,Yannick,3.606,2023-08-02,7.1,629
3002,680531,fr,The Mad Women's Ball,3.796,2021-09-12,7.1,321
3003,14859,en,Keith,3.782,2008-09-13,7.077,449
3004,11772,en,The Haunting,3.532,1963-08-21,7.077,646
3005,1548,en,Ghost World,2.748,2001-07-20,7.077,1443
3006,1374,en,Rocky IV,3.571,1985-11-21,7.077,4486
3007,563,en,Starship Troopers,4.59,1997-11-07,7.076,5016
3008,787428,en,Two Distant Strangers,3.793,2020-11-20,7.072,460
3009,399121,fr,An Officer and a Spy,3.55,2019-09-30,7.076,1509
3010,71689,en,Phineas and Ferb The Movie: Across the 2nd Dimension,3.534,2011-08-05,7.076,558
3011,14291,en,Searching for Bobby Fischer,3.53,1993-08-13,7.1,579
3012,1011985,en,Kung Fu Panda 4,4.16,2024-03-02,7.076,2995
3013,646380,en,Don't Look Up,4.957,2021-12-08,7.074,8473
3014,283552,en,The Light Between Oceans,3.535,2016-09-02,7.1,1359
3015,8079,hi,Om Shanti Om,3.532,2007-11-07,7.1,362
3016,832964,en,Lee,3.911,2024-09-12,7.1,325
3017,800787,en,A Good Person,3.598,2023-03-23,7.1,360
3018,585083,en,Hotel Transylvania: Transformania,3.594,2022-01-31,7.1,2824
3019,14794,en,if....,3.531,1968-12-19,7.073,368
3020,11942,en,Bring Me the Head of Alfredo Garcia,4.03,1974-08-01,7.079,372
3021,203,en,Mean Streets,3.567,1973-10-14,7.073,2115
3022,845781,en,Red One,6.663,2024-10-31,7.1,2375
3023,777270,en,Belfast,3.804,2021-11-12,7.07,1521
3024,581389,ko,Space Sweepers,4.044,2021-02-05,7.071,1045
3025,102899,en,Ant-Man,5.101,2015-07-14,7.072,19940
3026,71524,fr,Ace of Aces,3.823,1982-10-27,7.072,325
3027,860,en,WarGames,4.288,1983-06-03,7.071,1935
3028,505642,en,Black Panther: Wakanda Forever,3.904,2022-11-09,7.07,6706
3029,7980,en,The Lovely Bones,4.153,2009-12-26,7.071,4683
3030,3291,en,"Good Night, and Good Luck.",3.531,2005-09-16,7.1,1003
3031,266,fr,Contempt,3.781,1963-10-29,7.1,848
3032,606954,it,I Hate Summer,3.546,2020-01-30,7.1,940
3033,40751,cn,Ashes of Time,3.567,1994-09-17,7.1,341
3034,2383,fr,The Bear,3.53,1988-10-21,7.1,484
3035,436931,ja,Pokémon the Movie: I Choose You!,3.537,2017-07-15,7.1,629
3036,17443,en,...And Justice for All,3.53,1979-10-19,7.1,520
3037,5693,en,Hoosiers,3.53,1986-11-14,7.1,522
3038,2671,ja,Ring,3.531,1998-01-31,7.069,1465
3039,77495,es,Sleep Tight,3.539,2011-10-14,7.068,1117
3040,12579,fr,The Woman Next Door,3.53,1981-09-30,7.1,317
3041,912916,en,The Other Zoey,3.575,2023-10-19,7.1,411
3042,823951,fr,November,3.849,2022-10-05,7.067,767
3043,91342,en,Barbie in A Mermaid Tale 2,3.534,2012-02-22,7.1,456
3044,11121,en,Tess,3.53,1979-10-06,7.1,344
3045,3293,en,Pirates of Silicon Valley,4.031,1999-05-10,7.068,549
3046,3073,en,Bud Abbott and Lou Costello Meet Frankenstein,3.531,1948-06-15,7.1,314
3047,670292,en,The Creator,4.942,2023-09-27,7.063,3250
3048,618353,en,Batman: Death in the Family,3.542,2020-10-13,7.1,425
3049,454640,en,The Angry Birds Movie 2,3.542,2019-08-02,7.066,1730
3050,364051,fr,The Innocents,3.785,2016-02-10,7.1,404
3051,308639,en,Dope,4.035,2015-06-19,7.066,1485
3052,11042,fr,The Barbarian Invasions,3.531,2003-09-24,7.1,373
3053,10974,cn,Armour of God,3.53,1986-08-16,7.066,564
3054,1064213,en,Anora,34.869,2024-10-14,7.1,1658
3055,832964,en,Lee,3.911,2024-09-12,7.074,325
3056,455207,en,Crazy Rich Asians,3.545,2018-08-15,7.1,3689
3057,14943,ja,Crows Zero,3.533,2007-10-26,7.1,353
3058,10994,en,White Oleander,3.531,2002-10-11,7.1,386
3059,1900,en,Traffic,3.831,2000-12-27,7.065,2189
3060,624,en,Easy Rider,3.538,1969-06-26,7.065,1990
3061,507076,fr,Climax,3.793,2018-09-19,7.063,2132
3062,365942,en,The Space Between Us,3.536,2017-01-26,7.1,2467
3063,123377,ko,Pieta,3.533,2012-09-05,7.1,382
3064,120605,en,The Punisher: Dirty Laundry,3.533,2012-07-16,7.064,343
3065,3059,en,Intolerance: Love's Struggle Throughout the Ages,3.531,1916-09-04,7.1,342
3066,497828,en,Triangle of Sadness,3.805,2022-09-18,7.1,2321
3067,11934,en,The Hudsucker Proxy,3.829,1994-03-11,7.063,1074
3068,657,en,From Russia with Love,4.082,1963-10-10,7.1,3034
3069,791177,en,Bones and All,3.599,2022-11-18,7.1,1398
3070,157370,en,Kill Your Darlings,3.533,2013-10-16,7.1,1358
3071,340613,en,The Wife,3.538,2018-08-02,7.1,1071
3072,172106,fr,Jappeloup,3.533,2013-03-13,7.1,386
3073,16007,ja,Death Note,3.531,2006-06-17,7.1,712
3074,1931,en,Stomp the Yard,3.532,2007-05-16,7.061,464
3075,1715,en,The Cider House Rules,3.857,1999-12-17,7.061,1181
3076,241,en,Natural Born Killers,3.867,1994-08-26,7.061,3459
3077,82633,en,Lawless,3.865,2012-08-29,7.06,3101
3078,1807,en,Elephant,3.574,2003-09-20,7.06,1929
3079,1623,en,Brubaker,3.567,1980-06-20,7.06,469
3080,468,en,My Own Private Idaho,3.535,1991-02-01,7.1,1135
3081,925263,it,A Brighter Tomorrow,3.562,2023-04-20,7.1,307
3082,558582,en,First Cow,3.54,2020-03-06,7.1,478
3083,461955,en,Rakka,3.537,2017-06-14,7.059,311
3084,45094,en,Conviction,3.533,2010-10-15,7.1,607
3085,12545,en,Jesus Christ Superstar,3.53,1973-08-15,7.059,562
3086,1103,en,Escape from New York,4.282,1981-05-23,7.057,3218
3087,926,en,Galaxy Quest,4.112,1999-12-25,7.1,2304
3088,449749,en,The Leisure Seeker,3.537,2018-01-03,7.058,473
3089,31906,en,The Beguiled,3.53,1971-01-23,7.1,448
3090,560044,en,The Willoughbys,3.541,2020-04-22,7.057,914
3091,519182,en,Despicable Me 4,8.317,2024-06-20,7.1,2616
3092,382399,en,High Strung,3.535,2016-04-08,7.1,910
3093,248933,de,The Dark Valley,3.533,2014-02-13,7.1,387
3094,36950,en,You Don't Know Jack,3.532,2010-06-27,7.1,396
3095,33613,sv,The Girl Who Kicked the Hornet's Nest,3.538,2009-11-27,7.1,1371
3096,11937,en,The Gods Must Be Crazy II,3.53,1989-07-01,7.1,494
3097,1079091,en,It Ends with Us,4.471,2024-08-07,7.056,1498
3098,385128,en,F9,1.776,2021-05-19,7.056,7294
3099,276907,en,Legend,4.123,2015-09-09,7.056,3936
3100,14626,fr,Beau Travail,3.818,2000-05-03,7.056,310
3101,1088,en,Whale Rider,3.781,2003-01-30,7.056,412
3102,744,en,Top Gun,4.961,1986-05-16,7.1,8794
3103,522241,en,The Courier,4.291,2020-01-24,7.049,1174
3104,388399,en,Patriots Day,3.573,2016-12-12,7.1,2650
3105,604,en,The Matrix Reloaded,4.661,2003-05-15,7.055,11155
3106,393519,fr,Raw,3.786,2016-11-11,7.054,3222
3107,103731,en,Mud,3.571,2013-04-26,7.054,2840
3108,12584,en,The Shootist,3.535,1976-07-21,7.054,352
3109,4464,en,Seabiscuit,3.531,2003-07-22,7.054,846
3110,924,en,Dawn of the Dead,3.534,2004-03-19,7.1,4099
3111,378,en,Raising Arizona,3.831,1987-03-13,7.054,2137
3112,536554,en,M3GAN,3.597,2022-12-28,7.053,4161
3113,10653,en,The Seven Year Itch,3.568,1955-06-03,7.1,903
3114,9798,en,Enemy of the State,4.614,1998-11-20,7.053,3909
3115,546,en,Transamerica,3.531,2005-02-14,7.053,474
3116,267,es,Live Flesh,3.574,1997-10-10,7.1,680
3117,1084199,en,Companion,16.594,2025-01-22,7.1,744
3118,11646,en,Gallipoli,3.53,1981-08-13,7.1,487
3119,11575,en,The Great Race,3.532,1965-07-01,7.052,329
3120,1090,en,The Thirteenth Floor,3.819,1999-04-16,7.1,1347
3121,445,fr,Caché,3.781,2005-10-05,7.1,1125
3122,661374,en,Glass Onion: A Knives Out Mystery,5.064,2022-11-23,7.051,5769
3123,385687,en,Fast X,5.178,2023-05-17,7.051,5808
3124,16520,en,The King and I,3.531,1956-06-29,7.1,379
3125,1694,en,Re-Animator,3.568,1985-10-18,7.1,1515
3126,245842,en,The King's Daughter,3.548,2022-01-21,7.0,681
3127,196024,da,The Keeper of Lost Causes,3.533,2013-10-03,7.0,753
3128,25736,en,The Postman Always Rings Twice,3.531,1946-05-02,7.0,340
3129,22855,en,Superman/Batman: Public Enemies,3.532,2009-09-29,7.0,651
3130,8408,en,Day of the Dead,3.53,1985-07-03,7.0,1262
3131,917496,en,Beetlejuice Beetlejuice,4.651,2024-09-04,7.047,2371
3132,400090,en,The Nightingale,3.539,2018-09-23,7.049,578
3133,2907,en,The Addams Family,4.864,1991-11-22,7.048,4664
3134,639933,en,The Northman,3.803,2022-04-07,7.049,4458
3135,518896,zh,Warriors of Future,3.553,2022-08-05,7.0,423
3136,482373,en,Don't Breathe 2,3.546,2021-08-12,7.0,2603
3137,16140,ja,Death Note: The Last Name,3.532,2006-10-28,7.0,501
3138,8428,en,Pump Up the Volume,3.53,1990-08-22,7.048,361
3139,785538,pt,7 Prisoners,3.585,2021-10-22,7.047,351
3140,785538,pt,7 Prisoners,3.585,2021-10-22,7.047,351
3141,412202,en,Handsome Devil,3.535,2017-02-15,7.0,671
3142,9766,en,Gridiron Gang,3.537,2006-09-15,7.047,1018
3143,893723,en,PAW Patrol: The Mighty Movie,3.621,2023-09-21,7.046,469
3144,779782,en,The School for Good and Evil,3.594,2022-10-19,7.046,1274
3145,418680,en,Goodbye Christopher Robin,3.537,2017-09-29,7.0,843
3146,394374,es,At the End of the Tunnel,3.535,2016-04-21,7.0,402
3147,127517,en,Disconnect,3.783,2013-04-12,7.046,1127
3148,43347,en,Love & Other Drugs,4.401,2010-11-04,7.046,5209
3149,42661,en,The Vikings,3.531,1958-06-11,7.0,323
3150,39254,en,Real Steel,4.666,2011-09-28,7.047,8501
3151,10339,en,Moby Dick,3.531,1956-06-27,7.0,421
3152,7299,en,Equilibrium,4.289,2002-12-06,7.045,4598
3153,254320,en,The Lobster,4.287,2015-10-15,7.044,6345
3154,79113,en,A Princess for Christmas,3.539,2011-12-03,7.044,405
3155,43641,en,Superman/Shazam!: The Return of Black Adam,3.532,2010-11-16,7.0,1513
3156,27725,en,High Sierra,3.531,1941-01-23,7.0,321
3157,4886,en,And Then There Were None,3.531,1945-10-31,7.044,376
3158,2109,en,Rush Hour,4.369,1998-09-18,7.043,5091
3159,118,en,Charlie and the Chocolate Factory,4.971,2005-07-13,7.043,15365
3160,30890,en,Radio Days,3.53,1987-01-30,7.0,581
3161,20770,en,But I'm a Cheerleader,3.531,2000-07-07,7.0,704
3162,14886,en,The Last Detail,3.53,1973-12-11,7.0,374
3163,4727,fr,Le Gendarme de Saint-Tropez,3.531,1964-09-08,7.0,872
3164,644,en,A.I. Artificial Intelligence,4.58,2001-06-29,7.042,6227
3165,15060,en,Futurama: Into the Wild Green Yonder,4.032,2009-02-23,7.0,551
3166,10514,en,The Andromeda Strain,3.53,1971-03-12,7.0,707
3167,251519,en,Son of Batman,3.534,2014-05-13,7.0,1062
3168,22201,en,Gunfight at the O.K. Corral,3.532,1957-05-30,7.0,344
3169,11224,en,Cinderella,3.602,1950-02-22,7.041,6794
3170,570131,fr,Love at Second Sight,3.538,2019-01-18,7.0,805
3171,487672,en,Reign of the Supermen,3.538,2019-01-13,7.0,638
3172,369972,en,First Man,4.039,2018-10-10,7.04,5323
3173,236735,es,Marshland,3.784,2014-09-25,7.04,970
3174,8053,en,The Three Burials of Melquiades Estrada,3.531,2005-11-17,7.0,592
3175,567609,en,Ready or Not,3.593,2019-08-21,7.0,4706
3176,64720,en,Take Shelter,3.572,2011-09-30,7.0,1798
3177,31587,en,Scarecrow,3.53,1973-04-11,7.0,306
3178,18861,ja,Naruto the Movie: Guardians of the Crescent Moon Kingdom,3.569,2006-08-05,7.039,447
3179,10439,en,Hocus Pocus,4.286,1993-07-16,7.038,3074
3180,6106,en,Salvador,3.53,1986-04-23,7.0,360
3181,2028,en,Say Anything...,3.53,1989-04-14,7.0,1017
3182,744275,en,After We Fell,3.59,2021-09-01,7.0,2628
3183,696157,en,Whitney Houston: I Wanna Dance with Somebody,3.557,2022-12-20,7.0,465
3184,340027,en,Brain on Fire,3.573,2017-02-22,7.0,1375
3185,127380,en,Finding Dory,3.558,2016-06-16,7.037,12156
3186,62211,en,Monsters University,4.624,2013-06-19,7.037,10745
3187,56020,it,Radiofreccia,3.531,1998-10-16,7.0,338
3188,754,en,Face/Off,4.837,1997-06-27,7.037,5418
3189,746036,en,The Fall Guy,3.944,2024-04-24,7.037,2831
3190,653349,en,Vacation Friends,3.548,2021-08-27,7.0,790
3191,49444,en,Kung Fu Panda 2,4.9,2011-05-25,7.037,7323
3192,2044,en,The Lake House,4.068,2006-06-16,7.0,2774
3193,254201,da,The Absent One,3.534,2014-10-02,7.0,634
3194,10868,en,The Accused,3.78,1988-10-14,7.035,616
3195,9994,en,The Great Mouse Detective,3.788,1986-07-02,7.036,1689
3196,385103,en,Scoob!,3.542,2020-07-08,7.035,1722
3197,13925,en,Luxo Jr.,3.535,1986-08-17,7.035,623
3198,11703,en,Kiss of the Spider Woman,3.53,1985-07-26,7.0,300
3199,467244,en,The Zone of Interest,3.634,2023-12-15,7.035,2064
3200,467244,en,The Zone of Interest,3.634,2023-12-15,7.035,2064
3201,250734,en,Far from the Madding Crowd,3.534,2015-04-23,7.0,1039
3202,173,en,"20,000 Leagues Under the Sea",3.531,1954-12-23,7.0,900
3203,926899,en,The House,3.586,2022-01-14,7.03,1042
3204,480530,en,Creed II,3.579,2018-11-21,7.032,5472
3205,8095,en,Cleopatra,3.785,1963-06-12,7.033,762
3206,695721,en,The Hunger Games: The Ballad of Songbirds & Snakes,4.416,2023-11-15,7.031,2931
3207,636565,it,Rose Island,3.792,2020-12-09,7.031,1319
3208,524348,en,The Report,3.54,2019-09-12,7.0,1044
3209,62204,fr,Quest for Fire,3.53,1981-12-16,7.0,516
3210,18299,en,Love in the Afternoon,3.531,1957-05-29,7.031,310
3211,16608,en,The Proposition,3.536,2005-10-06,7.0,643
3212,11797,en,Fright Night,3.573,1985-08-02,7.0,1403
3213,10712,en,Far from Heaven,3.531,2002-11-08,7.0,618
3214,838,en,American Graffiti,4.03,1973-08-11,7.0,1457
3215,763215,en,Damsel,3.937,2024-03-07,7.0,2355
3216,588921,en,AINBO: Spirit of the Amazon,3.544,2021-02-09,7.0,439
3217,445651,en,The Darkest Minds,3.539,2018-07-25,7.0,2830
3218,9393,de,Before the Fall,3.531,2004-07-04,7.0,328
3219,641662,en,Pieces of a Woman,3.544,2020-12-30,7.029,1223
3220,542178,en,The French Dispatch,4.054,2021-10-21,7.029,2657
3221,19562,fr,The Magnificent One,3.53,1973-11-23,7.0,350
3222,19186,en,The Parent Trap,3.781,1961-05-13,7.037,383
3223,13928,en,Knick Knack,3.535,1989-11-23,7.029,572
3224,11836,en,The SpongeBob SquarePants Movie,4.294,2004-11-19,7.028,2934
3225,10607,en,Don't Be a Menace to South Central While Drinking Your Juice in the Hood,3.535,1996-01-12,7.0,1348
3226,4512,en,The Assassination of Jesse James by the Coward Robert Ford,3.538,2007-09-20,7.029,2543
3227,755,en,From Dusk Till Dawn,4.121,1996-01-19,7.029,6012
3228,249688,en,The End of the Tour,3.54,2015-07-31,7.028,559
3229,36658,en,X2,0.189,2003-04-27,7.028,10258
3230,26039,en,Point Blank,3.531,1967-08-30,7.0,387
3231,9533,en,Red Dragon,0.909,2002-10-02,7.028,4330
3232,664413,pl,365 Days,0.63,2020-02-07,7.027,9114
3233,332283,en,Mary Shelley,3.537,2017-08-06,7.027,993
3234,11973,en,Thirteen Days,3.825,2000-12-25,7.027,756
3235,11690,en,Bloodsport,3.825,1988-02-26,7.026,1911
3236,293,en,A River Runs Through It,3.53,1992-10-09,7.027,1091
3237,357953,en,Return,3.565,1975-09-04,7.026,500
3238,46829,en,Barney's Version,3.533,2010-10-26,7.026,460
3239,11831,en,Amistad,0.78,1997-12-10,7.0,1305
3240,10162,en,Waking Ned,3.531,1998-09-15,7.026,304
3241,978592,en,Sleeping Dogs,3.638,2024-03-21,7.025,366
3242,722913,en,Malcolm & Marie,3.581,2021-01-29,7.025,1393
3243,696806,en,The Adam Project,4.056,2022-03-11,7.024,4453
3244,588182,fi,Compartment No. 6,3.547,2021-10-29,7.025,395
3245,554600,hi,Uri: The Surgical Strike,3.545,2019-01-11,7.025,434
3246,408508,en,Blue Jay,3.535,2016-10-07,7.025,492
3247,35558,en,Starstruck,3.532,2010-02-14,7.0,1191
3248,943134,fr,The Animal Kingdom,3.867,2023-10-04,7.024,750
3249,460465,en,Mortal Kombat,3.836,2021-04-07,7.024,5924
3250,429191,es,A Fantastic Woman,3.535,2017-04-06,7.0,701
3251,1062807,ja,SPY x FAMILY CODE: White,3.593,2023-12-22,7.0,515
3252,399057,en,The Killing of a Sacred Deer,4.293,2017-10-20,7.023,4096
3253,19833,en,In the Loop,4.032,2009-01-22,7.018,695
3254,15058,en,Speak,3.531,2004-01-20,7.0,471
3255,4104,en,Benny & Joon,3.53,1993-04-16,7.022,768
3256,2623,en,An Officer and a Gentleman,3.781,1982-07-28,7.0,1114
3257,340357,fr,April and the Extraordinary World,3.784,2015-11-04,7.021,331
3258,12335,en,Bedknobs and Broomsticks,4.11,1971-10-07,7.0,973
3259,8293,en,Howards End,3.567,1992-03-13,7.021,544
3260,556678,en,Emma.,3.548,2020-02-13,7.02,1778
3261,62177,en,Brave,4.839,2012-06-21,7.02,13516
3262,30675,en,Planet Hulk,3.782,2010-02-02,7.02,493
3263,11336,en,The Dead Zone,3.53,1983-10-21,7.0,1663
3264,11000,en,The Birdcage,4.53,1996-03-08,7.02,1173
3265,847,en,Willow,4.031,1988-05-20,7.017,1962
3266,174,en,Star Trek VI: The Undiscovered Country,2.535,1991-12-06,7.0,1280
3267,429197,en,Vice,3.54,2018-12-25,7.0,3380
3268,11652,en,Invincible,3.531,2006-08-25,7.0,943
3269,696506,en,Mickey 17,23.54,2025-02-28,7.0,490
3270,522039,en,The Last Black Man in San Francisco,3.539,2019-06-07,7.0,325
3271,10995,fr,The Lover,3.532,1992-01-22,7.0,696
3272,483,en,Wild at Heart,3.53,1990-08-17,7.017,1686
3273,365222,cn,Ip Man 3,2.526,2015-12-24,7.017,1771
3274,28384,en,Husbands and Wives,3.53,1992-09-18,7.0,466
3275,11975,en,The Rainmaker,3.57,1997-11-18,7.017,1334
3276,2064,en,While You Were Sleeping,3.568,1995-04-21,7.0,1841
3277,1073,en,Arlington Road,3.531,1999-03-19,7.0,1118
3278,651070,en,A Fall from Grace,3.541,2020-01-17,7.016,936
3279,472451,en,Boy Erased,3.543,2018-09-24,7.016,1417
3280,341744,es,Truman,3.535,2015-09-24,7.016,373
3281,328387,en,Nerve,3.787,2016-06-27,7.016,6813
3282,26748,en,Lone Star,3.567,1996-06-21,7.016,368
3283,9696,ja,Ichi the Killer,3.532,2001-12-22,7.0,992
3284,526,en,Ladyhawke,3.824,1985-03-27,7.016,1157
3285,961268,ko,Ballerina,3.574,2023-10-05,7.0,537
3286,228970,en,Wild,3.784,2014-12-05,7.015,2508
3287,2604,en,Born on the Fourth of July,3.53,1989-12-20,7.0,1721
3288,942,en,Lethal Weapon 2,4.824,1989-07-07,7.013,3447
3289,505600,en,Booksmart,3.54,2019-05-24,7.014,2658
3290,391757,en,Never Back Down: No Surrender,3.536,2016-06-07,7.0,473
3291,300669,en,Don't Breathe,3.611,2016-06-08,7.014,7517
3292,43959,en,Soul Surfer,3.532,2011-04-08,7.0,1186
3293,366924,en,Batman: Bad Blood,3.785,2016-01-19,7.013,909
3294,333352,en,Eye in the Sky,3.784,2015-09-07,7.0,1590
3295,20766,en,The Road,3.826,2009-11-25,7.013,3916
3296,10753,cn,Police Story 2,3.53,1988-08-13,7.0,545
3297,9036,en,Eight Below,3.532,2006-02-17,7.0,1714
3298,15016,en,Barbie of Swan Lake,3.569,2003-09-27,7.0,1092
3299,12143,en,Bad Lieutenant,3.53,1992-11-20,7.012,878
3300,11085,en,Mutiny on the Bounty,3.531,1962-11-08,7.0,307
3301,8833,it,Double Trouble,3.78,1984-10-19,7.0,533
3302,5919,en,The Towering Inferno,3.53,1974-12-14,7.0,948
3303,501633,fr,The Invisibles,3.538,2019-01-09,7.01,367
3304,73532,fr,Le Havre,3.533,2011-09-08,7.013,434
3305,38438,fr,Buffet Froid,3.53,1979-12-19,7.0,302
3306,16198,ja,My Neighbors the Yamadas,3.574,1999-07-17,7.0,541
3307,5488,ko,"I'm a Cyborg, But That's OK",3.532,2006-12-07,7.0,531
3308,661914,en,One Night in Miami...,3.544,2020-12-25,7.009,645
3309,579583,en,The King of Staten Island,3.542,2020-07-22,7.0,1022
3310,555561,it,The Invisible Witness,3.538,2018-12-13,7.009,330
3311,457799,en,"Extremely Wicked, Shockingly Evil and Vile",3.789,2019-05-02,7.009,3374
3312,432068,fr,C'est la vie!,3.831,2017-10-04,7.009,1478
3313,233063,de,Suck Me Shakespeer,3.821,2013-11-07,7.009,1685
3314,82684,en,Chasing Mavericks,3.533,2012-10-25,7.009,566
3315,10865,en,Atlantis: The Lost Empire,2.912,2001-06-02,7.0,4810
3316,3170,en,Bambi,4.115,1942-02-11,7.0,5718
3317,281,en,Strange Days,3.53,1995-10-13,7.0,1374
3318,35,en,The Simpsons Movie,4.156,2007-07-25,7.009,8092
3319,246355,en,Saw,3.575,2003-10-16,7.008,605
3320,11848,en,Animal Farm,3.781,1954-12-28,7.008,485
3321,745881,th,The Medium,3.547,2021-07-14,7.005,652
3322,582873,it,Martin Eden,3.539,2019-09-04,7.0,664
3323,37347,en,Fort Apache,3.531,1948-06-14,7.0,375
3324,15775,en,If Only,3.531,2004-01-23,7.0,579
3325,14139,es,Timecrimes,4.283,2007-11-01,7.0,1286
3326,1730,en,Inland Empire,3.783,2006-12-06,7.007,1119
3327,211052,el,Miss Violence,3.534,2013-09-09,7.006,520
3328,19971,en,The Little Girl Who Lives Down the Lane,3.53,1976-12-25,7.006,322
3329,402897,en,The Death of Stalin,3.538,2017-10-20,7.005,1915
3330,37056,en,Letters to Juliet,3.819,2010-05-13,7.005,2896
3331,14070,hi,Ghajini,3.532,2008-12-25,7.0,403
3332,5698,en,The Great Train Robbery,3.531,1903-12-07,7.005,631
3333,606679,en,The High Note,3.541,2020-06-10,7.0,450
3334,15015,en,Barbie as Rapunzel,3.531,2002-10-01,7.0,1231
3335,10220,en,Rounders,3.781,1998-09-11,7.004,1752
3336,934433,en,Scream VI,3.644,2023-03-08,7.0,2735
3337,846433,en,The Enforcer,3.554,2022-09-22,7.0,397
3338,506281,en,The World to Come,3.544,2021-02-12,7.003,348
3339,446354,en,The Post,3.55,2017-12-22,7.003,4628
3340,7270,en,Matchstick Men,2.911,2003-09-12,7.001,1778
3341,2769,en,An American in Paris,3.536,1951-09-26,7.0,586
3342,2164,en,Stargate,4.283,1994-10-28,7.003,3486
3343,957608,fr,Junkyard Dog,3.813,2023-04-19,7.002,310
3344,325690,it,The Legendary Giulia and Other Miracles,3.534,2015-02-19,7.002,511
3345,298382,en,The Dressmaker,3.609,2015-10-29,7.002,1656
3346,11815,en,The Fly,3.781,1958-07-16,7.002,554
3347,11454,en,Manhunter,0.151,1986-08-14,7.0,1377
3348,53487,en,This Must Be the Place,3.828,2011-08-24,7.001,1231
3349,36657,en,X-Men,0.201,2000-07-13,7.001,11499
3350,24752,ja,Dragon Ball Z: Cooler's Revenge,3.536,1991-07-20,7.001,682
3351,615665,en,Holidate,3.623,2020-10-27,7.0,2235
3352,556803,en,The Princess Switch,3.575,2018-10-25,7.0,2223
3353,528888,en,Dolemite Is My Name,3.54,2019-10-04,6.999,1183
3354,71864,en,The Odd Life of Timothy Green,3.539,2012-08-15,7.0,1191
3355,1771,en,Captain America: The First Avenger,3.221,2011-07-22,7.0,21682
3356,524251,en,I See You,3.791,2019-09-11,6.998,1485
3357,50472,it,Anplagghed al cinema,3.532,2006-11-26,7.0,335
3358,44009,en,Another Year,3.782,2010-11-05,6.999,395
3359,38055,en,Megamind,4.577,2010-10-28,6.998,6959
3360,26973,en,Pretty Baby,3.531,1978-04-05,7.0,371
3361,13550,en,The Changeling,3.53,1980-03-28,6.999,637
3362,12920,en,Dreamer: Inspired By a True Story,3.531,2005-09-10,7.0,400
3363,11360,en,Dumbo,4.365,1941-10-31,6.998,5017
3364,10536,en,The Italian Job,4.031,1969-06-02,6.994,768
3365,1485,en,Get Carter,4.03,1971-02-03,6.993,507
3366,420821,en,Chip 'n Dale: Rescue Rangers,3.553,2022-05-20,6.998,1241
3367,130150,en,Labor Day,3.534,2013-12-27,7.0,1190
3368,84199,en,The First Time,3.571,2012-10-19,6.998,2113
3369,49009,en,The Way Back,3.788,2010-11-22,7.0,1609
3370,23202,en,Trick 'r Treat,3.575,2007-12-09,7.0,1904
3371,11897,en,How the West Was Won,3.531,1962-11-02,7.0,442
3372,377897,en,Barbie: Spy Squad,3.536,2016-01-15,7.0,406
3373,287947,en,Shazam!,4.618,2019-03-29,6.996,9647
3374,24253,sv,The Girl Who Played with Fire,3.538,2009-09-18,6.996,1664
3375,645689,en,The Duke,3.798,2021-07-23,6.998,323
3376,87825,en,Trouble with the Curve,3.834,2012-09-21,6.995,1608
3377,17917,en,Oliver!,3.531,1968-09-26,7.0,435
3378,2742,en,Naked Lunch,3.78,1991-12-27,6.995,1091
3379,1985,en,The Constant Gardener,3.537,2005-08-31,6.995,1532
3380,300,fr,The Science of Sleep,3.781,2006-06-25,7.0,775
3381,62214,en,Frankenweenie,4.329,2012-10-04,6.994,3390
3382,12089,fr,The Tall Blond Man with One Black Shoe,3.53,1972-12-06,7.0,437
3383,9427,en,The Full Monty,4.319,1997-08-13,6.991,1667
3384,4946,fr,The Swimming Pool,3.532,1969-01-31,7.0,514
3385,2061,da,Pusher,3.53,1996-08-30,6.994,759
3386,255718,en,Barbie: The Pearl Princess,3.533,2014-02-15,7.0,335
3387,930564,en,Saltburn,3.697,2023-11-16,7.0,2450
3388,333371,en,10 Cloverfield Lane,3.79,2016-03-10,6.992,8042
3389,297556,en,Justice League: Throne of Atlantis,3.534,2015-01-13,6.992,923
3390,21208,en,Orphan,3.608,2009-07-24,7.0,5302
3391,12783,en,The Duchess,3.825,2008-09-05,7.0,1697
3392,920,en,Cars,2.041,2006-06-08,6.991,14202
3393,811367,en,22 vs. Earth,3.795,2021-04-30,6.992,459
3394,797394,ru,Secret Magic Control Agency,3.544,2021-03-18,6.991,378
3395,366564,fr,Comment c'est loin,3.534,2015-12-09,6.991,674
3396,285783,en,The Walk,3.572,2015-09-30,6.99,3206
3397,103328,fr,Holy Motors,3.533,2012-07-02,7.0,1169
3398,9905,en,Shallow Grave,3.535,1994-12-22,6.991,1035
3399,864,en,Cool Runnings,4.03,1993-10-01,6.99,2077
3400,1010818,en,Groot's First Steps,3.553,2022-08-10,6.99,346
3401,458737,en,First Reformed,3.788,2018-05-18,6.99,1349
3402,77174,en,ParaNorman,4.041,2012-08-03,6.989,2566
3403,74306,en,God Bless America,3.533,2012-05-11,7.0,962
3404,26428,en,Agora,3.788,2009-05-17,6.99,1442
3405,12665,en,Powder,3.541,1995-10-27,7.0,669
3406,954,en,Mission: Impossible,4.383,1996-05-22,6.99,9055
3407,156700,en,The Kings of Summer,3.571,2013-01-19,6.989,1140
3408,15789,en,A Goofy Movie,4.074,1995-04-07,7.0,1782
3409,13666,en,The Wolf Man,3.531,1941-12-12,7.0,617
3410,160588,en,Blue Jasmine,3.791,2013-08-01,6.988,3471
3411,13378,en,Mickey's Twice Upon a Christmas,3.531,2004-11-15,6.988,445
3412,894205,en,Werewolf by Night,4.056,2022-09-25,6.988,1325
3413,256835,en,Toy Story That Time Forgot,3.784,2014-12-02,7.0,992
3414,101731,en,The Magic of Belle Isle,3.533,2012-07-06,7.0,409
3415,13537,en,Shattered Glass,3.531,2003-11-14,7.0,429
3416,11219,en,The Trouble with Harry,3.532,1955-10-03,6.987,839
3417,9430,en,Go,3.781,1999-04-09,6.987,742
3418,787752,en,Fresh,3.554,2022-03-03,6.988,1642
3419,760099,en,Living,3.555,2022-11-04,7.0,425
3420,646097,en,Rebel Ridge,3.662,2024-08-27,7.0,1238
3421,381356,fr,Five,3.536,2016-03-30,7.0,1285
3422,97630,en,Zero Dark Thirty,3.845,2012-12-19,6.986,4576
3423,67913,en,The Guard,3.534,2011-07-07,6.986,1246
3424,9799,en,The Fast and the Furious,0.344,2001-06-22,6.986,10160
3425,528949,es,The Photographer of Mauthausen,3.538,2018-10-26,6.985,700
3426,41428,ja,Tetsuo: The Iron Man,3.53,1989-07-01,7.0,612
3427,4148,en,Revolutionary Road,4.37,2008-12-19,6.985,3862
3428,646,en,Dr. No,4.082,1962-10-07,6.985,3669
3429,395993,en,Stronger,3.537,2017-09-22,7.0,1491
3430,48303,fr,Certified Copy,3.532,2010-05-19,7.0,408
3431,32646,en,Safe,3.535,1995-06-23,7.0,304
3432,726139,ko,Project Silence,3.787,2024-07-11,7.0,332
3433,597208,en,Nightmare Alley,4.429,2021-12-02,6.983,2990
3434,346698,en,Barbie,5.136,2023-07-19,7.0,9651
3435,24589,en,Dug's Special Mission,3.569,2009-11-10,6.983,422
3436,10436,en,The Age of Innocence,3.535,1993-09-10,6.983,1120
3437,7304,en,Running Scared,3.532,2006-01-06,6.983,1044
3438,615774,en,Scooby-Doo! Return to Zombie Island,3.539,2019-09-03,6.982,928
3439,520758,en,Chicken Run: Dawn of the Nugget,3.581,2023-12-08,6.982,770
3440,87093,en,Big Eyes,3.786,2014-12-24,6.983,3495
3441,10130,en,Gorillas in the Mist,3.53,1988-09-23,7.0,594
3442,8841,fr,The Class,3.532,2008-09-24,7.0,661
3443,511809,en,West Side Story,3.555,2021-12-08,7.0,1592
3444,85739,it,ACAB : All Cops Are Bastards,3.533,2012-01-27,7.0,828
3445,63700,en,My Babysitter's a Vampire,3.532,2010-10-09,7.0,393
3446,11826,en,Sexy Beast,3.531,2000-09-13,6.983,798
3447,332872,es,Julieta,3.535,2016-04-08,6.983,869
3448,310131,en,The Witch,4.835,2016-02-19,6.98,7121
3449,24163,cn,As Tears Go By,3.53,1988-06-09,7.0,326
3450,13320,en,Funny Face,3.532,1957-02-13,7.0,692
3451,1382,en,Me and You and Everyone We Know,3.536,2005-06-17,7.0,332
3452,1024,en,Heavenly Creatures,3.53,1994-09-12,7.0,934
3453,265228,fr,Timbuktu,3.572,2014-12-10,6.978,479
3454,11631,en,Mamma Mia!,3.898,2008-07-03,6.978,6605
3455,64685,en,Extremely Loud & Incredibly Close,3.539,2011-12-25,6.977,2023
3456,50393,en,Kung Fu Panda Holiday,3.532,2010-11-26,6.977,347
3457,18533,en,Bronson,3.576,2009-03-13,6.977,2498
3458,12149,en,Frailty,3.537,2002-04-12,7.0,1185
3459,402900,en,Ocean's Eight,4.327,2018-06-07,6.976,8367
3460,1255,ko,The Host,3.825,2006-07-27,6.976,2833
3461,398175,en,Brawl in Cell Block 99,3.543,2017-09-23,6.975,1437
3462,348668,da,A Conspiracy of Faith,3.535,2016-03-03,7.0,569
3463,14411,en,Sinbad: Legend of the Seven Seas,4.04,2003-07-02,6.973,2065
3464,1495,en,Kingdom of Heaven,4.083,2005-05-03,6.976,4399
3465,398,en,Capote,3.862,2005-09-30,6.975,1494
3466,758330,en,"Good Luck to You, Leo Grande",3.877,2022-06-16,6.974,550
3467,140870,fr,Minuscule: Valley of the Lost Ants,3.783,2013-11-17,6.974,453
3468,9909,en,Dangerous Minds,3.824,1995-08-11,6.974,1174
3469,504827,en,The Bob's Burgers Movie,3.552,2022-05-26,7.0,312
3470,8469,en,Animal House,4.03,1978-07-28,6.972,1546
3471,11576,en,"It's a Mad, Mad, Mad, Mad World",3.532,1963-11-07,7.0,604
3472,909,en,Meet Me in St. Louis,3.531,1944-11-28,7.0,390
3473,374475,de,Toni Erdmann,3.542,2016-07-14,7.0,1001
3474,321612,en,Beauty and the Beast,4.186,2017-03-16,6.97,15557
3475,97367,en,The Place Beyond the Pines,3.821,2013-03-20,6.971,4874
3476,11509,en,Silverado,3.53,1985-07-10,7.0,736
3477,718032,en,Licorice Pizza,3.879,2021-11-26,6.97,2311
3478,639721,en,The Addams Family 2,3.586,2021-10-01,6.97,1314
3479,29987,it,Facing Windows,3.536,2003-02-27,7.0,313
3480,14412,en,Body Heat,3.53,1981-08-28,7.0,615
3481,9487,en,A Bug's Life,4.336,1998-11-25,6.97,9249
3482,2054,en,Mr. Holland's Opus,3.53,1995-12-29,7.0,422
3483,567189,en,Tom Clancy's Without Remorse,3.546,2021-04-29,7.0,2478
3484,49530,en,In Time,4.693,2011-10-27,6.969,11510
3485,397837,en,Before I Fall,3.536,2017-03-02,7.0,3433
3486,49948,en,Fantasia 2000,3.57,2000-01-01,6.968,1288
3487,25670,en,Foreign Correspondent,3.531,1940-08-16,6.968,395
3488,11227,fr,Angel-A,3.531,2005-12-21,6.968,728
3489,1630,en,The People vs. Larry Flynt,3.53,1996-12-25,6.968,1139
3490,651,en,M*A*S*H,3.53,1970-02-18,6.968,1048
3491,232,en,Rumble Fish,3.53,1983-10-09,6.968,687
3492,619264,es,The Platform,4.156,2019-11-08,6.967,7279
3493,508791,en,The Sun Is Also a Star,3.539,2019-05-16,6.967,596
3494,501907,en,A Beautiful Day in the Neighborhood,3.791,2019-09-07,7.0,1635
3495,379149,en,The Foreigner,3.826,2017-09-28,7.0,2687
3496,6968,de,The Baader Meinhof Complex,3.532,2008-09-25,7.0,592
3497,758323,en,The Pope's Exorcist,3.87,2023-04-05,6.967,2818
3498,628534,en,The White Tiger,3.544,2021-01-13,6.966,900
3499,43923,en,It's Kind of a Funny Story,3.532,2010-10-08,7.0,2345
3500,11689,it,Crime Busters,3.567,1977-04-01,6.966,650
3501,9390,en,Jerry Maguire,4.073,1996-12-13,6.965,3356
3502,9386,en,In the Line of Fire,3.537,1993-07-08,6.966,1623
3503,8195,en,Ronin,3.825,1998-09-25,6.966,2414
3504,392,en,Chocolat,4.074,2000-12-22,6.967,3316
3505,830784,en,"Lyle, Lyle, Crocodile",3.555,2022-10-07,6.965,593
3506,523777,en,Next Gen,3.549,2018-09-07,6.965,779
3507,394741,en,Stan & Ollie,4.039,2018-12-28,6.961,1057
3508,381283,en,mother!,4.326,2017-09-13,6.965,6738
3509,37950,en,Charlie St. Cloud,3.532,2010-07-30,7.0,2173
3510,9045,fr,Amen.,3.825,2002-02-27,6.965,340
3511,834860,ja,RETURN,3.542,1985-01-01,6.964,616
3512,816904,es,Mummies,3.809,2023-01-05,7.0,467
3513,568467,en,Ammonite,3.542,2020-11-13,7.0,593
3514,458723,en,Us,3.616,2019-03-14,6.964,7444
3515,452187,fr,Le Brio,3.537,2017-11-22,7.0,883
3516,16153,en,Alice Doesn't Live Here Anymore,3.53,1974-12-09,7.0,468
3517,11616,it,Go for It,3.53,1983-02-01,7.0,500
3518,9392,en,The Descent,3.538,2005-07-08,7.0,3972
3519,703771,en,Deathstroke: Knights & Dragons - The Movie,3.547,2020-08-04,7.0,445
3520,13675,en,Frosty the Snowman,3.781,1969-12-07,6.963,351
3521,9880,en,The Princess Diaries,3.576,2001-08-03,7.0,4995
3522,263109,en,Shaun the Sheep Movie,4.035,2015-02-05,6.957,1404
3523,3033,en,Gods and Monsters,3.531,1998-09-12,7.0,364
3524,923667,cn,Twilight of the Warriors: Walled In,3.61,2024-04-23,7.0,308
3525,542417,en,Skin,3.576,2019-07-26,6.961,410
3526,343668,en,Kingsman: The Golden Circle,4.878,2017-09-20,6.96,10526
3527,77887,en,Hawaiian Vacation,3.783,2011-06-16,6.961,667
3528,24469,en,Fish Tank,3.532,2009-09-11,7.0,849
3529,22826,it,The Monster,3.53,1994-10-22,6.961,612
3530,9007,en,Just Like Heaven,3.607,2005-09-16,7.0,2366
3531,975773,en,Wicked Little Letters,3.883,2024-02-23,6.96,455
3532,581032,en,News of the World,3.545,2020-12-25,6.96,1779
3533,559969,en,El Camino: A Breaking Bad Movie,4.042,2019-10-11,6.96,4999
3534,491926,en,Resistance,3.543,2020-03-27,6.96,435
3535,6878,en,Homeward Bound: The Incredible Journey,3.567,1993-02-03,6.96,1025
3536,1272,en,Sunshine,3.828,2007-04-05,6.96,3864
3537,11257,en,A Room with a View,3.53,1985-12-13,6.954,769
3538,2750,en,24 Hour Party People,4.031,2002-02-13,6.958,464
3539,586,en,Wag the Dog,4.068,1997-12-25,6.955,958
3540,339692,en,Shot Caller,3.541,2017-07-13,7.0,2064
3541,337556,de,Emerald Green,3.535,2016-07-07,7.0,856
3542,20077,en,The Batman vs. Dracula,3.531,2005-10-18,7.0,359
3543,14030,en,"Hello, Dolly!",3.531,1969-12-12,7.0,360
3544,13809,en,RocknRolla,3.534,2008-09-04,7.0,3012
3545,11367,it,Odds and Evens,0.151,1978-10-28,7.0,392
3546,11033,en,Dressed to Kill,3.817,1980-07-25,6.958,978
3547,9555,en,Rabbit-Proof Fence,3.531,2002-02-04,6.958,358
3548,1573,en,Die Hard 2,4.868,1990-07-03,7.0,5919
3549,854,en,The Mask,4.916,1994-07-29,6.958,10464
3550,925102,fr,The Night of the 12th,3.552,2022-07-13,7.0,652
3551,412117,en,The Secret Life of Pets 2,3.793,2019-05-24,6.958,3099
3552,76492,en,Hotel Transylvania,4.286,2012-09-20,6.957,8717
3553,13198,en,Wristcutters: A Love Story,3.782,2007-10-19,6.957,562
3554,3053,en,The Fearless Vampire Killers,3.825,1967-11-13,6.957,760
3555,868,tn,Tsotsi,3.531,2005-12-23,7.0,323
3556,11337,en,Stardust Memories,3.53,1980-09-26,7.0,435
3557,921452,fr,Jeanne du Barry,4.064,2023-05-16,6.955,566
3558,175774,de,Ruby Red,3.533,2013-03-14,7.0,1117
3559,14506,en,The Adventures of Baron Munchausen,4.03,1988-12-07,7.0,901
3560,9952,en,Rescue Dawn,3.531,2006-09-09,7.0,1284
3561,796185,fr,The Three Musketeers: D'Artagnan,3.857,2023-04-05,6.954,1251
3562,25676,cn,Rob-B-Hood,3.531,2006-09-28,7.0,614
3563,12502,en,Silkwood,3.53,1983-12-14,7.0,325
3564,11006,en,Smokey and the Bandit,3.78,1977-05-26,7.0,731
3565,441829,en,Team Thor: Part 2,3.535,2017-02-14,7.0,329
3566,38366,it,The Cyclone,3.53,1996-12-20,6.953,739
3567,12889,en,Futurama: The Beast with a Billion Backs,4.032,2008-06-30,6.941,563
3568,10776,en,Little Shop of Horrors,4.079,1986-12-19,6.949,1478
3569,9542,en,The Hitcher,3.53,1986-01-17,7.0,954
3570,972614,en,Knox Goes Away,4.16,2024-03-15,6.954,355
3571,458253,en,Missing Link,3.545,2019-04-04,7.0,860
3572,450489,en,Irreplaceable You,3.537,2018-02-16,7.0,701
3573,37495,en,Four Lions,3.788,2010-05-07,6.951,1161
3574,2758,en,Addams Family Values,4.362,1993-11-19,6.949,3045
3575,937287,en,Challengers,4.157,2024-04-18,6.95,2077
3576,820722,es,The Good Boss,3.547,2021-10-15,7.0,419
3577,491472,en,At Eternity's Gate,3.788,2018-11-15,6.95,1468
3578,274870,en,Passengers,2.723,2016-12-21,6.95,13421
3579,9732,en,The Lion King II: Simba's Pride,3.63,1998-10-24,7.0,4451
3580,8653,ko,The Isle,3.536,2000-04-22,7.0,331
3581,2048,en,"I, Robot",4.986,2004-07-15,6.95,11933
3582,468224,en,Tolkien,3.789,2019-05-03,6.9,1436
3583,103747,en,The Angels' Share,3.828,2012-06-01,6.949,575
3584,11527,en,Excalibur,3.53,1981-04-10,6.9,1024
3585,1165,en,The Queen,3.568,2006-09-15,6.949,1322
3586,359410,en,Road House,4.156,2024-03-08,6.9,2434
3587,46705,en,Blue Valentine,3.82,2010-12-26,6.9,3281
3588,12528,en,Southern Comfort,3.53,1981-09-24,6.9,318
3589,10707,en,The Squid and the Whale,3.568,2005-10-05,6.948,977
3590,725201,en,The Gray Man,4.096,2022-07-13,6.947,3758
3591,407890,en,Lean on Pete,3.537,2018-04-06,6.947,337
3592,103269,en,Superman vs. The Elite,3.533,2012-06-12,6.9,403
3593,1412,en,"sex, lies, and videotape",3.567,1989-08-04,6.9,927
3594,551271,en,Medieval,3.554,2022-09-08,6.945,488
3595,339987,en,The Exception,3.537,2017-06-02,6.945,434
3596,65215,en,Family Guy Presents: Stewie Griffin: The Untold Story,3.531,2005-07-23,6.9,391
3597,24684,en,An Education,3.532,2009-10-29,6.9,1320
3598,12225,en,Cashback,2.933,2007-01-17,6.946,1270
3599,8072,fr,Alphaville,3.532,1965-05-05,6.945,553
3600,2253,en,Valkyrie,3.538,2008-12-25,6.9,3770
3601,429199,fi,The Other Side of Hope,3.535,2017-02-03,6.9,319
3602,227735,en,Dolphin Tale 2,3.534,2014-09-11,6.9,351
3603,659,de,The Tin Drum,3.53,1979-05-02,6.944,474
3604,320,en,Insomnia,3.576,2002-05-24,6.943,4818
3605,664031,it,Out of My League,3.542,2020-10-22,6.943,470
3606,180863,en,T2 Trainspotting,4.335,2017-01-27,6.943,3157
3607,55787,en,Water for Elephants,3.532,2011-04-15,6.9,2532
3608,13127,cn,SPL: Kill Zone,3.531,2005-11-18,6.9,317
3609,11536,en,The Misfits,3.568,1961-02-01,6.943,384
3610,10882,en,Sleeping Beauty,3.577,1959-02-17,6.943,5204
3611,10122,en,Flight of the Navigator,4.53,1986-07-30,6.9,858
3612,1643,it,Last Tango in Paris,3.818,1972-12-15,6.943,1234
3613,1139566,es,Through My Window 3: Looking at You,3.855,2024-02-23,6.942,596
3614,718789,en,Lightyear,3.878,2022-06-15,6.9,3495
3615,355111,en,Barbie in Rock 'N Royals,3.534,2015-08-12,6.9,301
3616,283564,en,SlugTerra: Return of the Elementals,3.534,2014-08-02,6.9,343
3617,204082,en,Homefront,3.909,2013-11-12,6.942,3549
3618,74534,en,The Best Exotic Marigold Hotel,3.534,2012-02-23,6.9,1354
3619,33680,en,Grand Hotel,3.531,1932-05-25,6.942,313
3620,11916,en,Two Mules for Sister Sara,3.53,1970-03-02,6.9,591
3621,734265,en,Love Hard,3.548,2021-11-05,6.941,1509
3622,37653,fr,The Three Brothers,3.53,1995-12-13,6.9,751
3623,31967,en,Dante's Inferno: An Animated Epic,2.348,2010-02-09,6.9,520
3624,12153,en,White Chicks,4.093,2004-06-23,6.939,4112
3625,9778,en,Serendipity,3.569,2001-10-05,6.943,1955
3626,868759,en,Ghosted,3.654,2023-04-18,6.94,1881
3627,11864,en,Enemy Mine,3.53,1985-12-12,6.9,981
3628,192141,en,No Escape,3.828,2015-08-26,6.9,2556
3629,23479,en,The Bad News Bears,3.53,1976-04-06,6.9,302
3630,14637,en,Nothing But the Truth,3.532,2008-12-19,6.9,491
3631,646389,en,Plane,4.353,2023-01-12,6.938,2314
3632,599281,en,Fear of Rain,3.544,2021-02-12,6.9,530
3633,458342,en,Private Life,3.538,2018-10-05,6.9,373
3634,384677,en,Set It Up,3.582,2018-06-15,6.938,2674
3635,18573,en,House of Wax,3.781,1953-04-16,6.9,341
3636,16093,en,Carnival of Souls,3.606,1962-11-02,6.938,478
3637,12101,en,Soylent Green,3.782,1973-04-18,6.9,1294
3638,76025,en,Shame,3.533,2011-10-02,6.938,3201
3639,49018,en,Insidious,3.865,2011-03-31,6.9,6869
3640,11893,en,Runaway Train,3.53,1985-11-15,6.9,589
3641,564,en,The Mummy,5.088,1999-04-16,6.936,9238
3642,3432,en,Mr. Brooks,3.532,2007-06-01,6.936,1721
3643,1553,fr,The Beat That My Heart Skipped,3.531,2005-03-16,6.9,452
3644,676,en,Pearl Harbor,4.371,2001-05-21,6.936,6599
3645,33914,en,Frankenweenie,3.535,1984-12-14,6.935,416
3646,19703,hi,A Wednesday!,3.532,2008-09-05,6.935,321
3647,11820,en,Mona Lisa Smile,3.57,2003-12-19,6.935,1757
3648,116440,en,"Maggie Simpson in ""The Longest Daycare""",3.533,2012-07-12,6.934,363
3649,13435,en,Antwone Fisher,3.531,2002-12-19,6.9,512
3650,8390,en,"Definitely, Maybe",3.821,2008-02-08,6.934,2462
3651,400535,en,Sicario: Day of the Soldado,4.099,2018-06-27,6.933,3658
3652,227973,en,The Peanuts Movie,4.074,2015-11-05,6.93,1670
3653,120475,ja,Dragon Ball: Episode of Bardock,3.783,2011-12-17,6.933,388
3654,28053,en,City Island,3.532,2009-03-06,6.9,373
3655,883,en,Coffee and Cigarettes,3.536,2004-03-12,6.9,951
3656,760336,en,Munich – The Edge of War,3.548,2021-12-31,6.9,581
3657,457332,en,Hidden Strike,3.566,2023-07-06,6.9,994
3658,48714,en,The Big Shave,3.536,1967-12-29,6.932,338
3659,11205,cn,Wheels on Meals,3.536,1984-08-17,6.9,389
3660,931,en,Don't Look Now,3.53,1973-10-11,6.9,1078
3661,364,en,Batman Returns,4.094,1992-06-19,6.9,6624
3662,534259,en,Blinded by the Light,3.539,2019-08-09,6.9,580
3663,304410,fr,The Bélier Family,4.078,2014-12-17,6.933,2376
3664,175112,en,Tinker Bell and the Pirate Fairy,3.54,2014-02-13,6.9,1019
3665,93456,en,Despicable Me 2,4.614,2013-06-26,6.9,11405
3666,60670,fr,The Crimson Rivers,4.08,2000-09-27,6.931,1558
3667,19204,it,The Beyond,3.535,1981-04-22,6.9,590
3668,11971,en,Much Ado About Nothing,3.535,1993-05-07,6.9,742
3669,11329,en,Runaway Jury,3.803,2003-01-16,6.932,1325
3670,10166,en,The Witches,3.567,1990-05-25,6.9,1269
3671,402,en,Basic Instinct,3.569,1992-03-20,6.9,3966
3672,228108,en,The Road Within,3.534,2014-10-24,6.9,380
3673,12244,en,9,4.327,2009-08-19,6.928,3595
3674,9434,en,Grosse Pointe Blank,4.03,1997-04-11,6.927,934
3675,5876,en,The Mist,3.571,2007-11-21,6.9,5329
3676,713704,en,Evil Dead Rise,3.612,2023-04-12,6.9,3208
3677,465914,en,If Beale Street Could Talk,3.543,2018-12-14,6.9,1144
3678,114955,en,Let It Shine,3.533,2012-06-15,6.9,302
3679,68721,en,Iron Man 3,4.62,2013-04-18,6.928,22399
3680,717980,en,Sharper,3.597,2023-02-10,6.928,567
3681,614488,fr,Street Flow,3.54,2019-10-12,6.9,353
3682,422803,en,A Shaun the Sheep Movie: Farmageddon,3.54,2019-09-26,6.928,531
3683,347031,en,Swiss Army Man,3.787,2016-06-24,6.927,3546
3684,179826,en,Odd Thomas,3.534,2013-01-29,6.9,1352
3685,1890,en,Children of a Lesser God,3.53,1986-09-13,6.9,320
3686,26466,en,Triangle,3.784,2009-10-16,6.927,2658
3687,24420,en,The Time Traveler's Wife,3.783,2009-08-14,6.927,2513
3688,10228,ja,Pokémon: The First Movie,3.531,1998-07-18,6.9,1469
3689,658760,de,Isi & Ossi,3.54,2020-02-14,6.9,912
3690,617762,en,The Electrical Life of Louis Wain,3.547,2021-10-21,6.9,458
3691,590854,pl,The Hater,3.54,2020-03-06,6.926,551
3692,168903,en,Barbie in the Pink Shoes,3.533,2013-02-14,6.9,380
3693,68341,ja,Cold Fish,3.782,2011-01-29,6.926,351
3694,25508,en,Cat People,3.531,1942-12-05,6.926,601
3695,16938,en,Black Christmas,3.537,1974-10-11,6.9,835
3696,9812,en,Thursday,3.531,1998-09-25,6.9,325
3697,204668,fr,Belle and Sebastian,3.533,2013-12-18,6.9,656
3698,58522,it,Boris: The Film,3.782,2011-04-01,6.9,602
3699,9929,fr,Asterix and Cleopatra,4.031,1968-12-19,6.9,956
3700,484482,fr,Sink or Swim,3.543,2018-10-24,6.9,1505
3701,11076,en,Fly Away Home,3.53,1996-09-13,6.9,470
3702,2289,en,Cold Mountain,3.532,2003-12-24,6.9,1813
3703,334304,fr,Belle and Sebastian: The Adventure Continues,3.534,2015-12-08,6.9,346
3704,778,fr,Monsieur Hulot's Holiday,3.531,1953-02-25,6.9,472
3705,426613,en,The Miseducation of Cameron Post,3.538,2018-07-18,6.9,969
3706,363088,en,Ant-Man and the Wasp,4.303,2018-07-04,6.922,13462
3707,308266,en,War Dogs,4.651,2016-08-18,6.921,5011
3708,10560,en,Center Stage,3.531,2000-05-12,6.9,338
3709,1770,en,Michael Collins,3.53,1996-10-25,6.922,476
3710,384680,en,Hostiles,3.537,2017-12-22,6.9,2316
3711,369883,en,Middle School: The Worst Years of My Life,3.535,2016-10-07,6.921,419
3712,338967,en,Zombieland: Double Tap,4.079,2019-10-09,6.92,5804
3713,62837,en,Dolphin Tale,3.533,2011-09-22,6.9,650
3714,31900,fr,Gainsbourg: A Heroic Life,3.532,2010-01-20,6.921,335
3715,25196,en,Crazy Heart,3.532,2009-12-16,6.9,1073
3716,19933,en,The Brave Little Toaster,4.03,1987-07-09,6.92,440
3717,17965,en,The Abominable Dr. Phibes,3.53,1971-05-18,6.9,315
3718,13192,en,Moonwalker,3.53,1988-10-29,6.921,549
3719,10644,en,The Unbearable Lightness of Being,3.567,1988-02-05,6.9,461
3720,1381,en,The Fountain,3.837,2006-11-22,6.921,2836
3721,49519,en,The Croods,4.287,2013-03-15,6.919,7138
3722,10236,en,The Way We Were,3.53,1973-10-17,6.9,463
3723,10027,en,Unleashed,3.831,2005-02-02,6.92,2018
3724,8068,en,Desperado,4.367,1995-08-25,6.92,2896
3725,699102,en,A Week Away,3.544,2021-03-26,6.9,389
3726,591538,en,The Tragedy of Macbeth,3.803,2021-12-05,6.919,771
3727,447404,en,Pokémon Detective Pikachu,4.54,2019-05-03,6.9,6932
3728,17445,en,Green Lantern: First Flight,3.532,2009-07-28,6.9,446
3729,1662,en,State of Grace,3.53,1990-09-14,6.9,354
3730,335787,en,Uncharted,4.846,2022-02-10,6.916,6158
3731,84329,en,Robot & Frank,4.033,2012-08-16,6.919,1089
3732,16281,en,Creepshow,3.568,1982-11-10,6.9,1053
3733,9663,en,Starman,3.53,1984-12-13,6.9,883
3734,203819,en,Tracks,0.151,2013-12-19,6.9,526
3735,196254,en,Barbie Mariposa & the Fairy Princess,3.533,2013-08-25,6.917,314
3736,12919,en,Can't Buy Me Love,3.536,1987-08-14,6.9,675
3737,10530,en,Pocahontas,4.072,1995-06-14,6.915,5750
3738,2259,en,The House of the Spirits,3.568,1993-10-21,6.9,695
3739,1832,en,Dogma,4.58,1999-11-12,6.916,2570
3740,1267,en,Meet the Robinsons,4.573,2007-03-23,6.914,2914
3741,618416,en,Penguin Bloom,3.544,2021-01-21,6.9,313
3742,602223,en,The Forever Purge,3.796,2021-06-30,6.915,2527
3743,397538,sv,Borg vs McEnroe,3.537,2017-09-08,6.915,1153
3744,33196,ko,Tidal Wave,3.532,2009-07-22,6.9,465
3745,14410,en,Notorious,3.532,2009-01-16,6.9,725
3746,892153,en,Tom and Jerry Cowboy Up!,3.548,2022-01-24,6.9,442
3747,660942,no,The Innocents,3.547,2021-09-03,6.914,618
3748,170657,zh,Journey to the West: Conquering the Demons,3.572,2013-02-07,6.914,383
3749,11571,en,Journey to the Center of the Earth,3.531,1959-12-15,6.9,467
3750,1109255,it,Parthenope,5.105,2024-10-19,6.9,436
3751,932086,en,Horizon: An American Saga - Chapter 1,3.909,2024-06-26,6.911,477
3752,642208,en,Supernova,3.542,2020-11-20,6.9,320
3753,164052,en,The Strange Thing About the Johnsons,3.782,2011-01-22,6.909,329
3754,157350,en,Divergent,3.881,2014-03-14,6.9,12912
3755,85446,en,Step Up Revolution,3.571,2012-07-26,6.9,2052
3756,20762,en,The Substitute,3.53,1996-04-19,6.9,497
3757,4836,en,Layer Cake,4.369,2004-09-30,6.91,2158
3758,1029281,en,Strange Darling,4.3,2024-08-22,6.9,452
3759,308,en,Broken Flowers,3.531,2005-07-31,6.9,1361
3760,1535,en,Spy Game,4.075,2001-11-18,6.91,2144
3761,1005331,en,Carry-On,5.141,2024-12-05,6.9,2011
3762,354859,en,The Promise,3.535,2016-12-02,6.9,471
3763,14310,cn,Infernal Affairs III,3.531,2003-12-12,6.9,334
3764,13416,en,Friday Night Lights,3.569,2004-10-08,6.9,575
3765,1808,en,Velvet Goldmine,3.531,1998-08-28,6.9,508
3766,210479,en,Locke,3.573,2014-04-10,6.909,2708
3767,140300,en,Kung Fu Panda 3,4.902,2016-01-23,6.909,6145
3768,70667,no,Kon-Tiki,3.533,2012-08-24,6.9,762
3769,45284,ja,Outrage,3.532,2010-05-17,6.9,428
3770,423899,en,Victoria & Abdul,3.537,2017-09-13,6.9,1155
3771,91010,en,Game Change,3.57,2012-02-28,6.9,322
3772,68726,en,Pacific Rim,4.851,2013-07-11,6.907,12599
3773,19494,en,Nine to Five,3.53,1980-12-18,6.9,504
3774,14746,en,Streets of Fire,3.53,1984-06-01,6.9,501
3775,10423,en,Dragon: The Bruce Lee Story,3.53,1993-05-07,6.908,751
3776,9362,en,Tremors,4.532,1990-01-19,6.9,3310
3777,6418,en,Hotel Chevalier,3.569,2007-10-26,6.908,850
3778,1999,en,In the Bedroom,3.531,2001-11-23,6.9,359
3779,953,en,Madagascar,4.687,2005-05-25,6.908,11019
3780,500860,en,The Mustang,3.539,2019-03-15,6.9,393
3781,361292,en,Suspiria,4.326,2018-10-26,6.9,2562
3782,153158,es,Underdogs,3.533,2013-07-18,6.907,498
3783,38408,en,Life As We Know It,3.895,2010-10-02,6.9,3144
3784,21588,it,Cemetery Man,3.53,1994-03-25,6.9,519
3785,495764,en,Birds of Prey (and the Fantabulous Emancipation of One Harley Quinn),4.988,2020-02-05,6.904,10363
3786,402431,en,Wicked,8.612,2024-11-20,6.9,1918
3787,360784,en,Hidden,4.041,2015-09-15,6.905,1039
3788,676547,en,Prey for the Devil,3.561,2022-10-23,6.9,935
3789,560016,en,Monkey Man,3.642,2024-04-03,6.904,1083
3790,252822,no,In Order of Disappearance,3.539,2014-02-21,6.904,624
3791,226857,en,Endless Love,3.789,2014-02-12,6.9,1698
3792,51162,en,Winnie the Pooh,3.533,2011-04-06,6.904,882
3793,27233,ja,Kids Return,3.829,1996-07-27,6.904,308
3794,13253,en,Futurama: Bender's Game,4.032,2008-11-03,6.892,553
3795,2322,en,Sneakers,4.039,1992-09-09,6.904,931
3796,310593,it,Youth,4.11,2015-05-20,6.903,2070
3797,12187,en,Heart and Souls,3.53,1993-08-13,6.9,387
3798,505706,de,The Golden Glove,3.539,2019-02-21,6.9,538
3799,113947,en,The Sessions,3.827,2012-05-02,6.902,564
3800,110415,ko,Snowpiercer,4.628,2013-08-01,6.902,9690
3801,11561,en,Sleeper,3.53,1973-12-17,6.9,789
3802,12763,en,Take the Lead,3.536,2006-03-17,6.901,704
3803,10779,en,The Frighteners,3.53,1996-07-18,6.9,1564
3804,9692,en,The Woodsman,3.536,2004-12-24,6.901,491
3805,437109,ko,The Villainess,3.537,2017-06-08,6.9,708
3806,308084,en,Tangerine,3.784,2015-07-10,6.899,711
3807,24100,en,The Little Vampire,3.531,2000-10-27,6.9,437
3808,22599,en,Star,3.531,2001-06-01,6.9,301
3809,12476,en,The Hidden,3.53,1987-10-30,6.9,426
3810,4193,en,Evil Under the Sun,3.535,1982-03-05,6.9,445
3811,2295,en,Clerks II,3.536,2006-07-21,6.9,1362
3812,1987,de,Benny's Video,3.53,1992-10-20,6.9,354
3813,400136,ja,Resident Evil: Vendetta,3.537,2017-05-27,6.9,995
3814,291984,en,The Death & Life of John F. Donovan,3.539,2019-03-13,6.9,696
3815,221902,fr,"Two Days, One Night",3.534,2014-05-21,6.9,944
3816,17578,en,The Adventures of Tintin,4.085,2011-10-24,6.899,5438
3817,11477,es,Common Wealth,3.531,2000-09-29,6.9,312
3818,741074,en,Once Upon a Snowman,3.542,2020-10-23,6.9,542
3819,739993,en,Metal Lords,3.8,2022-04-08,6.896,666
3820,454652,en,Colette,3.538,2018-09-21,6.898,903
3821,131634,en,The Hunger Games: Mockingjay - Part 2,4.808,2015-11-18,6.897,12659
3822,9300,en,Orlando,4.067,1992-12-11,6.898,334
3823,6471,en,The Jerk,3.818,1979-12-14,6.898,825
3824,820525,en,After Everything,3.615,2023-09-13,6.896,907
3825,512200,en,Jumanji: The Next Level,4.302,2019-12-04,6.896,8801
3826,423646,de,In the Fade,3.537,2017-11-23,6.9,819
3827,399402,en,Hunter Killer,3.539,2018-10-19,6.9,2202
3828,307103,fr,SK1,3.534,2015-01-07,6.897,311
3829,2196,en,Death at a Funeral,3.783,2007-08-17,6.897,1764
3830,547,en,The Horse Whisperer,3.532,1998-02-01,6.897,1117
3831,531876,en,The Outpost,3.547,2020-06-24,6.9,1060
3832,323372,es,The Corpse of Anna Fritz,3.535,2015-03-15,6.896,544
3833,16270,en,Career Opportunities,3.53,1991-03-29,6.9,666
3834,10083,en,No Way Out,3.536,1987-08-14,6.896,711
3835,556694,en,Three Thousand Years of Longing,3.847,2022-08-24,6.895,1401
3836,519465,da,Queen of Hearts,3.541,2019-03-27,6.9,305
3837,470229,en,Summer of 84,3.538,2018-08-10,6.9,1336
3838,79108,fr,Starbuck,3.783,2011-07-27,6.895,440
3839,425134,en,How to Be a Latin Lover,3.535,2017-03-06,6.9,629
3840,33583,it,The Decameron,3.53,1971-08-25,6.894,329
3841,13931,en,Mike's New Car,3.607,2002-05-24,6.894,709
3842,1072790,en,Anyone But You,4.439,2023-12-21,6.9,2454
3843,758679,en,Mothers' Instinct,3.698,2024-01-11,6.9,469
3844,449992,id,The Night Comes for Us,3.539,2018-10-05,6.9,713
3845,390043,en,The Hitman's Bodyguard,4.042,2017-08-16,6.891,6272
3846,22373,it,Saturn in Opposition,3.537,2007-02-23,6.9,378
3847,9871,en,Ginger Snaps,3.536,2000-12-11,6.9,881
3848,1371,en,Rocky III,3.856,1982-05-28,6.893,4175
3849,602,en,Independence Day,4.62,1996-06-25,6.891,9715
3850,10443,en,Fearless,3.53,1993-10-15,6.9,317
3851,541134,en,The Good Nurse,3.592,2022-10-19,6.89,1267
3852,322125,fr,A Perfect Man,3.534,2015-03-18,6.89,670
3853,17360,en,Escape to Victory,3.53,1981-06-17,6.9,928
3854,10323,en,Clash of the Titans,3.53,1981-06-12,6.9,778
3855,10217,en,The Sweet Hereafter,3.531,1997-09-25,6.9,395
3856,1958,fr,8 Women,3.531,2002-02-06,6.9,994
3857,1951,da,Manderlay,3.781,2005-06-03,6.9,350
3858,537055,en,Wonder Woman: Bloodlines,3.54,2019-10-04,6.9,481
3859,59967,en,Looper,4.337,2012-09-26,6.889,10271
3860,13939,en,Death Wish,3.53,1974-07-24,6.9,867
3861,11393,en,The Natural,3.53,1984-05-11,6.9,596
3862,710,en,GoldenEye,4.401,1995-11-16,6.888,3960
3863,249,en,The War of the Roses,3.78,1989-12-08,6.889,1133
3864,419743,en,Disobedience,3.54,2018-04-24,6.9,1209
3865,177888,en,Teen Beach Movie,3.534,2013-08-07,6.9,918
3866,833425,en,No Exit,3.555,2022-02-24,6.887,1177
3867,805327,en,Look Both Ways,3.553,2022-08-16,6.887,663
3868,25195,en,Leap Year,4.164,2010-01-08,6.888,2043
3869,22494,en,Frequently Asked Questions About Time Travel,4.282,2009-04-24,6.879,606
3870,7305,en,Alive,3.53,1993-01-15,6.9,1470
3871,254,en,King Kong,4.447,2005-12-12,6.886,7969
3872,340684,en,Those People,3.534,2015-05-16,6.9,343
3873,245473,en,Cloud 9,3.533,2014-01-17,6.9,525
3874,83542,en,Cloud Atlas,4.042,2012-10-26,6.886,7141
3875,17979,en,A Christmas Carol,3.574,2009-11-04,6.9,4643
3876,934761,en,A Perfect Pairing,3.551,2022-05-19,6.9,550
3877,777245,en,Women Talking,4.057,2022-12-23,6.9,608
3878,727745,en,The Kissing Booth 3,3.547,2021-08-11,6.885,1925
3879,13179,en,Tinker Bell,3.577,2008-09-11,6.885,1455
3880,930921,it,Strangeness,3.817,2022-10-27,6.883,324
3881,587301,fr,School Life,3.539,2019-08-28,6.884,783
3882,495193,en,Benji,3.538,2018-03-16,6.9,303
3883,605886,en,To Catch a Killer,3.6,2023-04-06,6.882,1117
3884,337170,en,American Made,4.082,2017-08-18,6.883,4576
3885,31997,en,Saboteur,3.531,1942-04-24,6.9,509
3886,9602,en,Coming to America,4.368,1988-06-29,6.883,4409
3887,9567,en,Tears of the Sun,3.573,2003-03-07,6.9,2391
3888,2163,en,Breakdown,3.781,1997-05-02,6.9,956
3889,718633,en,Bruised,3.542,2020-09-12,6.9,452
3890,77459,fr,A Monster in Paris,4.283,2011-10-12,6.878,1268
3891,57214,en,Project X,4.168,2012-03-01,6.882,6439
3892,35854,cn,Flash Point,3.532,2007-07-26,6.9,326
3893,31175,de,Soul Kitchen,3.787,2009-09-09,6.882,538
3894,9003,en,Hellraiser,3.531,1987-09-11,6.9,2608
3895,514207,ru,Invasion,3.541,2020-02-27,6.9,814
3896,232672,en,Blended,4.141,2014-05-21,6.881,3582
3897,7291,fr,36th Precinct,3.826,2004-11-24,6.881,582
3898,846,en,The X-Files,3.569,1998-06-19,6.881,1628
3899,15805,en,Batman & Mr. Freeze: SubZero,3.531,1998-02-11,6.9,444
3900,9359,en,Maverick,4.03,1994-05-20,6.877,1621
3901,2023,en,Hidalgo,3.531,2004-02-04,6.9,1233
3902,1241320,ja,Kingdom IV: Return of the Great General,4.173,2024-07-12,6.879,461
3903,526050,en,Little,3.539,2019-04-04,6.9,719
3904,522098,en,Babyteeth,3.541,2020-06-15,6.9,355
3905,133121,ja,Resident Evil: Damnation,3.534,2012-09-25,6.9,907
3906,64688,en,21 Jump Street,4.624,2012-03-14,6.9,10388
3907,4012,en,The Believer,4.112,2001-08-23,6.879,613
3908,1172676,en,Poison,3.822,2023-09-29,6.882,437
3909,297802,en,Aquaman,3.322,2018-12-07,6.878,14228
3910,296524,en,Deepwater Horizon,3.543,2016-09-28,6.878,4588
3911,13785,en,Best in Show,4.031,2000-09-29,6.864,582
3912,9344,en,Kids,3.782,1995-07-28,6.878,1157
3913,8882,it,Gomorrah,3.539,2008-05-16,6.9,1226
3914,919,ja,Blood: The Last Vampire,3.531,2000-11-18,6.9,340
3915,436270,en,Black Adam,4.436,2022-10-19,6.9,6459
3916,18254,en,Reds,3.53,1981-12-25,6.9,334
3917,10934,en,Under the Tuscan Sun,3.568,2003-09-20,6.9,880
3918,10019,en,Mannequin,4.031,1987-02-13,6.869,756
3919,317560,en,Carrie Pilby,3.535,2017-03-31,6.9,432
3920,2140,en,Kiss of the Dragon,3.82,2001-07-06,6.9,1222
3921,242090,en,The One I Love,3.784,2014-08-08,6.875,706
3922,116979,en,Chained,3.57,2012-10-02,6.875,493
3923,10858,en,Nixon,3.53,1995-12-22,6.9,371
3924,10015,en,Heartbreak Ridge,3.53,1986-12-05,6.9,1035
3925,9263,en,Now and Then,3.53,1995-10-20,6.9,437
3926,342672,en,4th Man Out,3.534,2015-05-26,6.9,330
3927,256591,en,Focus,4.573,2015-02-25,6.873,7903
3928,1102776,fr,AKA,3.857,2023-04-28,6.873,641
3929,746131,fr,"Paris, 13th District",3.548,2021-11-03,6.873,342
3930,48769,fr,Gramps Is in the Resistance,3.823,1983-10-26,6.873,404
3931,11879,en,Near Dark,3.53,1987-10-02,6.873,766
3932,8052,en,Hard Eight,3.78,1996-05-15,6.873,863
3933,592834,en,My Spy,3.792,2020-01-09,6.872,1273
3934,13909,en,She Wore a Yellow Ribbon,3.531,1949-10-22,6.9,363
3935,10218,en,Swingers,3.53,1996-10-18,6.9,744
3936,632856,en,Spirited,3.807,2022-11-10,6.871,652
3937,51999,en,Perfect Sense,3.783,2011-09-29,6.871,1155
3938,34463,en,Three Little Pigs,3.531,1933-05-27,6.9,400
3939,14367,en,Adventures in Babysitting,3.53,1987-07-01,6.9,680
3940,11156,fr,Coco Before Chanel,3.538,2009-04-22,6.871,955
3941,9667,en,The Jacket,3.607,2005-03-04,6.9,1531
3942,8009,en,Highlander,3.531,1986-03-07,6.9,2661
3943,7551,en,Déjà Vu,3.877,2006-11-22,6.871,4890
3944,929590,en,Civil War,4.237,2024-04-10,6.87,3401
3945,473072,en,2036: Nexus Dawn,3.537,2017-08-30,6.9,380
3946,265189,sv,Force Majeure,3.785,2014-08-15,6.87,1087
3947,39104,ja,Dragon Ball Z: Super Android 13!,3.542,1992-07-11,6.9,557
3948,11593,en,Nobody's Fool,3.53,1994-12-23,6.87,308
3949,10276,en,What About Bob?,3.53,1991-05-17,6.9,830
3950,9591,en,That Thing You Do!,3.568,1996-10-04,6.9,848
3951,8953,ja,Steamboy,3.531,2004-07-17,6.87,440
3952,3472,en,Dirty Pretty Things,3.568,2002-09-05,6.9,450
3953,2469,es,Tie Me Up! Tie Me Down!,3.53,1990-01-22,6.9,629
3954,513310,en,Boss Level,3.832,2021-02-19,6.864,1669
3955,171372,en,Frank,3.784,2014-05-09,6.869,1625
3956,127560,en,The Railway Man,3.533,2013-12-02,6.9,739
3957,1921,en,Sweet November,3.781,2001-02-16,6.869,1333
3958,513347,zh,Flavors of Youth,3.788,2018-08-04,6.868,558
3959,337401,en,Mulan,4.348,2020-09-04,6.869,6738
3960,44896,en,Rango,3.825,2011-03-02,6.868,6610
3961,35138,zh,Little Big Soldier,3.532,2010-02-14,6.9,311
3962,16962,en,Barbie Fairytopia: Magic of the Rainbow,3.532,2007-03-13,6.9,443
3963,9942,en,Major League,4.03,1989-02-16,6.862,797
3964,9762,en,Step Up,3.568,2006-08-11,6.9,3726
3965,294963,en,Bone Tomahawk,3.786,2015-10-23,6.866,2276
3966,22947,en,Up in the Air,3.833,2009-12-04,6.867,3682
3967,21506,ja,Noroi: The Curse,3.532,2005-08-20,6.867,342
3968,11087,en,The Hand that Rocks the Cradle,3.53,1992-01-10,6.867,904
3969,1680,ja,King Kong vs. Godzilla,3.531,1962-08-11,6.9,311
3970,532865,en,The Dig,3.544,2021-01-14,6.9,1210
3971,402298,en,Denial,3.823,2016-09-30,6.865,657
3972,278927,en,The Jungle Book,4.876,2016-04-07,6.865,8114
3973,18444,en,Swiss Family Robinson,3.531,1960-12-21,6.9,317
3974,8326,en,Holes,3.532,2003-04-18,6.9,1403
3975,1246,en,Rocky Balboa,3.822,2006-12-20,6.866,3525
3976,1182047,en,The Apprentice,4.681,2024-10-09,6.9,568
3977,15167,en,Barbie in the Nutcracker,3.531,2001-09-30,6.9,1055
3978,1824,en,50 First Dates,4.665,2004-02-13,6.865,7286
3979,1648,en,Bill & Ted's Excellent Adventure,4.291,1989-02-17,6.864,1892
3980,467956,en,The Professor,3.575,2018-05-17,6.864,1167
3981,393457,en,Fences,3.542,2016-12-16,6.864,2632
3982,337339,en,The Fate of the Furious,3.035,2017-04-12,6.864,10371
3983,85889,en,Filth,3.572,2013-09-23,6.9,1742
3984,28501,en,The Pit and the Pendulum,3.531,1961-08-23,6.9,338
3985,1034541,en,Terrifier 3,4.126,2024-10-09,6.9,1501
3986,974262,en,Descendants: The Rise of Red,3.65,2024-07-11,6.9,395
3987,339405,en,Christine,3.535,2016-10-14,6.9,373
3988,181886,en,Enemy,3.79,2014-03-14,6.863,5943
3989,50839,en,Margin Call,4.079,2011-09-28,6.863,1840
3990,15143,en,Some Kind of Wonderful,3.53,1987-02-27,6.9,479
3991,11170,en,We Are Marshall,3.532,2006-12-12,6.9,724
3992,9451,en,Election,4.031,1999-04-23,6.9,1086
3993,432087,fr,Back to Burgundy,3.787,2017-06-14,6.862,577
3994,82507,en,Sinister,3.572,2012-03-29,6.9,5585
3995,21946,fr,Counter Investigation,3.532,2007-03-07,6.9,315
3996,17845,nl,Loft,3.532,2008-10-21,6.862,399
3997,5889,ja,Azumi,3.531,2003-05-10,6.9,337
3998,956842,en,Fly Me to the Moon,4.468,2024-07-10,6.857,835
3999,718821,en,Twisters,3.745,2024-07-10,6.861,2285
4000,426865,en,UFO,3.788,2018-09-04,6.861,447
4001,360920,en,The Grinch,3.578,2018-11-08,6.86,4124
4002,110390,sv,A Pigeon Sat on a Branch Reflecting on Existence,3.785,2014-10-24,6.9,458
4003,846867,en,Mad God,3.585,2021-09-17,6.86,432
4004,82424,en,Small Fry,3.783,2011-11-23,6.86,553
4005,6399,it,Who Finds a Friend Finds a Treasure,3.78,1981-12-09,6.866,621
4006,192136,en,Mandela: Long Walk to Freedom,3.533,2013-11-28,6.859,533
4007,57737,en,Barbie: A Fairy Secret,3.532,2011-03-01,6.9,504
4008,9476,en,A Knight's Tale,4.071,2001-05-11,6.858,3102
4009,254578,de,Phoenix,3.534,2014-09-25,6.9,437
4010,9059,en,Tales from the Crypt: Demon Knight,3.53,1995-01-13,6.9,495
4011,8769,en,Christine,3.53,1983-12-09,6.9,2018
4012,11134,cn,Police Story 3: Super Cop,3.53,1992-07-04,6.9,507
4013,1934,en,Shakespeare in Love,3.824,1998-12-11,6.857,3028
4014,8367,en,Robin Hood: Prince of Thieves,3.533,1991-06-14,6.856,3313
4015,2039,en,Moonstruck,3.536,1987-12-16,6.856,968
4016,445629,en,Fighting with My Family,3.54,2019-02-14,6.855,1730
4017,400155,en,Hotel Transylvania 3: Summer Vacation,3.542,2018-06-28,6.9,4461
4018,254470,en,Pitch Perfect 2,6.046,2015-05-07,6.9,5319
4019,504172,en,The Mule,3.863,2018-12-14,6.854,5019
4020,152737,en,August: Osage County,3.533,2013-12-26,6.9,1498
4021,42188,en,Never Let Me Go,4.038,2010-03-18,6.853,2306
4022,29702,it,Tenebre,3.53,1982-10-28,6.9,622
4023,13285,en,Barbie Fairytopia: Mermaidia,3.531,2006-03-14,6.9,702
4024,11873,en,The Color of Money,3.781,1986-10-17,6.853,1389
4025,3683,en,Flags of Our Fathers,3.532,2006-10-18,6.9,1868
4026,72976,en,Lincoln,3.84,2012-11-09,6.853,3818
4027,55292,zh,Shaolin,3.532,2011-01-20,6.9,368
4028,14926,en,Uptown Girls,3.575,2003-08-15,6.853,919
4029,11018,en,Year of the Dragon,3.53,1985-08-16,6.9,434
4030,760883,de,Blood Red Sky,3.547,2021-07-23,6.852,1578
4031,521777,en,Good Boys,3.539,2019-08-14,6.852,1866
4032,308032,en,The Stanford Prison Experiment,3.572,2015-07-17,6.852,935
4033,168672,en,American Hustle,4.373,2013-12-03,6.853,7336
4034,19185,en,Night of the Living Dead,3.53,1990-10-19,6.9,853
4035,15867,en,Interiors,3.535,1978-08-02,6.852,354
4036,13497,en,Drumline,3.531,2002-12-13,6.9,515
4037,13275,en,Annapolis,3.531,2006-01-27,6.9,517
4038,9026,en,The Importance of Being Earnest,3.531,2002-05-17,6.9,480
4039,437342,en,The First Omen,3.862,2024-04-03,6.9,1030
4040,207933,en,Stonehearst Asylum,5.325,2014-10-23,6.9,1445
4041,445571,en,Game Night,3.588,2018-02-15,6.85,5844
4042,384018,en,Fast & Furious Presents: Hobbs & Shaw,3.883,2019-08-01,6.85,7303
4043,260514,en,Cars 3,4.091,2017-06-15,6.85,5955
4044,258216,en,Nymphomaniac: Vol. I,0.671,2013-12-25,6.85,3421
4045,16366,en,Joseph: King of Dreams,3.532,2002-12-04,6.8,1009
4046,12560,en,The Big Chill,3.53,1983-09-30,6.8,602
4047,8942,en,Wendy and Lucy,3.532,2008-12-10,6.8,331
4048,1817,en,Phone Booth,4.326,2003-04-04,6.848,3805
4049,1494,zh,Curse of the Golden Flower,3.782,2006-12-14,6.85,738
4050,762504,en,Nope,4.098,2022-07-20,6.849,4281
4051,338952,en,Fantastic Beasts: The Crimes of Grindelwald,3.285,2018-11-14,6.8,10955
4052,303857,ja,Dragon Ball Z: Resurrection 'F',3.829,2015-04-18,6.849,1932
4053,44249,cn,The Legend Is Born: Ip Man,0.461,2010-06-24,6.849,672
4054,14831,en,Help!,3.531,1965-07-29,6.8,322
4055,68924,en,The Ice Storm,3.531,1997-09-27,6.8,676
4056,56804,it,Honeymoon Trips,3.53,1995-12-15,6.8,495
4057,55347,en,Beginners,3.534,2011-06-03,6.8,1050
4058,22971,en,Dear John,3.894,2010-02-04,6.8,4165
4059,11463,en,Battle of Britain,3.532,1969-09-15,6.8,316
4060,2787,en,Pitch Black,1.811,2000-02-18,6.8,4467
4061,13813,en,Defiance,3.532,2008-12-31,6.847,1751
4062,8272,en,The Savages,3.532,2007-11-28,6.847,393
4063,2755,en,About Schmidt,3.531,2002-12-12,6.8,1254
4064,314402,fr,Dheepan,3.534,2015-08-26,6.8,476
4065,12281,en,Mean Creek,3.531,2004-08-20,6.846,367
4066,12268,en,The Pink Panther Strikes Again,3.53,1976-12-15,6.8,555
4067,527729,fr,Asterix: The Secret of the Magic Potion,3.538,2018-05-12,6.845,1242
4068,441393,zh,Ash Is Purest White,3.538,2018-09-21,6.845,329
4069,1871,fr,Fantomas,3.568,1964-11-04,6.845,744
4070,508101,en,Plus One,3.539,2019-06-14,6.8,357
4071,24679,en,Bird,3.785,1988-06-01,6.8,324
4072,10138,en,Iron Man 2,4.66,2010-04-28,6.843,21242
4073,4929,en,Hang 'em High,3.569,1968-04-12,6.843,773
4074,446021,en,Bad Times at the El Royale,3.538,2018-10-04,6.8,3610
4075,400020,fr,The Young Karl Marx,3.535,2017-03-02,6.8,306
4076,30508,de,Berlin Calling,3.819,2008-10-01,6.842,339
4077,574436,it,Piranhas,3.539,2019-02-14,6.8,516
4078,429300,en,Adrift,3.538,2018-05-31,6.8,2605
4079,157841,en,The Young and Prodigious T.S. Spivet,3.789,2013-10-16,6.841,810
4080,87502,en,Flight,4.09,2012-11-02,6.841,6060
4081,56590,en,All Star Superman,3.533,2011-01-01,6.841,501
4082,34205,en,Halloweentown II: Kalabar's Revenge,3.531,2001-10-12,6.8,333
4083,10212,en,Ravenous,3.862,1999-03-16,6.841,627
4084,10115,en,Stick It,3.531,2006-04-21,6.8,573
4085,539651,en,Don't Let Go,3.789,2019-08-30,6.84,393
4086,49049,en,Dredd,3.83,2012-09-07,6.84,5122
4087,10998,en,Fatal Attraction,3.536,1987-09-18,6.84,1530
4088,10258,en,The Madagascar Penguins in a Christmas Caper,3.568,2005-09-23,6.84,368
4089,9433,en,The Edge,3.536,1997-09-06,6.84,1188
4090,884971,fr,Goliath,3.881,2022-03-09,6.839,364
4091,800815,en,The Pale Blue Eye,3.563,2022-12-22,6.839,1891
4092,582206,fr,The Best Is Yet to Come,3.54,2019-12-04,6.8,304
4093,474350,en,It Chapter Two,3.881,2019-09-04,6.8,8861
4094,11004,en,Wonder Boys,3.531,2000-02-22,6.839,601
4095,95,en,Armageddon,4.952,1998-07-01,6.839,8058
4096,10362,en,Two Lovers,3.534,2008-11-19,6.8,857
4097,7874,en,Black Snake Moan,3.532,2006-12-31,6.8,876
4098,974931,en,Totally Killer,3.579,2023-09-28,6.8,916
4099,283366,en,Miss Peregrine's Home for Peculiar Children,4.382,2016-09-27,6.8,10056
4100,796499,en,Army of Thieves,4.054,2021-10-29,6.8,2087
4101,65057,en,The Descendants,3.784,2011-09-09,6.836,2829
4102,11590,en,Slap Shot,3.53,1977-02-25,6.8,382
4103,10937,en,Barfly,3.53,1987-09-02,6.8,348
4104,4523,en,Enchanted,3.535,2007-11-20,6.8,5452
4105,449443,en,Den of Thieves,4.142,2018-01-18,6.833,3017
4106,369778,fr,Chocolat,3.535,2016-02-03,6.8,731
4107,261102,es,The Misfits Club,3.534,2014-12-25,6.834,412
4108,44835,en,Hesher,3.532,2010-01-22,6.8,689
4109,10780,en,Overboard,3.53,1987-12-16,6.834,866
4110,957,en,Spaceballs,4.286,1987-06-24,6.834,3044
4111,936,en,The Pink Panther,3.532,1963-12-18,6.8,1057
4112,879,en,Hook,4.831,1991-04-10,6.8,5358
4113,717930,en,Kandahar,3.572,2023-05-25,6.833,1074
4114,465003,en,The Red Sea Diving Resort,3.827,2019-07-28,6.833,821
4115,187017,en,22 Jump Street,4.369,2014-06-05,6.832,8026
4116,14900,en,The Great Muppet Caper,3.53,1981-06-26,6.833,308
4117,2288,en,Closer,3.788,2004-12-03,6.833,3478
4118,2112,en,Payback,4.332,1999-02-05,6.83,1837
4119,1833,en,Rent,3.531,2005-11-17,6.8,560
4120,236,en,Muriel's Wedding,3.53,1994-09-29,6.8,451
4121,417870,en,Girls Trip,3.788,2017-07-21,6.832,1507
4122,405774,en,Bird Box,3.87,2018-12-13,6.833,10048
4123,252171,en,A Girl Walks Home Alone at Night,3.534,2014-11-21,6.8,875
4124,241771,en,Beyond the Lights,3.534,2014-11-14,6.832,376
4125,207686,es,The House at the End of Time,3.533,2013-06-21,6.8,313
4126,277,en,Underworld,3.413,2003-09-19,6.8,6213
4127,1991,en,Death Proof,4.115,2007-05-22,6.831,5232
4128,524434,en,Eternals,4.605,2021-11-03,6.829,8447
4129,238713,en,Spy,4.074,2015-05-06,6.828,6068
4130,138832,en,We're the Millers,4.949,2013-08-07,6.83,8972
4131,18937,en,Quest for Camelot,4.068,1998-05-15,6.8,815
4132,11386,en,The Crying Game,3.53,1992-09-02,6.8,754
4133,5279,en,Gosford Park,3.57,2001-12-26,6.83,1122
4134,974635,en,Hit Man,4.654,2024-05-16,6.827,1218
4135,565426,en,To All the Boys: P.S. I Still Love You,3.541,2020-02-03,6.8,2584
4136,335983,en,Venom,4.12,2018-09-28,6.829,16403
4137,326359,en,Frozen Fever,3.572,2015-03-09,6.829,1835
4138,10973,en,Creature from the Black Lagoon,3.819,1954-03-05,6.829,781
4139,8848,en,The Bank Job,3.864,2008-02-28,6.829,2368
4140,634528,en,The Marksman,3.544,2021-01-15,6.8,1619
4141,55725,en,Win Win,3.532,2011-03-18,6.828,504
4142,49367,pt,Two Sons of Francisco,3.536,2005-08-19,6.8,401
4143,36568,en,Paulie,3.532,1998-04-17,6.828,476
4144,9319,en,The Last Boy Scout,4.611,1991-12-13,6.826,1941
4145,393764,fr,The African Doctor,3.785,2016-06-08,6.824,652
4146,235260,en,Son of God,3.534,2014-02-28,6.8,309
4147,76726,en,Chronicle,4.092,2012-02-01,6.827,5356
4148,47854,cn,Legend of the Fist: The Return of Chen Zhen,3.532,2010-09-01,6.8,417
4149,18093,en,Northanger Abbey,3.532,2007-10-24,6.8,300
4150,17365,en,The Parallax View,3.53,1974-06-14,6.8,320
4151,6961,en,The Wedding Date,3.818,2005-02-04,6.83,1197
4152,2005,en,Sister Act,4.149,1992-05-28,6.826,3223
4153,520765,en,Go!,4.04,2020-01-16,6.826,321
4154,374416,it,Where Am I Going?,3.791,2016-01-01,6.826,2126
4155,10222,en,Kickboxer,3.644,1989-04-20,6.8,1439
4156,766798,es,Parallel Mothers,3.586,2021-10-08,6.823,949
4157,601796,ko,Alienoid,3.818,2022-07-20,6.8,457
4158,243683,en,Step Up All In,3.572,2014-07-16,6.8,1939
4159,11208,en,Wicker Park,3.568,2004-09-03,6.8,689
4160,1106739,en,Juror #2,4.38,2024-10-30,6.828,1531
4161,1088514,es,The Room Next Door,4.038,2024-10-07,6.824,425
4162,643882,en,The Princess Switch: Switched Again,3.799,2020-11-19,6.82,884
4163,401898,no,Thelma,3.537,2017-09-15,6.8,1037
4164,291805,en,Now You See Me 2,4.866,2016-06-02,6.824,10836
4165,109417,en,Battle of the Year,3.533,2013-09-21,6.8,340
4166,76535,en,Marvel One-Shot: A Funny Thing Happened on the Way to Thor's Hammer,3.571,2011-10-25,6.8,493
4167,11439,en,The Ghost Writer,3.832,2010-02-12,6.824,2253
4168,7443,en,Chicken Run,4.29,2000-06-23,6.8,5103
4169,913290,en,Barbarian,3.845,2022-09-08,6.823,2601
4170,629015,en,Shut In,3.55,2022-03-24,6.8,364
4171,440161,en,The Sisters Brothers,3.538,2018-09-19,6.825,1931
4172,849869,ko,Kill Boksoon,3.559,2023-02-17,6.822,442
4173,426338,es,Holy Camp!,3.537,2017-09-29,6.8,353
4174,26171,en,Everybody's Fine,3.534,2009-12-04,6.8,990
4175,14295,en,You Can Count on Me,3.531,2000-11-17,6.8,307
4176,13682,en,Pooh's Heffalump Movie,4.031,2005-02-11,6.8,459
4177,11071,en,Them!,3.531,1954-06-16,6.8,421
4178,450322,en,The Man Who Invented Christmas,3.537,2017-10-12,6.8,819
4179,150689,en,Cinderella,5.798,2015-03-06,6.821,7122
4180,13510,en,Eden Lake,3.545,2008-09-12,6.8,1826
4181,8976,en,A Lot Like Love,3.531,2005-04-21,6.821,1291
4182,2614,en,Innerspace,4.036,1987-07-01,6.818,1263
4183,1947,en,An Unfinished Life,3.531,2005-09-09,6.8,635
4184,353486,en,Jumanji: Welcome to the Jungle,2.741,2017-12-09,6.8,13770
4185,567797,en,The Dry,3.794,2021-01-01,6.818,705
4186,253412,en,Everest,3.86,2015-09-10,6.819,4925
4187,171337,en,Siberian Education,3.533,2013-02-27,6.8,537
4188,72190,en,World War Z,4.672,2013-06-19,6.819,15586
4189,24750,en,Time After Time,3.53,1979-09-28,6.8,346
4190,9563,en,Any Given Sunday,4.075,1999-12-22,6.819,1670
4191,438747,en,Tangled: Before Ever After,3.535,2017-03-10,6.8,370
4192,86838,en,Seven Psychopaths,3.833,2012-10-12,6.818,3965
4193,41233,en,Step Up 3D,3.569,2010-08-04,6.8,1903
4194,10935,en,Heaven's Gate,3.567,1980-11-19,6.8,368
4195,9737,en,Bad Boys,4.478,1995-04-07,6.817,6487
4196,454227,en,Outlaw King,3.789,2018-09-06,6.816,1568
4197,426249,en,Lords of Chaos,3.538,2018-09-20,6.8,488
4198,303991,en,Demolition,3.83,2016-04-06,6.816,2249
4199,84175,en,Beasts of the Southern Wild,3.783,2012-06-29,6.817,1065
4200,82992,en,Fast & Furious 6,0.356,2013-05-21,6.817,10683
4201,29161,en,Phenomena,3.53,1985-01-25,6.8,825
4202,15171,en,Charlotte's Web,3.535,1973-03-01,6.8,380
4203,9919,en,How to Lose a Guy in 10 Days,3.846,2003-02-07,6.8,4079
4204,2652,en,Hard Candy,3.531,2005-01-14,6.8,2602
4205,9655,en,She's the Man,3.575,2006-03-17,6.816,3064
4206,744276,en,After Ever Happy,3.559,2022-08-24,6.815,1261
4207,25941,en,Harry Brown,3.575,2009-11-11,6.815,1079
4208,22051,en,Adam,3.532,2009-07-07,6.8,439
4209,11774,en,Lemony Snicket's A Series of Unfortunate Events,4.322,2004-12-16,6.813,5036
4210,9314,en,Nineteen Eighty-Four,3.78,1984-11-09,6.815,1456
4211,33542,cn,Rumble in the Bronx,3.567,1995-01-21,6.814,1052
4212,9599,en,The Blob,3.78,1988-08-05,6.8,929
4213,2300,en,Space Jam,4.292,1996-11-15,6.813,6070
4214,1903,en,Vanilla Sky,4.288,2001-12-14,6.813,4221
4215,1020006,en,Priscilla,4.371,2023-10-27,6.8,854
4216,606566,it,The Best Years,3.54,2020-02-13,6.8,414
4217,581387,ko,Ashfall,3.541,2019-12-19,6.8,583
4218,290864,zh,Kung Fu Jungle,3.534,2014-10-31,6.8,461
4219,131631,en,The Hunger Games: Mockingjay - Part 1,7.461,2014-11-19,6.813,15975
4220,9972,en,Lock Up,3.823,1989-08-04,6.813,1219
4221,666750,en,Dragonheart: Vengeance,3.54,2020-02-04,6.8,316
4222,597156,en,The Boys in the Band,3.542,2020-09-30,6.8,430
4223,37768,it,Talcum Powder,3.53,1982-01-22,6.8,459
4224,26719,en,House of Games,3.53,1987-10-11,6.8,309
4225,9270,en,Brick,3.781,2006-03-31,6.813,1259
4226,1858,en,Transformers,0.974,2007-06-27,6.812,11460
4227,604578,en,Spontaneous,3.542,2020-10-02,6.8,541
4228,475132,en,A Private War,3.538,2018-11-16,6.811,504
4229,401847,en,Can You Ever Forgive Me?,3.789,2018-10-19,6.811,1275
4230,283704,it,Leopardi,3.534,2014-10-16,6.811,659
4231,27850,en,Halloweentown,3.574,1998-11-10,6.8,545
4232,10855,cn,Naked Weapon,0.619,2002-11-15,6.811,367
4233,9062,en,Love Story,3.53,1970-12-16,6.8,694
4234,128136,en,My Awkward Sexual Adventure,3.57,2012-09-11,6.8,348
4235,57243,fr,The Women on the 6th Floor,3.532,2011-02-16,6.81,384
4236,41216,en,Legend of the Guardians: The Owls of Ga'Hoole,3.533,2010-07-10,6.8,2327
4237,17612,en,Lost and Delirious,3.531,2001-01-21,6.8,499
4238,12205,ja,Dark Water,3.57,2002-01-19,6.814,623
4239,11144,it,They Called Him Bulldozer,3.53,1978-09-15,6.8,316
4240,9746,en,Kundun,3.781,1997-12-25,6.8,456
4241,397243,en,The Autopsy of Jane Doe,3.549,2016-12-21,6.8,4334
4242,37735,en,Easy A,3.864,2010-09-16,6.809,6975
4243,377154,fr,Being 17,3.536,2016-02-27,6.8,365
4244,225574,en,Non-Stop,4.328,2014-02-26,6.806,5410
4245,39144,ja,Dragon Ball: Curse of the Blood Rubies,3.53,1986-12-20,6.8,338
4246,36647,en,Blade,3.572,1998-08-21,6.8,6131
4247,646207,en,The Ice Road,3.546,2021-06-24,6.807,1724
4248,596161,en,Let Him Go,3.793,2020-11-05,6.806,697
4249,475759,en,2048: Nowhere to Run,3.542,2017-09-14,6.8,339
4250,370663,en,Below Her Mouth,3.578,2017-02-10,6.8,1216
4251,340485,en,American Honey,4.036,2016-09-30,6.807,856
4252,67660,en,Think Like a Man,3.577,2012-04-20,6.807,848
4253,56415,fr,A Gang Story,3.827,2011-11-10,6.807,366
4254,630004,en,The Vault,3.544,2021-03-04,6.8,970
4255,107985,en,The World's End,4.322,2013-07-18,6.805,5476
4256,39013,en,Winter's Bone,3.532,2010-06-11,6.8,1791
4257,17467,cn,Riki-Oh: The Story of Ricky,3.531,1991-10-05,6.804,329
4258,10045,fr,District B13,3.606,2004-11-09,6.806,1848
4259,691,en,The Spy Who Loved Me,3.825,1977-07-07,6.806,2015
4260,431,en,Cube,4.077,1997-12-10,6.805,4825
4261,864370,zh,Incantation,3.551,2022-03-18,6.8,693
4262,852438,fr,Final Cut,3.551,2022-05-18,6.804,413
4263,299537,en,Captain Marvel,5.064,2019-03-06,6.803,15915
4264,252178,en,'71,3.534,2014-10-10,6.8,1136
4265,44629,en,Animal Kingdom,3.532,2010-06-03,6.8,830
4266,12246,ru,Mongol: The Rise of Genghis Khan,3.532,2007-09-20,6.804,705
4267,9387,en,Conan the Barbarian,4.034,1982-04-02,6.804,2550
4268,8974,en,The War of the Worlds,3.568,1953-08-13,6.8,641
4269,256917,en,The Water Diviner,4.034,2014-12-25,6.8,1248
4270,184352,fr,Tom at the Farm,3.534,2014-04-16,6.8,821
4271,419635,en,Kodachrome,3.542,2017-09-08,6.802,449
4272,253331,en,Black or White,3.534,2014-09-06,6.8,349
4273,795,en,City of Angels,4.124,1998-04-10,6.804,2162
4274,332979,en,Bleed for This,3.786,2016-11-04,6.8,786
4275,10697,fr,The Taste of Others,3.825,2000-03-01,6.801,316
4276,10297,en,How to Marry a Millionaire,3.568,1953-10-29,6.801,523
4277,796,en,Cruel Intentions,3.907,1999-03-05,6.801,3314
4278,619730,en,Don't Worry Darling,3.593,2022-09-21,6.8,2587
4279,74465,en,We Bought a Zoo,3.959,2011-12-08,6.8,2745
4280,4484,fr,La Cage aux Folles,3.53,1978-10-25,6.8,400
4281,61667,it,We Have a Pope,3.826,2011-04-15,6.799,549
4282,5994,en,The Family Man,4.032,2000-12-12,6.796,2012
4283,514921,en,The Aeronauts,3.54,2019-11-04,6.8,1114
4284,158011,en,The Call,3.574,2013-03-14,6.798,2889
4285,38285,it,Il ragazzo di campagna,3.53,1984-12-20,6.798,394
4286,16995,en,State of Play,4.034,2009-04-17,6.797,1979
4287,11381,en,Tommy Boy,3.536,1995-03-31,6.8,964
4288,785533,en,The Princess Switch 3: Romancing the Star,3.547,2021-11-18,6.797,430
4289,424781,en,Sorry to Bother You,3.79,2018-07-06,6.8,1584
4290,188166,en,Blue Ruin,3.534,2014-04-25,6.8,1470
4291,13648,ja,Resident Evil: Degeneration,3.782,2008-02-13,6.797,1078
4292,11617,en,Rio Grande,3.531,1950-11-15,6.8,344
4293,11054,en,Hairspray,3.53,1988-02-26,6.8,413
4294,10586,en,The Ghost and the Darkness,3.78,1996-10-11,6.797,1044
4295,9481,en,The Bone Collector,3.863,1999-11-04,6.797,3580
4296,8881,en,Che: Part One,3.532,2008-09-05,6.8,753
4297,1946,en,eXistenZ,3.531,1999-04-14,6.8,1968
4298,912,en,The Thomas Crown Affair,3.781,1968-06-26,6.799,505
4299,759175,en,The Princess,3.552,2022-06-16,6.8,798
4300,598331,en,Rumble,3.544,2021-02-12,6.796,513
4301,14609,en,Ultimate Avengers: The Movie,3.792,2006-02-21,6.8,357
4302,10060,en,Get Rich or Die Tryin',3.643,2005-11-09,6.8,935
4303,5038,en,Vicky Cristina Barcelona,4.081,2008-08-15,6.794,3764
4304,974950,fr,Emilia Pérez,6.096,2024-08-21,6.8,1461
4305,525661,en,Bombshell,3.616,2019-12-13,6.8,3018
4306,482981,en,Wild Rose,3.539,2019-04-12,6.8,331
4307,369885,en,Allied,3.536,2016-02-12,6.8,4560
4308,145247,sv,The 100 Year-Old Man Who Climbed Out the Window and Disappeared,3.821,2013-12-25,6.8,941
4309,37137,en,The Naked Gun 2½: The Smell of Fear,4.322,1991-06-28,6.794,2285
4310,13342,en,Fast Times at Ridgemont High,3.531,1982-08-13,6.8,1260
4311,6435,en,Practical Magic,3.532,1998-10-16,6.8,1550
4312,1978,en,Stage Fright,3.531,1950-02-23,6.8,331
4313,919573,fr,The Innocent,3.554,2022-10-12,6.8,340
4314,912649,en,Venom: The Last Dance,14.155,2024-10-22,6.794,3012
4315,538207,en,We Die Young,3.539,2019-05-09,6.8,331
4316,508664,en,Danger Close: The Battle of Long Tan,3.539,2019-08-08,6.793,328
4317,126963,ja,Dragon Ball Z: Battle of Gods,3.789,2013-03-30,6.793,1548
4318,11092,en,Presumed Innocent,3.53,1990-07-27,6.793,708
4319,3509,en,A Scanner Darkly,3.786,2006-07-07,6.793,1783
4320,654895,it,Run to You,3.598,2022-03-17,6.792,365
4321,648579,en,The Unbearable Weight of Massive Talent,4.053,2022-04-20,6.791,2098
4322,14011,en,Justice League: The New Frontier,3.532,2008-02-26,6.792,515
4323,8292,en,Four Brothers,3.577,2005-08-11,6.792,2189
4324,446894,en,Smallfoot,3.538,2018-09-20,6.791,1527
4325,228161,en,Home,4.073,2015-03-18,6.789,3997
4326,9647,en,Scrooged,4.03,1988-11-22,6.79,1555
4327,8835,en,Legally Blonde,4.115,2001-07-13,6.789,4099
4328,620725,en,Jexi,3.54,2019-10-10,6.79,1205
4329,338768,en,Please Stand By,3.537,2018-01-26,6.8,478
4330,11843,en,The Return of the Pink Panther,3.53,1975-05-21,6.8,614
4331,9282,en,11:14,3.531,2003-09-05,6.8,870
4332,776797,zh,The Sadness,3.801,2021-01-22,6.794,905
4333,502422,en,Thunder Road,3.538,2018-09-12,6.79,423
4334,454,en,Romeo + Juliet,3.613,1996-11-01,6.8,5052
4335,443463,en,Leave No Trace,3.789,2018-06-29,6.788,1250
4336,262551,fr,Babysitting,3.872,2014-04-16,6.788,1930
4337,154400,en,The Drop,6.193,2014-09-12,6.789,2213
4338,20504,en,The Book of Eli,4.865,2010-01-14,6.787,6195
4339,11129,en,Human Traffic,3.781,1999-06-04,6.787,345
4340,466,en,Klute,3.535,1971-06-23,6.8,452
4341,578189,en,Black and Blue,3.541,2019-10-25,6.786,880
4342,19548,fr,The Restaurant,3.531,1966-09-09,6.786,503
4343,18198,en,Barbie Mariposa,3.532,2008-02-26,6.786,515
4344,15856,en,House on Haunted Hill,3.531,1959-01-01,6.8,534
4345,419709,en,Last Flag Flying,3.537,2017-11-03,6.8,451
4346,198184,en,Chappie,7.531,2015-03-04,6.8,7999
4347,188927,en,Star Trek Beyond,4.826,2016-07-07,6.784,6687
4348,882059,en,Boy Kills World,3.646,2024-04-24,6.8,642
4349,818397,en,Memory,3.552,2022-04-28,6.8,1527
4350,84332,en,Safety Not Guaranteed,3.783,2012-06-08,6.783,1476
4351,41402,en,Let Me In,3.532,2010-10-01,6.8,2023
4352,12178,en,Miss Pettigrew Lives for a Day,3.532,2008-03-07,6.8,397
4353,11708,en,Chitty Chitty Bang Bang,4.286,1968-12-17,6.778,674
4354,11259,en,Far and Away,3.61,1992-05-22,6.783,1214
4355,9443,en,Chariots of Fire,3.53,1981-05-15,6.783,933
4356,2616,en,Uncle Buck,4.03,1989-08-16,6.781,1210
4357,724209,en,Heart of Stone,3.57,2023-08-09,6.8,1747
4358,635910,en,The Last Voyage of the Demeter,3.569,2023-08-09,6.8,1669
4359,444090,no,The Ash Lad: In the Hall of the Mountain King,3.537,2017-09-29,6.8,373
4360,181808,en,Star Wars: The Last Jedi,5.635,2017-12-13,6.782,15476
4361,9503,en,Pope Joan,3.532,2009-10-22,6.8,347
4362,6973,en,In the Valley of Elah,3.783,2007-09-14,6.782,1009
4363,4547,en,Panic Room,4.07,2002-03-29,6.782,5033
4364,2142,en,Cop Land,4.031,1997-08-15,6.78,1634
4365,1172675,en,The Swan,4.072,2023-09-27,6.785,398
4366,668482,en,Roald Dahl's Matilda the Musical,3.557,2022-11-25,6.8,738
4367,472734,en,Dumplin',3.543,2018-12-20,6.781,1394
4368,9411,en,Fallen,4.076,1998-01-16,6.781,1454
4369,4031,fr,Going Places,3.53,1974-03-20,6.781,447
4370,592863,en,Respect,3.546,2021-08-12,6.8,428
4371,170522,fr,Asterix: The Mansions of the Gods,3.572,2014-11-26,6.8,1380
4372,2362,en,Westworld,3.567,1973-08-15,6.78,1314
4373,795813,de,I'm Your Man,3.545,2021-07-01,6.8,308
4374,604685,en,Den of Thieves 2: Pantera,4.643,2025-01-08,6.789,318
4375,580489,en,Venom: Let There Be Carnage,4.063,2021-09-30,6.779,10542
4376,30596,cn,Bodyguards and Assassins,3.532,2009-12-18,6.8,367
4377,9100,en,The Craft,3.574,1996-05-03,6.8,1892
4378,1001865,en,Scrooge: A Christmas Carol,3.556,2022-11-18,6.778,441
4379,752505,en,The Old Ways,3.545,2021-04-04,6.778,334
4380,509598,en,Mr. Jones,3.54,2019-10-03,6.8,412
4381,8193,en,Napoleon Dynamite,4.032,2004-06-11,6.8,1924
4382,3079,en,The Curse of Frankenstein,3.531,1957-05-20,6.8,304
4383,1439,en,Anna and the King,3.531,1999-12-16,6.8,778
4384,496,en,Borat: Cultural Learnings of America for Make Benefit Glorious Nation of Kazakhstan,4.685,2006-11-01,6.776,5486
4385,755566,en,Day Shift,3.554,2022-08-12,6.8,2001
4386,417670,it,Loro 1,3.538,2018-04-24,6.8,527
4387,14392,zh,The Warlords,3.532,2007-12-12,6.8,336
4388,11507,en,Body Double,3.781,1984-10-25,6.776,815
4389,9684,en,Sweet and Lowdown,3.531,1999-12-03,6.8,508
4390,8366,de,Manitou's Shoe,3.536,2001-07-11,6.8,499
4391,733156,en,Sightless,3.58,2020-09-29,6.776,390
4392,227719,en,Project Almanac,3.534,2015-01-28,6.8,2644
4393,321697,en,Steve Jobs,4.29,2015-10-09,6.776,4161
4394,318917,de,Look Who's Back,3.785,2015-10-08,6.776,1805
4395,10156,en,History of the World: Part I,3.53,1981-06-12,6.8,808
4396,5729,fr,L'Âge d'or,3.531,1930-11-28,6.8,304
4397,1111873,en,Abigail,4.218,2024-04-16,6.773,1449
4398,301351,en,We Are Your Friends,3.535,2015-08-26,6.774,2348
4399,25284,en,The Last Seduction,3.53,1994-05-26,6.8,385
4400,19997,en,Niagara,3.568,1953-01-26,6.8,390
4401,11319,en,The Rescuers,3.819,1977-06-22,6.774,2521
4402,11013,en,Secretary,3.785,2002-09-20,6.774,1670
4403,9654,en,The Italian Job,4.332,2003-05-30,6.773,5596
4404,8871,en,How the Grinch Stole Christmas,4.572,2000-11-17,6.773,7726
4405,1870,fr,Fantomas Unleashed,3.531,1965-12-08,6.8,526
4406,716612,en,Spencer,3.59,2021-11-04,6.771,1674
4407,525686,es,My Cousin the Sexologist,3.535,2016-07-20,6.8,506
4408,272693,en,The DUFF,3.573,2015-02-20,6.773,4378
4409,14830,en,Doctor Strange,3.532,2007-08-14,6.8,321
4410,11622,en,Blast from the Past,3.531,1999-02-12,6.773,1111
4411,11162,en,The Merchant of Venice,3.787,2004-12-03,6.773,565
4412,2179,en,Tenacious D in The Pick of Destiny,3.533,2006-11-22,6.8,1627
4413,892515,fr,Masquerade,3.555,2022-11-01,6.8,427
4414,763329,en,Red Rocket,3.554,2021-12-10,6.8,518
4415,600583,en,The Power of the Dog,4.048,2021-10-25,6.77,2713
4416,25475,en,Tinker Bell and the Lost Treasure,3.539,2009-09-03,6.8,1049
4417,14635,en,The Rookie,3.531,2002-03-25,6.8,449
4418,2926,en,The Three Musketeers,3.53,1973-12-11,6.8,307
4419,283235,en,99 Homes,3.534,2015-09-25,6.8,759
4420,98548,en,People Like Us,3.533,2012-06-29,6.8,621
4421,48175,it,7 and 8,3.532,2007-03-16,6.8,660
4422,587807,en,Tom & Jerry,3.583,2021-02-10,6.8,2464
4423,558449,en,Gladiator II,13.739,2024-11-13,6.772,3009
4424,534490,en,Avengement,3.54,2019-05-24,6.77,507
4425,325189,en,Teen Beach 2,3.534,2015-06-26,6.8,585
4426,27554,en,The Panic in Needle Park,3.567,1971-06-01,6.8,330
4427,15144,en,Sixteen Candles,3.536,1984-05-04,6.77,2085
4428,11935,en,Capricorn One,3.53,1977-12-10,6.77,466
4429,9740,en,Hannibal,0.849,2001-02-08,6.77,4801
4430,4566,en,Michael Clayton,3.569,2007-09-28,6.77,1773
4431,41110,it,I Am Love,3.532,2010-03-19,6.8,362
4432,12160,en,Wyatt Earp,3.53,1994-06-24,6.769,859
4433,10195,en,Thor,4.643,2011-04-21,6.769,21372
4434,9318,fr,Asterix in Britain,4.03,1986-12-03,6.764,679
4435,1212073,de,Sixty Minutes,3.585,2024-01-19,6.8,578
4436,614933,en,Atlas,3.652,2024-05-23,6.8,1340
4437,400579,en,Tully,3.538,2018-05-04,6.8,1440
4438,369192,en,Battle of the Sexes,3.574,2017-09-22,6.768,1867
4439,345887,en,The Equalizer 2,3.849,2018-07-19,6.768,5478
4440,26648,it,The Night Porter,3.53,1974-04-03,6.8,338
4441,1365,en,Monster's Ball,3.537,2001-06-07,6.8,998
4442,316152,en,Free State of Jones,3.536,2016-06-24,6.8,1521
4443,256924,en,Danny Collins,3.784,2015-03-19,6.767,529
4444,42691,it,Oedipus Rex,3.531,1967-09-07,6.8,346
4445,37686,en,Super 8,3.836,2011-06-08,6.767,6646
4446,33908,ko,Three... Extremes,3.531,2004-08-20,6.8,372
4447,11497,en,All Dogs Go to Heaven,3.535,1989-11-17,6.8,1049
4448,11003,en,The Wedding Singer,4.032,1998-02-13,6.765,1763
4449,8456,en,Never Back Down,3.592,2008-03-04,6.767,2334
4450,2266,fr,Paris Je T'aime,3.781,2006-06-21,6.767,765
4451,2255,en,Chasing Amy,4.035,1997-04-04,6.765,1417
4452,1013850,en,A Real Pain,6.407,2024-11-01,6.763,704
4453,619778,en,Malignant,3.629,2021-09-01,6.766,2377
4454,585268,hi,War,3.54,2019-10-02,6.8,330
4455,14337,en,Primer,3.787,2004-10-08,6.8,2192
4456,9763,en,Goal!,3.606,2005-09-29,6.766,1134
4457,9374,en,Death Becomes Her,4.107,1992-07-30,6.765,2690
4458,9272,en,The Good Son,3.531,1993-09-24,6.8,964
4459,8852,en,Prince of Darkness,3.53,1987-10-23,6.8,1031
4460,512195,en,Red Notice,3.625,2021-11-04,6.765,5920
4461,159824,en,Hotel Transylvania 2,4.293,2015-09-21,6.764,5821
4462,51052,en,Arthur Christmas,4.036,2011-11-10,6.763,1507
4463,30163,fr,The Fugitives,3.829,1986-12-17,6.765,392
4464,9031,it,I'm for the Hippopotamus,3.53,1979-11-30,6.8,481
4465,712,en,Four Weddings and a Funeral,4.782,1994-03-09,6.763,2743
4466,20115,it,Opera,3.53,1987-12-19,6.8,481
4467,10711,en,French Connection II,3.53,1975-05-18,6.8,422
4468,548066,en,Level 16,3.537,2018-02-20,6.763,664
4469,239566,en,Get on Up,3.534,2014-08-01,6.8,527
4470,10897,en,The Little Rascals,4.031,1994-08-05,6.758,1223
4471,38050,en,The Adjustment Bureau,4.078,2011-03-03,6.8,4584
4472,569547,en,Black Mirror: Bandersnatch,4.045,2018-12-28,6.761,3928
4473,468202,it,The Girl in the Fog,3.574,2017-10-26,6.761,1022
4474,401246,sv,The Square,3.787,2017-08-25,6.761,1590
4475,352161,es,The Clan,3.784,2015-08-13,6.76,416
4476,10226,fr,High Tension,3.568,2003-06-18,6.761,1330
4477,9326,en,Romancing the Stone,4.325,1984-03-30,6.8,1858
4478,9058,en,Only You,3.53,1994-03-04,6.8,519
4479,348765,it,Alaska,3.534,2015-11-05,6.8,304
4480,278427,en,Family Guy Presents: It's a Trap!,4.032,2010-12-21,6.742,425
4481,231176,it,Sun in Buckets,3.789,2013-10-31,6.76,1677
4482,209451,en,Jersey Boys,3.784,2014-06-18,6.76,701
4483,205775,en,In the Heart of the Sea,4.073,2015-12-03,6.76,4139
4484,913673,en,Nefarious,3.599,2023-04-14,6.759,318
4485,381262,fr,In Her Name,3.535,2016-03-16,6.8,317
4486,11974,en,The 'Burbs,4.036,1989-02-17,6.755,1251
4487,11253,en,Hellboy II: The Golden Army,4.654,2008-07-11,6.758,5258
4488,10846,it,The Tiger and the Snow,3.536,2005-10-14,6.759,481
4489,8489,en,Ali,3.607,2001-12-10,6.8,1738
4490,571891,ja,Pokémon the Movie: Mewtwo Strikes Back - Evolution,3.54,2019-07-12,6.8,530
4491,38199,en,Unthinkable,3.576,2010-06-14,6.8,1228
4492,772,en,Home Alone 2: Lost in New York,4.307,1992-11-15,6.758,9862
4493,535292,en,21 Bridges,3.54,2019-10-24,6.8,1985
4494,18377,ko,200 Pounds Beauty,3.532,2006-12-14,6.757,323
4495,11091,en,Riding in Cars with Boys,3.531,2001-10-19,6.8,449
4496,21481,en,Twitches,3.531,2005-10-14,6.8,510
4497,10510,en,Miracle on 34th Street,3.535,1994-11-18,6.756,1063
4498,10096,en,13 Going on 30,3.571,2004-04-13,6.756,5207
4499,3784,en,Frankie and Johnny,3.53,1991-10-11,6.756,583
4500,884605,en,No Hard Feelings,3.683,2023-06-15,6.755,3208
4501,836009,en,Against the Ice,3.8,2022-02-10,6.758,549
4502,500475,en,SuperFly,3.538,2018-06-13,6.8,381
4503,15723,en,The Big Kahuna,3.531,1999-11-17,6.8,357
4504,8355,en,Ice Age: Dawn of the Dinosaurs,4.374,2009-06-26,6.8,8407
4505,2293,en,Mallrats,4.035,1995-10-20,6.754,1261
4506,11835,en,Death Sentence,3.532,2007-08-31,6.8,1149
4507,11086,en,The Majestic,3.531,2001-12-21,6.8,757
4508,253980,en,Marvel One-Shot: All Hail the King,3.533,2014-02-04,6.8,547
4509,14924,en,Sid and Nancy,3.53,1986-09-12,6.753,517
4510,297725,en,The Man Who Killed Don Quixote,4.038,2018-05-19,6.753,1018
4511,581392,ko,Peninsula,3.794,2020-07-15,6.751,2391
4512,539892,en,Freaks,3.54,2019-09-12,6.8,1159
4513,476669,en,The King's Man,3.882,2021-12-22,6.751,4636
4514,377799,fr,One Man and his Cow,3.83,2016-02-17,6.751,340
4515,51209,en,Kill the Irishman,3.532,2011-03-10,6.8,639
4516,4271,fr,Life Is a Long Quiet River,3.823,1988-02-03,6.751,427
4517,537059,en,Justice League vs. the Fatal Five,3.539,2019-03-29,6.7,352
4518,105077,en,Battlestar Galactica: The Plan,3.532,2009-10-27,6.749,432
4519,44251,ja,Dragon Ball Z: Broly - Second Coming,3.536,1994-03-12,6.749,674
4520,13640,en,Superman: Doomsday,3.533,2007-09-18,6.749,645
4521,11791,en,The Hound of the Baskervilles,3.531,1959-05-04,6.7,341
4522,11313,en,Hearts in Atlantis,3.531,2001-09-28,6.7,553
4523,9469,en,He Got Game,3.536,1998-05-01,6.749,726
4524,1696,en,The Devil's Rejects,3.531,2005-07-22,6.7,1439
4525,21474,en,Bring It On: Fight to the Finish,0.151,2009-07-30,6.7,545
4526,15849,en,The Mummy,3.531,1932-12-22,6.7,626
4527,11223,en,Coma,3.53,1978-01-06,6.7,415
4528,1701,en,Con Air,4.406,1997-06-05,6.748,4285
4529,500682,en,The Highwaymen,3.836,2019-03-15,6.747,2064
4530,762441,en,A Quiet Place: Day One,4.006,2024-06-26,6.747,2591
4531,14522,en,Black Beauty,3.53,1994-07-29,6.746,338
4532,760104,en,X,3.924,2022-03-17,6.745,3429
4533,614292,it,Bad Tales,3.541,2020-06-15,6.7,576
4534,9781,en,Detroit Rock City,3.531,1999-08-13,6.7,410
4535,9519,en,Chopper,3.781,2000-06-21,6.749,370
4536,1721,it,All the Way Boys,3.53,1972-12-22,6.7,387
4537,667869,it,The Life Ahead,3.543,2020-11-03,6.7,547
4538,18764,cn,Twin Dragons,3.53,1992-01-15,6.7,389
4539,16367,en,Kinky Boots,3.531,2005-08-30,6.7,342
4540,1875,fr,Fantomas vs. Scotland Yard,3.531,1967-03-16,6.7,521
4541,634,en,Bridget Jones's Diary,4.583,2001-04-13,6.744,5150
4542,530723,en,Bad Education,3.54,2019-09-08,6.743,684
4543,11592,en,Serial Mom,3.53,1994-04-13,6.7,695
4544,5175,en,Rush Hour 2,4.376,2001-08-03,6.743,4194
4545,4587,en,Mermaids,3.53,1990-12-14,6.743,520
4546,390734,ja,Kingsglaive: Final Fantasy XV,3.791,2016-07-09,6.742,699
4547,913,en,The Thomas Crown Affair,4.363,1999-08-06,6.74,1203
4548,257,en,Oliver Twist,3.568,2005-09-23,6.7,1183
4549,758336,en,Love Again,3.58,2023-05-04,6.7,410
4550,57112,it,Have You Met Claudia?,3.568,2004-12-15,6.741,1014
4551,11163,it,Fellini Satyricon,3.531,1969-09-18,6.7,334
4552,798286,en,Beau Is Afraid,4.061,2023-04-14,6.74,1082
4553,65760,en,The Whistleblower,3.532,2010-09-13,6.7,563
4554,28089,en,The Messenger,3.532,2009-11-13,6.7,438
4555,46195,en,Rio,4.291,2011-04-03,6.738,6764
4556,13061,en,Your Friend the Rat,3.569,2007-11-06,6.739,373
4557,8536,en,Superman II,3.531,1980-12-12,6.7,2307
4558,538225,en,Deadwood: The Movie,3.539,2019-05-31,6.7,393
4559,244506,en,Camp X-Ray,5.693,2014-10-17,6.738,1032
4560,10692,en,Henry: Portrait of a Serial Killer,3.536,1986-09-24,6.738,711
4561,8348,en,Thunderbolt and Lightfoot,3.53,1974-05-23,6.7,542
4562,956,en,Mission: Impossible III,4.328,2006-04-25,6.738,6922
4563,858,en,Sleepless in Seattle,3.573,1993-06-24,6.7,2388
4564,662546,en,Godmothered,3.542,2020-12-04,6.7,612
4565,283350,en,Before We Go,3.823,2014-09-04,6.738,1814
4566,245698,en,Pawn Sacrifice,3.785,2015-09-16,6.737,967
4567,212716,en,What If,3.783,2013-09-07,6.738,1976
4568,27431,it,The Cat O' Nine Tails,3.567,1971-02-12,6.7,419
4569,13312,fr,Inside,3.532,2007-06-13,6.737,835
4570,10758,en,Waitress,3.532,2007-05-25,6.7,530
4571,8967,en,The Tree of Life,4.038,2011-05-17,6.736,3111
4572,568091,en,Fractured,3.828,2019-09-22,6.735,2609
4573,28609,ja,Dragon Ball Z: Dead Zone,3.541,1989-07-15,6.7,549
4574,19200,en,Shadows and Fog,3.53,1991-12-05,6.7,369
4575,9953,en,A Love Song for Bobby Long,3.569,2004-09-02,6.736,380
4576,636706,en,Spaceman,4.092,2024-02-23,6.736,863
4577,12508,en,Rock Star,3.531,2001-09-04,6.734,757
4578,11185,en,"See No Evil, Hear No Evil",3.536,1989-05-12,6.7,985
4579,933131,ko,Badland Hunters,3.589,2024-01-26,6.7,729
4580,806368,en,The Son,3.556,2022-11-10,6.733,480
4581,504603,fr,The World Is Yours,3.543,2018-08-15,6.7,423
4582,394684,es,May God Save Us,3.537,2016-10-28,6.7,433
4583,105864,en,The Good Dinosaur,4.575,2015-11-14,6.732,5609
4584,18095,ja,Dragon Ball GT: A Hero's Legacy,3.531,1997-03-26,6.7,343
4585,11904,en,Young Sherlock Holmes,3.53,1985-12-04,6.733,635
4586,10135,en,Road House,1.622,1989-05-19,6.7,1324
4587,616803,sv,Breaking Surface,3.54,2020-02-14,6.7,416
4588,353571,en,Tallulah,3.535,2016-06-02,6.7,723
4589,37777,it,Soap and Water,3.53,1983-10-27,6.7,354
4590,22307,en,Sisters,3.53,1973-03-26,6.7,401
4591,416194,no,The Quake,3.538,2018-08-31,6.7,765
4592,1909,en,Don Juan DeMarco,3.78,1994-10-12,6.731,752
4593,663712,en,Terrifier 2,3.57,2022-10-06,6.7,2196
4594,376570,en,Hush,3.536,2016-03-12,6.73,4612
4595,294254,en,Maze Runner: The Scorch Trials,4.38,2015-09-09,6.73,10489
4596,15854,en,Kung Fu Panda: Secrets of the Furious Five,3.532,2008-11-08,6.73,429
4597,11009,en,Saturday Night Fever,3.782,1977-12-16,6.7,1937
4598,9739,en,Demolition Man,4.324,1993-10-08,6.73,3767
4599,605,en,The Matrix Revolutions,4.66,2003-11-05,6.73,10064
4600,459992,en,Long Shot,3.54,2019-05-02,6.7,2715
4601,11211,en,Bring It On: All or Nothing,0.164,2006-07-18,6.733,819
4602,464502,en,Acrimony,3.537,2018-03-30,6.728,382
4603,448776,en,A Prayer Before Dawn,3.538,2018-05-24,6.7,580
4604,10675,en,Frantic,3.53,1988-02-19,6.7,1026
4605,6312,fr,Brotherhood of the Wolf,3.827,2001-01-31,6.728,1569
4606,732450,en,Batman: Soul of the Dragon,3.544,2021-01-12,6.7,346
4607,524216,en,The Mortuary Collection,3.542,2020-09-25,6.7,433
4608,463319,zh,Shadow,3.788,2018-09-30,6.727,394
4609,59387,en,The Powerpuff Girls Movie,3.531,2002-07-03,6.7,308
4610,39513,en,Paul,4.04,2011-02-14,6.726,5837
4611,37233,en,The Firm,3.532,1993-06-30,6.7,2061
4612,12651,en,Memphis Belle,3.53,1990-09-07,6.7,388
4613,9789,it,My Brother Is an Only Child,3.532,2007-03-28,6.7,398
4614,2462,fr,Hibernatus,3.531,1969-09-10,6.727,474
4615,399170,en,Logan Lucky,3.539,2017-08-17,6.726,3563
4616,91745,en,Romeo & Juliet,3.533,2013-09-12,6.7,568
4617,22798,en,Whip It,3.532,2009-04-09,6.7,1063
4618,11880,en,Dog Soldiers,3.781,2002-05-10,6.7,893
4619,9749,en,Fletch,4.03,1985-05-31,6.724,682
4620,9367,es,El Mariachi,4.074,1993-02-22,6.726,1149
4621,933419,en,Champions,3.56,2023-03-09,6.7,407
4622,438799,en,Overlord,3.789,2018-11-01,6.725,2894
4623,276843,en,What We Did on Our Holiday,3.534,2014-09-26,6.7,527
4624,44683,en,Tinker Bell and the Great Fairy Rescue,3.533,2010-07-29,6.7,947
4625,20649,en,Clockers,3.53,1995-09-15,6.7,327
4626,14181,en,Boiler Room,3.531,2000-02-18,6.7,669
4627,12227,en,White Fang,3.535,1991-01-18,6.725,598
4628,11022,en,Narc,3.531,2002-01-14,6.725,526
4629,359983,en,The Lion Guard: Return of the Roar,3.574,2016-01-25,6.7,1214
4630,198185,en,Million Dollar Arm,3.534,2014-05-09,6.724,620
4631,51980,fr,Germinal,3.53,1993-09-29,6.7,321
4632,48415,it,Welcome to the South,3.787,2010-10-01,6.723,1809
4633,16241,en,The Boys from Brazil,3.78,1978-10-05,6.7,397
4634,10649,en,The Enforcer,3.53,1976-12-16,6.724,895
4635,9960,en,Lord of the Flies,3.531,1963-08-13,6.7,524
4636,107846,en,Escape Plan,4.078,2013-10-09,6.7,5224
4637,21385,en,"Mickey, Donald, Goofy: The Three Musketeers",3.532,2004-08-04,6.7,943
4638,16121,en,The Big Red One,3.53,1980-01-22,6.7,314
4639,13509,en,The Monster Squad,3.53,1987-08-14,6.7,579
4640,10552,en,Cat's Eye,3.53,1985-04-12,6.7,661
4641,9558,en,King of New York,3.53,1990-07-18,6.722,690
4642,591,en,The Da Vinci Code,4.378,2006-05-17,6.723,9435
4643,298,en,Ocean's Thirteen,4.404,2007-06-05,6.7,6416
4644,1008409,en,The Bikeriders,4.204,2024-06-19,6.722,852
4645,467632,en,Bad Samaritan,3.574,2018-04-19,6.722,693
4646,424277,fr,Annette,3.545,2021-07-07,6.7,695
4647,45610,en,Machine Gun Preacher,3.539,2011-09-23,6.722,1055
4648,12573,en,A Serious Man,3.532,2009-10-02,6.723,2138
4649,1125,en,Dreamgirls,3.57,2006-12-25,6.7,1012
4650,790,en,The Fog,3.818,1980-02-07,6.7,1578
4651,11235,en,Local Hero,3.53,1983-02-17,6.7,356
4652,10591,en,The Girl Next Door,4.118,2004-04-09,6.721,3616
4653,9538,en,Scanners,3.785,1981-01-14,6.7,1216
4654,5255,en,The Polar Express,4.077,2004-11-10,6.721,6443
4655,3989,en,Team America: World Police,4.032,2004-10-10,6.72,1883
4656,427348,fr,Carbone,3.831,2017-11-01,6.72,425
4657,351145,es,Retribution,3.534,2015-09-21,6.72,427
4658,313922,en,Green Room,3.536,2016-04-15,6.7,2719
4659,174733,ru,Metro,3.533,2013-02-21,6.7,347
4660,25189,en,The Mirror Has Two Faces,3.53,1996-11-15,6.7,337
4661,11558,en,Silver Streak,3.53,1976-12-03,6.7,334
4662,9819,en,Marvin's Room,3.53,1996-12-18,6.72,596
4663,7985,en,Penelope,3.531,2006-03-01,6.7,1395
4664,458594,en,Peppermint,3.538,2018-09-06,6.7,2082
4665,424783,en,Bumblebee,3.835,2018-11-22,6.7,6222
4666,209263,en,Enough Said,3.534,2013-09-18,6.719,853
4667,186161,fr,The Gilded Cage,3.783,2013-04-19,6.728,337
4668,11448,en,Mighty Aphrodite,3.567,1995-09-13,6.7,691
4669,10585,en,Child's Play,3.576,1988-11-09,6.7,3035
4670,785457,en,Afterlife of the Party,3.546,2021-09-02,6.7,462
4671,11522,en,Pretty in Pink,3.535,1986-02-28,6.7,1112
4672,4978,en,An American Tail,3.567,1986-11-21,6.7,1353
4673,491283,en,Judy,3.54,2019-09-27,6.7,1187
4674,463858,fr,The Freshmen,3.538,2018-09-12,6.7,695
4675,35554,it,Cado dalle nubi,3.787,2009-11-27,6.717,1636
4676,10785,en,The Thing from Another World,3.531,1951-04-05,6.7,617
4677,5854,en,Family Plot,3.53,1976-04-09,6.7,461
4678,802219,en,Bob Marley: One Love,3.589,2024-02-14,6.7,815
4679,672741,en,Till Death,3.62,2021-07-02,6.716,834
4680,28176,en,Tucker: The Man and His Dream,3.53,1988-08-12,6.716,392
4681,14553,en,Stealing Beauty,3.53,1996-03-29,6.7,569
4682,14022,en,Slacker,3.53,1991-07-05,6.7,306
4683,13258,en,Son of Rambow,3.532,2007-01-22,6.7,451
4684,12626,en,Broadcast News,3.53,1987-12-16,6.7,414
4685,310,en,Bruce Almighty,4.666,2003-05-23,6.716,10854
4686,968051,en,The Nun II,3.589,2023-09-06,6.7,2127
4687,249397,en,Nymphomaniac: Vol. II,3.826,2013-12-25,6.715,2947
4688,53957,it,La matassa,3.532,2009-03-13,6.7,472
4689,28942,en,The Brood,3.53,1979-05-25,6.7,713
4690,13195,en,Flawless,3.569,2007-09-01,6.7,557
4691,96724,en,Anna Karenina,3.545,2012-09-06,6.714,2301
4692,13971,en,Wild Child,3.82,2008-08-15,6.713,1849
4693,13448,en,Angels & Demons,3.878,2009-04-23,6.714,6875
4694,12233,en,Oliver & Company,3.569,1988-11-18,6.7,1589
4695,11838,ja,Ju-on: The Grudge,3.533,2002-10-18,6.7,816
4696,811592,en,One Shot,3.547,2021-11-05,6.7,870
4697,460059,fr,Burn Out,3.537,2018-01-03,6.7,424
4698,337676,fr,"Mektoub, My Love: Canto Uno",3.537,2017-09-07,6.7,312
4699,77499,en,Barbie: A Perfect Christmas,3.533,2011-11-03,6.713,307
4700,13676,en,The Little Mermaid: Ariel's Beginning,0.151,2008-08-25,6.7,1027
4701,338958,en,Disenchanted,3.558,2022-11-18,6.7,1099
4702,256274,en,"As Above, So Below",3.792,2014-08-14,6.712,3535
4703,200505,en,Draft Day,3.535,2014-04-11,6.712,937
4704,1063879,fr,Infested,3.62,2023-12-27,6.711,420
4705,592984,en,Hillbilly Elegy,3.793,2020-11-09,6.711,935
4706,543343,en,Guava Island,3.539,2019-04-13,6.7,320
4707,455980,en,Tag,3.54,2018-05-30,6.7,3189
4708,269650,ja,Appleseed Alpha,2.326,2014-05-28,6.7,382
4709,254375,en,Hector and the Search for Happiness,3.785,2014-08-14,6.711,883
4710,74513,fr,Special Forces,3.533,2011-11-02,6.7,584
4711,62630,en,The Devil's Double,3.532,2011-02-11,6.711,562
4712,14134,hi,Main Hoon Na,3.792,2004-04-30,6.701,366
4713,10427,en,Red Rock West,3.53,1993-05-14,6.711,348
4714,565770,en,Blue Beetle,3.905,2023-08-16,6.709,2716
4715,11542,en,Altered States,3.53,1980-12-25,6.7,670
4716,950,en,Ice Age: The Meltdown,4.36,2006-03-29,6.71,9836
4717,532953,en,Purl,3.788,2019-01-18,6.708,303
4718,82703,en,Mr. Peabody & Sherman,4.037,2014-02-07,6.708,2394
4719,46146,no,Troll Hunter,4.284,2010-10-29,6.707,1610
4720,17894,en,The Beautician and the Beast,3.53,1997-02-07,6.7,349
4721,1930,en,The Amazing Spider-Man,4.103,2012-06-23,6.709,17570
4722,338762,en,Bloodshot,3.615,2020-03-05,6.708,5006
4723,19403,en,The Mechanic,3.53,1972-10-06,6.708,300
4724,10837,en,DuckTales: The Movie - Treasure of the Lost Lamp,3.531,1990-08-03,6.7,884
4725,2925,en,The First Wives Club,4.03,1996-09-20,6.705,760
4726,638597,en,YES DAY,3.795,2021-03-11,6.7,1215
4727,29917,en,Exam,3.532,2009-06-19,6.7,2081
4728,13691,en,Piglet's Big Movie,3.782,2003-03-16,6.702,369
4729,4108,en,The Transporter,4.07,2002-10-02,6.706,5416
4730,484641,en,Anna,3.583,2019-06-19,6.706,2750
4731,402529,en,All Eyez on Me,3.574,2017-06-12,6.706,1172
4732,353070,en,Going in Style,3.83,2017-04-06,6.706,2820
4733,4349,en,The Kingdom,3.532,2007-08-22,6.706,1670
4734,4244,en,The Kid,3.531,2000-07-07,6.7,1028
4735,820609,en,No One Will Save You,3.618,2023-09-21,6.7,1208
4736,443009,en,"Don't Worry, He Won't Get Far on Foot",3.537,2018-04-04,6.7,689
4737,419639,en,The Thinning,3.535,2016-10-12,6.705,359
4738,7229,fr,Ruby & Quentin,3.825,2003-10-22,6.705,824
4739,4517,en,Elizabeth: The Golden Age,4.069,2007-09-09,6.7,1238
4740,1118031,es,Apocalypse Z: The Beginning of the End,5.185,2024-10-04,6.7,990
4741,928344,en,Weird: The Al Yankovic Story,3.803,2022-09-08,6.704,452
4742,392044,en,Murder on the Orient Express,5.714,2017-11-03,6.704,10047
4743,24803,en,Julie & Julia,3.533,2009-08-06,6.7,2099
4744,2330,fr,Taxi,3.825,1998-04-08,6.704,2506
4745,629017,en,Run Hide Fight,3.795,2021-06-17,6.703,305
4746,597094,ja,First Love,3.539,2019-05-31,6.7,306
4747,505948,en,I Am Mother,3.789,2019-06-07,6.7,2587
4748,426284,ja,Blade of the Immortal,3.537,2017-04-29,6.7,567
4749,375183,en,A Family Man,3.785,2016-09-13,6.7,505
4750,15674,en,Sabrina the Teenage Witch,3.567,1996-04-07,6.703,325
4751,614939,en,Bros,3.554,2022-09-30,6.7,512
4752,511817,en,Wendell & Wild,3.594,2022-10-21,6.702,324
4753,15762,en,Night of the Creeps,3.53,1986-08-21,6.702,508
4754,2290,en,Jakob the Liar,3.531,1999-09-16,6.7,369
4755,529106,ru,Major Grom: Plague Doctor,3.549,2021-04-01,6.7,602
4756,493551,en,Operation Finale,3.543,2018-08-29,6.701,1006
4757,55420,en,Another Earth,3.783,2011-07-22,6.701,1648
4758,43645,it,The Little Devil,3.78,1988-07-01,6.702,409
4759,13851,en,Batman: Gotham Knight,3.532,2008-07-08,6.7,704
4760,8699,en,Anchorman: The Legend of Ron Burgundy,4.044,2004-06-28,6.701,4252
4761,591273,en,Fear Street: 1994,3.595,2021-06-28,6.7,2347
4762,379686,en,Space Jam: A New Legacy,3.548,2021-07-08,6.7,4048
4763,4912,en,Confessions of a Dangerous Mind,3.532,2002-12-31,6.7,1156
4764,2001,en,We Own the Night,3.827,2007-10-12,6.7,1391
4765,50546,en,Just Go with It,4.37,2011-02-10,6.7,5786
4766,11371,en,The Score,3.9,2001-07-13,6.699,1685
4767,7012,en,The Day After,3.53,1983-11-20,6.7,389
4768,1887,en,Marie Antoinette,3.788,2006-05-24,6.7,2765
4769,881462,it,Still Time,3.56,2023-03-16,6.7,328
4770,515195,en,Yesterday,4.376,2019-06-26,6.696,3972
4771,13685,en,Bottle Rocket,3.53,1996-02-21,6.7,1077
4772,418879,en,The Current War,3.537,2018-02-01,6.7,1082
4773,401513,ru,Attraction,3.573,2017-01-26,6.7,826
4774,223485,en,Slow West,3.534,2015-05-15,6.7,986
4775,39514,en,RED,4.365,2010-10-13,6.696,6761
4776,11130,en,The Princess Diaries 2: Royal Engagement,3.569,2004-08-06,6.7,3254
4777,628866,en,The Return,3.542,2020-09-05,6.7,308
4778,517839,sv,Border,3.788,2018-09-27,6.696,833
4779,414770,ja,Antiporno,3.573,2017-01-28,6.7,403
4780,170687,en,The Boxtrolls,3.54,2014-09-10,6.696,1696
4781,78698,en,Big Miracle,3.533,2012-02-02,6.7,496
4782,11780,en,Rob Roy,3.53,1995-04-13,6.7,649
4783,619,en,The Bodyguard,4.111,1992-11-25,6.695,2999
4784,814776,en,Bottoms,3.833,2023-08-25,6.7,659
4785,629176,en,Samaritan,3.591,2022-08-25,6.695,2027
4786,426063,en,Nosferatu,6.382,2024-12-25,6.696,2345
4787,337167,en,Fifty Shades Freed,4.2,2018-01-17,6.694,8067
4788,280180,en,Beverly Hills Cop: Axel F,3.625,2024-06-20,6.7,1191
4789,273153,fr,Summertime,3.534,2015-08-19,6.7,341
4790,943,en,Lethal Weapon 3,4.824,1992-05-15,6.695,2951
4791,649394,en,Worth,3.546,2021-07-21,6.7,338
4792,339419,en,Loving,3.785,2016-11-04,6.694,923
4793,13155,en,Return to Oz,3.53,1985-06-21,6.7,1020
4794,10999,en,Commando,4.281,1985-10-03,6.693,2862
4795,2675,en,Signs,4.289,2002-08-02,6.693,5724
4796,768,en,From Hell,3.82,2001-02-08,6.695,2835
4797,517116,en,Haunt,3.79,2019-09-13,6.7,1246
4798,489430,es,Terrified,3.539,2018-05-03,6.698,681
4799,373571,en,Godzilla: King of the Monsters,3.581,2019-05-29,6.7,6266
4800,135397,en,Jurassic World,4.6,2015-06-06,6.693,20565
4801,12184,en,The Other Boleyn Girl,3.837,2008-02-28,6.693,2090
4802,11633,ja,Appleseed,4.031,2004-04-17,6.693,357
4803,1624,en,Liar Liar,4.657,1997-03-21,6.693,5768
4804,421447,fr,The Climb,3.535,2017-01-25,6.692,863
4805,46138,en,Made in Dagenham,3.532,2010-10-01,6.692,305
4806,8872,en,Wayne's World,4.581,1992-02-14,6.7,2272
4807,7191,en,Cloverfield,4.578,2008-01-15,6.691,7202
4808,3021,en,1408,3.571,2007-06-22,6.691,4504
4809,2669,en,The Bounty,3.53,1984-05-04,6.7,561
4810,150,en,48 Hrs.,4.362,1982-12-07,6.69,1510
4811,334522,en,Alone in Berlin,3.785,2016-02-15,6.689,375
4812,16910,ja,Naruto the Movie: Legend of the Stone of Gelel,3.569,2005-08-06,6.691,400
4813,8328,en,Step Up 2: The Streets,3.57,2008-02-14,6.7,2308
4814,541660,it,Loro,3.538,2018-09-13,6.69,305
4815,276844,en,The Little Death,3.54,2014-06-13,6.7,480
4816,14197,en,My Sassy Girl,3.782,2008-05-26,6.699,374
4817,9079,en,Dying Young,4.855,1991-06-20,6.678,450
4818,1064028,en,Subservience,4.485,2024-08-15,6.687,642
4819,451925,en,Time Freak,3.538,2018-11-09,6.7,461
4820,17332,en,The Soloist,3.782,2009-04-24,6.693,777
4821,8065,en,21,3.832,2008-03-27,6.689,4715
4822,484510,en,Trolls Holiday,3.787,2017-11-01,6.695,487
4823,381719,en,Peter Rabbit,3.575,2018-02-07,6.7,1792
4824,15035,en,Fire and Ice,3.53,1983-03-25,6.7,303
4825,11322,en,Public Enemies,3.865,2009-07-01,6.688,4514
4826,10744,en,The Cooler,3.531,2003-11-26,6.688,352
4827,9297,en,Monster House,3.828,2006-06-30,6.687,4029
4828,8736,fr,Dikkenek,3.531,2006-06-21,6.7,679
4829,1552,en,Parenthood,3.535,1989-07-31,6.688,646
4830,787,en,Mr. & Mrs. Smith,4.404,2005-06-07,6.687,10531
4831,1064028,en,Subservience,4.485,2024-08-15,6.7,642
4832,284303,de,Goodnight Mommy,3.534,2015-01-08,6.7,1581
4833,9336,en,Police Academy,4.362,1984-03-22,6.685,2723
4834,3595,en,Ransom,4.03,1996-11-08,6.7,1891
4835,236751,en,Heaven Is for Real,3.535,2014-04-16,6.7,808
4836,9489,en,You've Got Mail,4.364,1998-12-18,6.684,3359
4837,8271,en,Disturbia,3.575,2007-03-27,6.686,3735
4838,7446,en,Tropic Thunder,4.323,2008-08-09,6.685,6323
4839,792293,en,Dumb Money,3.859,2023-09-15,6.7,610
4840,778106,en,Along for the Ride,3.552,2022-05-06,6.685,348
4841,998846,en,Back to Black,3.636,2024-04-11,6.7,557
4842,760747,no,The Trip,3.546,2021-07-30,6.7,564
4843,10731,en,The Client,3.536,1994-07-20,6.684,1153
4844,8265,fr,Welcome to the Sticks,3.783,2008-02-20,6.684,2442
4845,7219,it,Zombie Flesh Eaters,3.53,1979-08-25,6.7,603
4846,245,en,About a Boy,3.533,2002-04-26,6.7,2238
4847,511322,en,The Good Liar,3.54,2019-11-08,6.7,1153
4848,384664,de,Goodbye Berlin,3.785,2016-09-15,6.683,304
4849,347026,en,A United Kingdom,3.535,2016-11-25,6.7,512
4850,278236,en,X+Y,3.534,2014-03-13,6.7,567
4851,12684,en,Sabotage,3.531,1937-01-08,6.7,335
4852,10464,en,"Corrina, Corrina",3.53,1994-08-12,6.7,431
4853,7555,en,Rambo,4.584,2008-01-24,6.681,3974
4854,504562,en,Motherless Brooklyn,4.04,2019-10-31,6.681,1464
4855,75900,en,My Week with Marilyn,3.821,2011-11-23,6.685,1298
4856,13804,en,Fast & Furious,0.356,2009-04-02,6.682,7330
4857,11302,en,Bananas,3.53,1971-04-28,6.7,753
4858,1498,en,Teenage Mutant Ninja Turtles,3.568,1990-03-30,6.7,1807
4859,336882,no,The Wave,3.784,2015-08-28,6.681,1301
4860,56812,es,The Last Circus,3.532,2010-12-17,6.7,416
4861,12599,ja,Pokémon the Movie 2000,3.531,1999-07-17,6.7,859
4862,2016,fr,Days of Glory,3.531,2006-09-27,6.7,378
4863,1911,en,The 13th Warrior,3.575,1999-08-13,6.681,1878
4864,1045944,en,The Boss Baby: Christmas Bonus,3.557,2022-12-06,6.7,305
4865,866463,en,Reptile,3.823,2023-09-29,6.7,1015
4866,621870,en,Secret Society of Second Born Royals,3.543,2020-09-25,6.68,539
4867,360638,fr,The Student and Mister Henri,3.829,2015-10-07,6.68,377
4868,48138,en,Unknown,3.826,2011-02-16,6.68,3905
4869,12223,en,The Stepford Wives,3.567,1975-02-12,6.7,323
4870,11307,en,The World According to Garp,3.53,1982-08-13,6.7,352
4871,1216191,en,Oddity,4.114,2024-07-19,6.7,432
4872,862965,en,Emily the Criminal,3.592,2022-08-12,6.679,863
4873,614560,en,Mank,3.581,2020-11-13,6.7,1630
4874,48466,en,Scared Shrekless,3.532,2010-10-28,6.679,469
4875,27585,en,Rabbit Hole,3.532,2010-12-16,6.7,605
4876,10399,en,Mansfield Park,3.531,1999-11-12,6.7,308
4877,1016121,en,Beautiful Disaster,3.563,2023-04-04,6.7,812
4878,840705,en,Blink Twice,4.108,2024-08-21,6.678,1344
4879,12509,en,Pollock,3.531,2000-09-06,6.7,314
4880,10201,en,Yes Man,4.359,2008-12-09,6.7,6913
4881,9869,en,Patriot Games,4.036,1992-06-04,6.677,1656
4882,9659,en,Mad Max,4.582,1979-04-12,6.677,4538
4883,250235,it,Tutta colpa di Freud,3.533,2014-01-23,6.7,1023
4884,37645,fr,22 Bullets,3.532,2010-03-23,6.7,1219
4885,34204,en,Return to Halloweentown,3.537,2006-10-20,6.677,604
4886,10729,en,Quick Change,4.031,1990-07-13,6.665,372
4887,2161,en,Fantastic Voyage,3.781,1966-08-24,6.678,453
4888,498402,fr,Aline,3.542,2020-11-19,6.7,358
4889,435126,es,Perfect Strangers,3.537,2017-12-01,6.7,643
4890,236399,en,Flowers in the Attic,3.537,2014-01-18,6.7,370
4891,64328,en,The Muppets,4.034,2011-11-22,6.676,1588
4892,24740,en,The Entity,3.53,1982-09-30,6.676,497
4893,11283,en,Nanny McPhee,3.57,2005-10-21,6.676,3065
4894,10316,en,The Ides of March,4.371,2011-10-07,6.674,2517
4895,8669,en,Charlie Bartlett,3.532,2008-02-22,6.7,639
4896,1597,en,Meet the Parents,4.412,2000-10-06,6.675,6010
4897,817648,en,Home Team,3.549,2022-01-28,6.675,744
4898,507086,en,Jurassic World Dominion,3.963,2022-06-01,6.675,6271
4899,185567,en,Zulu,3.533,2013-12-04,6.677,487
4900,81250,en,Geek Charming,3.533,2011-11-11,6.675,758
4901,1992,en,Planet Terror,3.864,2007-04-06,6.675,3541
4902,1788,en,Footloose,3.781,1984-02-17,6.7,2065
4903,763152,es,More the Merrier,3.546,2021-07-30,6.7,432
4904,325789,en,The Infiltrator,3.536,2016-07-13,6.7,1681
4905,11601,en,Stir of Echoes,3.826,1999-09-10,6.674,1238
4906,10364,en,Catch-22,3.534,1970-06-24,6.7,308
4907,1635,en,The Island,3.609,2005-07-21,6.674,5443
4908,722149,en,Luther: The Fallen Sun,3.559,2023-02-24,6.7,955
4909,46169,en,Twitches Too,3.538,2007-10-12,6.673,349
4910,36897,ja,Pokémon: Mewtwo Returns,3.531,2001-08-17,6.7,401
4911,3638,en,No Reservations,3.57,2007-06-15,6.7,1371
4912,565,en,The Ring,4.154,2002-10-18,6.673,6255
4913,276908,en,Comet,3.784,2014-12-05,6.672,442
4914,72432,en,Puncture,3.57,2011-09-23,6.7,398
4915,539972,en,Kraven the Hunter,13.939,2024-12-11,6.671,1392
4916,332794,fr,The Odyssey,3.535,2016-10-12,6.7,415
4917,22244,en,Society,3.53,1989-05-13,6.7,556
4918,9588,en,Quigley Down Under,3.53,1990-10-17,6.7,385
4919,8270,en,The Lookout,3.569,2007-03-09,6.7,644
4920,406994,en,Better Watch Out,3.788,2017-10-06,6.67,1523
4921,22171,en,Ms .45,3.53,1981-04-24,6.7,356
4922,9726,en,A Good Year,3.569,2006-09-09,6.7,1520
4923,1487,en,Hellboy,4.902,2004-04-02,6.7,6957
4924,25,en,Jarhead,3.781,2005-11-04,6.67,2933
4925,366672,en,Paws of Fury: The Legend of Hank,3.553,2022-07-14,6.7,301
4926,180894,en,Ninja: Shadow of a Tear,3.533,2013-12-27,6.7,382
4927,75802,en,Hysteria,3.533,2011-06-06,6.7,815
4928,46332,fr,Of Gods and Men,3.532,2010-09-08,6.7,376
4929,13763,en,Purple Rain,3.53,1984-07-27,6.7,380
4930,11959,en,UHF,3.53,1989-07-21,6.7,358
4931,9534,es,The Ferpect Crime,3.532,2004-09-10,6.669,313
4932,5126,en,Martian Child,3.532,2007-11-02,6.7,308
4933,940139,en,Here,5.218,2024-10-30,6.7,365
4934,882598,en,Smile,3.657,2022-09-23,6.667,3489
4935,646385,en,Scream,4.431,2022-01-12,6.668,3402
4936,574376,es,Eye for an Eye,3.539,2019-08-30,6.668,310
4937,522931,en,Hitman's Wife's Bodyguard,3.583,2021-06-14,6.7,2327
4938,91586,en,Insidious: Chapter 2,3.789,2013-09-12,6.669,4275
4939,41610,it,Fracchia The Human Beast,3.53,1981-12-22,6.7,324
4940,11654,en,The Hunger,3.53,1983-04-29,6.7,587
4941,11455,en,Up in Smoke,3.53,1978-05-16,6.7,575
4942,10660,en,It Could Happen to You,3.531,1994-07-29,6.7,821
4943,298618,en,The Flash,4.382,2023-06-13,6.667,4437
4944,41663,it,Fantozzi Against the Wind,3.541,1980-11-13,6.7,524
4945,10072,en,A Nightmare on Elm Street 3: Dream Warriors,1.622,1987-02-27,6.667,1820
4946,2976,en,Hairspray,4.033,2007-07-19,6.665,2499
4947,332210,en,Storks,4.037,2016-09-22,6.663,2361
4948,321751,en,A Perfect Day,3.784,2015-08-28,6.665,629
4949,315664,en,Florence Foster Jenkins,3.541,2016-05-06,6.666,1467
4950,280217,en,The Lego Movie 2: The Second Part,3.545,2019-02-06,6.666,2241
4951,232679,en,When the Game Stands Tall,3.534,2014-08-22,6.7,356
4952,7453,en,The Hitchhiker's Guide to the Galaxy,4.326,2005-04-28,6.665,3919
4953,1389,en,Out of Sight,3.568,1998-06-26,6.7,1291
4954,452773,es,"Tad, the Lost Explorer, and the Secret of King Midas",3.535,2017-03-25,6.665,412
4955,340101,en,Their Finest,3.535,2017-02-19,6.7,414
4956,2924,en,Backdraft,3.78,1991-05-24,6.7,1445
4957,1048241,en,My Spy The Eternal City,3.634,2024-07-18,6.7,371
4958,814757,en,Empire of Light,3.807,2022-12-09,6.664,560
4959,450465,en,Glass,3.827,2019-01-16,6.665,8594
4960,38718,en,Reversal of Fortune,3.567,1990-10-19,6.7,307
4961,2251,en,Unfaithful,3.663,2002-05-10,6.7,1568
4962,1936,en,River of No Return,3.568,1954-04-30,6.664,446
4963,1364,es,Sex and Lucía,3.787,2001-08-24,6.664,566
4964,660,en,Thunderball,3.826,1965-12-11,6.664,2361
4965,262391,fr,Serial (Bad) Weddings,4.329,2014-04-16,6.663,3416
4966,52744,en,Falling in Love,3.53,1984-11-21,6.7,362
4967,14370,en,Real Genius,3.53,1985-08-07,6.7,443
4968,11655,es,Cronos,3.823,1993-11-05,6.7,654
4969,11583,en,The First Great Train Robbery,3.541,1978-12-14,6.663,386
4970,330764,fr,The Brand New Testament,4.329,2015-09-02,6.663,1658
4971,190880,fr,"Me, Myself and Mum",3.827,2013-11-20,6.661,657
4972,157386,en,The Spectacular Now,3.789,2013-08-02,6.662,2881
4973,9044,en,Tristan & Isolde,3.531,2006-04-07,6.7,794
4974,762079,fr,The Advent Calendar,3.547,2021-12-01,6.7,365
4975,494974,en,Red Joan,3.538,2018-09-13,6.7,369
4976,35052,en,Cracks,3.532,2009-12-04,6.7,407
4977,15356,en,The Girl Next Door,3.533,2007-07-19,6.66,719
4978,10873,en,Shadow of the Vampire,3.531,2000-08-30,6.7,594
4979,3573,en,Emma,3.53,1996-08-02,6.66,615
4980,1957,en,Enough,3.531,2002-05-21,6.66,1156
4981,1098110,de,Blood & Gold,3.562,2023-04-21,6.7,380
4982,668640,es,Official Competition,3.584,2021-09-04,6.7,390
4983,6522,en,Life,4.031,1999-04-16,6.654,803
4984,474335,en,Uncle Drew,3.539,2018-06-27,6.7,558
4985,471474,en,Batman: Gotham by Gaslight,3.537,2018-01-12,6.7,707
4986,337674,fr,Elle,3.785,2016-05-25,6.7,1884
4987,34942,en,Balto III: Wings of Change,3.531,2004-04-14,6.658,326
4988,11340,it,Banana Joe,3.53,1982-03-24,6.7,457
4989,9283,en,Beautiful Girls,3.53,1996-02-09,6.658,370
4990,46420,en,The Loved Ones,3.538,2010-08-04,6.657,755
4991,10719,en,Elf,4.295,2003-11-07,6.656,4160
4992,9291,en,The Longest Yard,4.074,2005-05-27,6.656,3414
4993,201085,en,Crimson Peak,3.86,2015-10-13,6.656,4974
4994,11548,en,*batteries not included,4.03,1987-12-18,6.654,722
4995,10874,en,Muppet Treasure Island,4.03,1996-02-16,6.649,407
4996,7457,en,Alpha Dog,3.536,2006-01-27,6.656,1390
4997,615667,en,Ma Rainey's Black Bottom,3.543,2020-11-25,6.7,1169
4998,464446,en,Return,3.545,2015-07-04,6.655,580
4999,440021,en,Happy Death Day,3.825,2017-10-12,6.654,6215
5000,81440,en,"Good Luck Charlie, It's Christmas!",3.533,2011-12-02,6.7,412
5001,50544,en,Friends with Benefits,3.909,2011-07-21,6.655,7998
5002,18415,en,Gummo,3.782,1997-10-17,6.7,640
5003,542830,fr,Little White Lies 2,3.834,2019-05-01,6.654,697
5004,290512,en,The Mountain Between Us,3.538,2017-10-05,6.654,2411
5005,11566,en,Dave,3.53,1993-05-07,6.7,763
5006,10393,en,The Replacements,3.542,2000-08-11,6.7,981
5007,10183,en,Frozen River,3.532,2008-03-26,6.654,324
5008,8880,en,Che: Part Two,3.533,2008-12-12,6.7,628
5009,4944,en,Burn After Reading,4.083,2008-09-05,6.654,4798
5010,839321,pl,Return,3.532,2008-01-01,6.653,582
5011,635731,en,Pig,3.552,2021-07-16,6.654,1482
5012,166426,en,Pirates of the Caribbean: Dead Men Tell No Tales,3.27,2017-05-23,6.653,12134
5013,87492,en,Foxcatcher,3.609,2014-11-14,6.653,2325
5014,46655,fr,The Little Bather,3.531,1968-03-22,6.653,359
5015,10629,en,Veronica Guerin,3.531,2003-07-11,6.653,313
5016,1826,fr,Russian Dolls,4.075,2005-06-15,6.653,690
5017,315872,it,Mia madre,3.534,2015-04-16,6.7,359
5018,209185,en,The Grand Seduction,3.534,2014-05-30,6.7,322
5019,21683,en,Batman: Mystery of the Batwoman,3.531,2003-10-21,6.7,399
5020,19458,en,Princess Protection Program,3.532,2009-06-08,6.7,1699
5021,823482,en,Dream Scenario,3.904,2023-11-10,6.651,984
5022,347866,en,Hot Summer Nights,3.575,2018-07-26,6.7,756
5023,162215,en,How I Live Now,3.533,2013-09-10,6.7,878
5024,75612,en,Oblivion,4.581,2013-04-10,6.651,10814
5025,32042,en,Night Moves,3.785,1975-02-27,6.651,305
5026,22832,en,Ninja Assassin,3.79,2009-09-29,6.651,1582
5027,13820,en,Repo Man,3.53,1984-03-02,6.7,614
5028,12609,da,Help! I'm a Fish,4.031,2000-10-06,6.644,426
5029,9613,en,Spider,3.782,2002-11-06,6.7,869
5030,790142,en,The Royal Treatment,3.586,2022-01-20,6.7,771
5031,454619,en,Overboard,3.537,2018-04-13,6.65,1385
5032,33875,ja,Pokémon Heroes,3.531,2002-07-13,6.7,351
5033,9687,en,Keeping Mum,3.531,2005-12-02,6.7,568
5034,9357,en,One Hour Photo,3.569,2002-08-21,6.65,1743
5035,9331,en,Clear and Present Danger,4.035,1994-08-03,6.648,1528
5036,474331,fr,Keep an Eye Out,3.538,2018-07-04,6.6,614
5037,11967,en,Young Guns,4.035,1988-02-17,6.647,940
5038,9517,en,Bully,3.83,2001-06-15,6.649,484
5039,6415,en,Three Kings,4.037,1999-09-27,6.6,2091
5040,2897,en,Around the World in Eighty Days,3.781,1956-10-17,6.649,522
5041,2110,fr,Wasabi,3.818,2001-10-31,6.6,1312
5042,338953,en,Fantastic Beasts: The Secrets of Dumbledore,4.893,2022-04-06,6.647,4627
5043,19255,en,Away We Go,3.532,2009-06-05,6.6,581
5044,8204,en,The Spiderwick Chronicles,3.538,2008-02-14,6.6,2655
5045,883083,mk,You Won't Be Alone,3.55,2022-04-01,6.647,306
5046,763285,en,Ambulance,3.589,2022-03-16,6.646,2193
5047,401200,en,Kursk,3.538,2018-11-07,6.6,621
5048,16340,en,Rugrats in Paris: The Movie,3.531,2000-11-17,6.6,460
5049,13672,fr,JCVD,3.532,2008-06-04,6.647,516
5050,10010,en,Brother Bear 2,3.569,2006-08-17,6.647,1490
5051,8961,en,Bad Boys II,4.621,2003-07-18,6.646,5558
5052,287,en,Bull Durham,3.53,1988-06-15,6.6,588
5053,236737,es,Spanish Affair,3.534,2014-03-14,6.6,638
5054,52274,es,Julia's Eyes,3.532,2010-08-16,6.6,792
5055,16418,en,Barbie Presents: Thumbelina,3.532,2009-02-24,6.6,485
5056,16395,it,Inferno,3.53,1980-02-07,6.646,616
5057,13531,en,Empire Records,3.53,1995-09-22,6.6,710
5058,11023,en,Thirteen,3.819,2003-08-20,6.646,1636
5059,597891,en,Kate,3.546,2021-09-10,6.6,1547
5060,589524,it,The Champion,3.539,2019-04-18,6.6,387
5061,417812,en,Wildlife,3.538,2018-09-23,6.645,730
5062,241848,en,The Guest,3.785,2014-09-05,6.647,1978
5063,83686,en,The Words,3.533,2012-09-07,6.6,1201
5064,97,en,Tron,4.587,1982-07-09,6.641,2338
5065,66,en,Absolute Power,3.536,1997-02-14,6.6,1115
5066,881164,en,Boston Strangler,3.635,2023-03-16,6.6,717
5067,814338,en,Lady Chatterley's Lover,3.555,2022-11-22,6.644,438
5068,618162,en,The Harder They Fall,3.548,2021-10-22,6.644,1075
5069,86825,en,Stoker,3.783,2013-02-28,6.644,2256
5070,38368,th,Uncle Boonmee Who Can Recall His Past Lives,3.782,2010-06-25,6.644,371
5071,13291,en,Traitor,3.532,2008-08-23,6.644,647
5072,4437,en,2010,3.781,1984-12-06,6.644,955
5073,615904,en,Marry Me,3.55,2022-02-09,6.6,1024
5074,578701,en,Those Who Wish Me Dead,3.545,2021-05-05,6.6,1669
5075,39538,en,Contagion,4.372,2011-09-08,6.6,6148
5076,20760,en,Lilo & Stitch 2: Stitch Has a Glitch,3.571,2005-01-22,6.645,1454
5077,7859,en,Half Nelson,3.531,2006-08-11,6.6,878
5078,1369,en,Rambo: First Blood Part II,4.54,1985-05-21,6.642,3984
5079,873126,it,My Name Is Vendetta,3.557,2022-11-30,6.6,601
5080,171540,he,Big Bad Wolves,3.533,2013-04-21,6.6,380
5081,60307,en,Diary of a Wimpy Kid: Rodrick Rules,3.607,2011-03-25,6.642,1146
5082,27324,ja,Pulse,3.532,2001-02-03,6.6,545
5083,1948,en,Crank,3.821,2006-08-31,6.642,3867
5084,630392,en,The Cursed,3.546,2021-07-28,6.6,350
5085,552688,en,The Mother,3.568,2023-05-04,6.641,1287
5086,445793,it,Husband & Wife,3.785,2017-04-13,6.641,340
5087,267999,hu,White God,3.784,2014-06-12,6.641,337
5088,152747,en,All Is Lost,3.571,2013-08-23,6.641,1622
5089,10133,en,Cypher,3.536,2002-10-01,6.6,573
5090,9093,en,The Four Feathers,3.536,2002-09-08,6.641,556
5091,65291,en,Green Lantern: Emerald Knights,3.532,2011-04-09,6.6,501
5092,17609,en,Antichrist,3.794,2009-05-20,6.64,2621
5093,11541,en,The Year of Living Dangerously,3.53,1982-12-17,6.6,332
5094,9614,en,Happy Gilmore,4.363,1996-02-16,6.64,2704
5095,6072,en,One Eight Seven,3.53,1997-07-29,6.64,574
5096,660833,en,Multiverse,3.553,2021-11-12,6.639,330
5097,241855,en,Spring,3.784,2014-10-08,6.639,711
5098,136799,en,Trolls,4.039,2016-10-13,6.637,3616
5099,839033,en,The Lord of the Rings: The War of the Rohirrim,5.975,2024-12-05,6.6,481
5100,529485,en,The Way Back,3.79,2020-03-05,6.638,1215
5101,499701,en,Dora and the Lost City of Gold,3.79,2019-08-08,6.638,1728
5102,75780,en,Jack Reacher,4.836,2012-12-20,6.6,7115
5103,13768,en,Tuck Everlasting,3.531,2002-10-11,6.6,472
5104,12155,en,Alice in Wonderland,4.86,2010-03-03,6.638,14135
5105,9313,en,The Man in the Iron Mask,3.576,1998-03-12,6.6,3866
5106,5879,ja,In the Realm of the Senses,3.539,1976-09-15,6.6,638
5107,2059,en,National Treasure,4.415,2004-11-19,6.6,6409
5108,514847,en,The Hunt,4.045,2020-03-11,6.637,3285
5109,363992,en,The Wizard of Lies,3.537,2017-05-11,6.637,592
5110,23439,en,House of Usher,3.531,1960-07-20,6.6,325
5111,15742,hu,Taxidermia,3.781,2006-08-23,6.637,315
5112,11520,en,Grumpy Old Men,4.03,1993-12-25,6.635,678
5113,1576,en,Resident Evil,1.883,2002-03-15,6.637,6440
5114,575428,zh,The Wild Goose Lake,3.54,2019-12-06,6.636,338
5115,370665,hi,Dilwale,3.534,2015-12-18,6.6,313
5116,9585,en,Not Without My Daughter,3.53,1991-01-11,6.6,301
5117,2621,en,Return to Me,3.781,2000-04-07,6.636,440
5118,532938,fr,The Shiny Shrimps,3.539,2019-05-08,6.6,437
5119,513576,en,Always Be My Maybe,3.79,2019-05-31,6.636,1338
5120,10189,en,Pineapple Express,4.32,2008-08-06,6.634,3876
5121,10158,en,White Men Can't Jump,4.067,1992-03-27,6.632,1389
5122,8467,en,Dumb and Dumber,4.624,1994-12-16,6.6,6220
5123,760161,en,Orphan: First Kill,3.59,2022-07-27,6.6,2145
5124,577242,fr,Kaamelott: The First Chapter,3.546,2021-07-21,6.634,692
5125,245775,fr,Yves Saint Laurent,3.539,2014-01-08,6.634,890
5126,238636,en,The Purge: Anarchy,5.122,2014-07-17,6.633,6454
5127,62835,en,Colombiana,3.832,2011-07-27,6.634,2649
5128,27995,en,She's Gotta Have It,3.53,1986-08-08,6.6,333
5129,13967,en,Miss Potter,3.532,2006-12-03,6.6,496
5130,10155,en,U Turn,3.531,1997-10-03,6.6,741
5131,599845,it,The Immortal,3.54,2019-12-05,6.6,476
5132,484247,en,A Simple Favor,3.588,2018-08-29,6.6,4209
5133,417466,es,Monos,3.539,2019-08-15,6.6,395
5134,244772,en,The Skeleton Twins,3.534,2014-06-05,6.6,642
5135,4169,en,Breach,3.532,2007-02-12,6.6,593
5136,862968,en,Pain Hustlers,3.899,2023-10-20,6.632,658
5137,523773,en,Little Italy,3.793,2018-08-24,6.632,658
5138,441282,en,Night Hunter,3.79,2019-08-29,6.6,935
5139,10691,en,Crazy/Beautiful,3.531,2001-06-29,6.6,344
5140,1266,en,Street Kings,3.535,2008-04-10,6.632,1525
5141,513045,en,Stuber,3.545,2019-07-11,6.6,1316
5142,431819,ja,Fireworks,3.574,2017-08-18,6.6,344
5143,22794,en,Cloudy with a Chance of Meatballs,4.035,2009-09-17,6.631,6040
5144,3179,en,Beavis and Butt-Head Do America,4.03,1996-12-20,6.627,711
5145,833339,da,Speak No Evil,3.588,2022-03-17,6.63,895
5146,244539,en,Infinitely Polar Bear,3.533,2014-01-18,6.6,372
5147,172803,en,Hours,3.57,2013-12-04,6.6,750
5148,49521,en,Man of Steel,5.649,2013-06-12,6.63,15306
5149,41211,fr,Heartbreaker,3.533,2010-03-17,6.6,1351
5150,26388,en,Buried,3.782,2010-09-24,6.63,2835
5151,6964,en,Something's Gotta Give,3.57,2003-12-12,6.63,1615
5152,3877,en,Things We Lost in the Fire,3.532,2007-09-26,6.6,359
5153,433252,en,Our Souls at Night,3.537,2017-09-29,6.6,437
5154,22970,en,The Cabin in the Woods,3.873,2012-04-12,6.629,7963
5155,9442,en,Dead Men Don't Wear Plaid,3.567,1982-05-21,6.629,394
5156,136403,fr,Populaire,3.827,2012-11-27,6.6,575
5157,20156,en,Exotica,3.53,1994-09-29,6.6,340
5158,10687,en,Tigerland,3.531,2000-10-06,6.6,562
5159,9410,en,Great Expectations,3.531,1998-01-30,6.628,607
5160,727293,en,The Tender Bar,3.586,2021-12-17,6.6,552
5161,390062,en,Jungle,3.537,2017-06-27,6.627,1984
5162,177699,en,Alan Partridge: Alpha Papa,3.533,2013-07-24,6.6,456
5163,12113,en,Body of Lies,3.576,2008-10-09,6.627,3066
5164,11135,en,The Rescuers Down Under,0.842,1990-11-16,6.627,1299
5165,11012,en,Damage,3.53,1992-12-02,6.627,609
5166,1571,en,Live Free or Die Hard,4.909,2007-06-20,6.626,5910
5167,1070514,ja,Zom 100: Bucket List of the Dead,3.569,2023-08-03,6.626,564
5168,339964,en,Valerian and the City of a Thousand Planets,4.596,2017-07-20,6.625,7555
5169,683340,en,Vengeance,3.591,2022-07-29,6.625,393
5170,416186,fr,Godard Mon Amour,3.537,2017-06-24,6.625,357
5171,119675,en,Behind the Candelabra,3.533,2013-05-26,6.6,787
5172,2605,en,Short Circuit,4.084,1986-05-09,6.623,1498
5173,736526,no,Troll,3.595,2022-11-30,6.624,1736
5174,616651,en,Stillwater,3.546,2021-07-29,6.6,1269
5175,10328,en,Cocoon,4.03,1985-06-21,6.622,1302
5176,535167,zh,The Wandering Earth,3.796,2019-02-05,6.623,997
5177,471498,fr,Oxygen,3.795,2021-05-12,6.623,1426
5178,8913,en,Pet Sematary,3.531,1989-04-21,6.623,2198
5179,454458,en,UglyDolls,3.539,2019-05-01,6.622,438
5180,239678,en,This Is Where I Leave You,3.534,2014-09-10,6.622,1352
5181,177494,en,Veronica Mars,3.572,2014-03-13,6.6,1080
5182,59860,en,Monte Carlo,3.794,2011-07-01,6.622,2149
5183,1082195,en,The Order,4.286,2024-12-05,6.624,482
5184,619297,en,Sweet Girl,3.546,2021-08-18,6.621,1208
5185,49517,en,Tinker Tailor Soldier Spy,4.329,2011-09-16,6.618,2676
5186,10176,en,The Quiet Earth,3.78,1985-09-08,6.621,553
5187,586461,en,Swallow,3.541,2020-01-15,6.6,765
5188,555850,en,The Holiday Calendar,3.576,2018-11-02,6.62,1019
5189,287590,ja,Saint Seiya: Legend of Sanctuary,3.534,2014-06-21,6.6,693
5190,246860,en,Clouds of Sils Maria,3.534,2014-08-20,6.6,760
5191,68727,en,Trance,3.834,2013-03-27,6.62,2198
5192,50837,en,Martha Marcy May Marlene,3.534,2011-10-21,6.6,753
5193,15613,en,Fire in the Sky,3.53,1993-03-12,6.6,600
5194,6639,en,Love in the Time of Cholera,3.532,2007-10-04,6.6,380
5195,341012,en,Popstar: Never Stop Never Stopping,3.792,2016-06-03,6.619,1256
5196,192577,ja,Space Pirate Captain Harlock,3.54,2013-09-07,6.6,1038
5197,20306,en,Swimming with Sharks,3.53,1994-09-10,6.6,314
5198,12165,en,The Burning Plain,3.532,2008-11-07,6.6,432
5199,9913,en,The Skeleton Key,3.531,2005-07-29,6.6,2098
5200,9529,en,Candyman,3.568,1992-10-16,6.6,1642
5201,8827,fr,99 Francs,3.826,2007-09-26,6.619,739
5202,2454,en,The Chronicles of Narnia: Prince Caspian,4.331,2008-05-15,6.618,6432
5203,166,fr,The Party,3.53,1980-12-17,6.618,1135
5204,572802,en,Aquaman and the Lost Kingdom,4.657,2023-12-20,6.6,2990
5205,334524,en,Gold,3.535,2016-02-03,6.6,1640
5206,12185,en,Heaven Can Wait,3.78,1978-06-28,6.617,409
5207,1198870,en,Return,3.542,,6.616,391
5208,774825,en,The Ice Age Adventures of Buck Wild,3.552,2022-01-28,6.616,1712
5209,720755,en,The Kid Detective,3.554,2020-10-16,6.6,423
5210,10875,en,The Fabulous Baker Boys,3.53,1989-10-13,6.6,335
5211,14029,it,Demons,3.531,1985-10-04,6.6,576
5212,12151,en,Ruthless People,3.53,1986-06-26,6.6,406
5213,61404,fr,Point Blank,3.532,2010-11-08,6.6,461
5214,11884,en,The Last Starfighter,4.28,1984-07-13,6.607,698
5215,11372,en,The Eagle Has Landed,3.567,1976-12-24,6.6,337
5216,492452,en,Ben Is Back,3.538,2018-12-05,6.6,922
5217,483104,en,A Christmas Prince,3.574,2017-11-17,6.613,1441
5218,706503,fr,Lost Bullet,3.541,2020-06-19,6.6,796
5219,21407,en,The Collector,3.782,2009-07-09,6.6,1508
5220,33408,en,The Crush,3.53,1993-04-02,6.6,506
5221,10664,es,[REC]²,3.57,2009-09-15,6.611,2020
5222,8738,en,The Final Countdown,3.53,1980-01-31,6.6,606
5223,481084,en,The Addams Family,4.08,2019-10-10,6.611,2362
5224,245916,en,Kill the Messenger,3.828,2014-10-09,6.61,853
5225,241239,en,A Most Violent Year,5.324,2014-12-31,6.6,1429
5226,9346,en,Risky Business,3.536,1983-08-05,6.6,1323
5227,1562,en,28 Weeks Later,3.91,2007-04-26,6.61,4455
5228,166076,en,Superman: Unbound,3.783,2013-04-23,6.607,414
5229,27936,fr,Micmacs,3.782,2009-10-28,6.609,602
5230,12150,en,Sea of Love,3.53,1989-09-15,6.6,621
5231,11184,en,Kinsey,3.531,2004-09-04,6.609,473
5232,5121,en,The Sugarland Express,3.535,1974-03-31,6.6,407
5233,945729,en,A Haunting in Venice,3.873,2023-09-13,6.608,2433
5234,852046,fr,Athena,3.841,2022-09-09,6.6,748
5235,184341,en,Hands of Stone,3.785,2016-08-26,6.6,418
5236,80321,en,Madagascar 3: Europe's Most Wanted,4.325,2012-06-06,6.607,6217
5237,44865,zh,The Grandmaster,3.533,2013-01-10,6.6,882
5238,1729,en,The Forbidden Kingdom,3.538,2008-04-17,6.6,1732
5239,70954,en,The Hunter,3.533,2011-10-06,6.6,656
5240,581726,en,Infinite,3.837,2021-09-09,6.606,1895
5241,329996,en,Dumbo,4.04,2019-03-27,6.605,4345
5242,839369,en,May December,3.578,2023-11-16,6.6,864
5243,762430,en,Retribution,3.576,2023-08-23,6.605,1192
5244,311291,en,45 Years,3.534,2015-08-04,6.6,744
5245,242042,en,Barefoot,3.533,2014-02-02,6.605,629
5246,544,en,There's Something About Mary,4.363,1998-07-15,6.6,5002
5247,529862,en,Brittany Runs a Marathon,3.539,2019-08-23,6.604,485
5248,8834,en,Conspiracy Theory,4.281,1997-08-08,6.605,1492
5249,823766,en,The Wonder,3.843,2022-11-02,6.603,843
5250,15393,en,Play Misty for Me,3.53,1971-10-01,6.6,510
5251,3525,en,Working Girl,3.53,1988-12-20,6.6,969
5252,420426,ja,Bleach,3.539,2018-07-20,6.602,546
5253,405177,en,"Where'd You Go, Bernadette",3.54,2019-08-16,6.602,660
5254,109421,en,Side Effects,3.572,2013-02-07,6.6,3115
5255,29963,en,Bright Star,3.532,2009-09-18,6.6,454
5256,16296,en,Killer Klowns from Outer Space,3.568,1988-05-27,6.602,1046
5257,11977,en,Caddyshack,4.042,1980-07-25,6.599,1183
5258,559907,en,The Green Knight,4.053,2021-07-29,6.601,1953
5259,20714,ru,12,3.532,2007-06-06,6.6,391
5260,11515,en,Goya's Ghosts,3.532,2006-11-08,6.6,489
5261,9532,en,Final Destination,4.441,2000-03-17,6.601,5746
5262,448119,en,Dolittle,4.079,2020-01-02,6.597,3673
5263,433422,ja,Fairy Tail: Dragon Cry,3.787,2017-05-06,6.599,408
5264,10398,en,Double Jeopardy,3.531,1999-09-24,6.6,1351
5265,39781,en,The Kids Are All Right,3.534,2010-07-09,6.6,1499
5266,864168,en,Joy Ride,3.566,2023-06-22,6.6,387
5267,848058,es,Piggy,3.555,2022-10-07,6.6,613
5268,468362,en,The Angel,3.538,2018-05-15,6.6,305
5269,345009,en,Mine,3.785,2016-10-06,6.598,1300
5270,17898,en,Silver Bullet,3.53,1985-10-10,6.6,614
5271,5680,en,Elvira: Mistress of the Dark,3.53,1988-09-30,6.598,533
5272,4105,en,Black Rain,4.031,1989-09-22,6.593,1111
5273,3635,en,Girl with a Pearl Earring,3.781,2003-12-12,6.601,1388
5274,480857,en,Radioactive,3.541,2020-03-11,6.6,845
5275,454527,fr,Benedetta,3.585,2021-07-09,6.596,1031
5276,454467,en,Noelle,3.578,2019-11-12,6.597,678
5277,300673,en,The Finest Hours,3.537,2016-01-27,6.6,1618
5278,136795,en,The Heat,3.571,2013-06-27,6.597,3968
5279,27958,en,Cruising,3.567,1980-02-15,6.6,549
5280,11064,en,Brewster's Millions,3.569,1985-05-22,6.6,606
5281,10409,en,Strictly Ballroom,3.53,1992-08-20,6.597,349
5282,8066,en,Stay,3.782,2005-09-24,6.6,1346
5283,25319,en,The Masque of the Red Death,3.531,1964-06-24,6.6,329
5284,8005,en,Robin Hood: Men in Tights,4.074,1993-07-28,6.596,2102
5285,10184,en,He's Just Not That Into You,3.581,2009-02-06,6.595,3777
5286,215,en,Saw II,3.82,2005-10-28,6.6,5457
5287,68817,en,Footloose,3.571,2011-10-06,6.594,1654
5288,13090,en,Sunshine Cleaning,3.532,2008-01-18,6.6,771
5289,5780,en,Torn Curtain,3.531,1966-07-15,6.6,583
5290,5595,es,Fermat's Room,3.532,2007-10-07,6.6,406
5291,423204,en,Angel Has Fallen,3.541,2019-08-21,6.6,3555
5292,396422,en,Annabelle: Creation,3.582,2017-08-03,6.593,5649
5293,382322,en,Batman: The Killing Joke,3.786,2016-07-24,6.593,1832
5294,250124,en,The Diary of a Teenage Girl,3.534,2015-08-07,6.6,739
5295,83899,en,You're Next,3.534,2013-08-22,6.6,2497
5296,20178,en,World's Greatest Dad,3.532,2009-08-20,6.6,606
5297,11635,en,Old School,4.297,2003-02-21,6.589,1892
5298,9463,ja,Vampire Hunter D,3.53,1985-12-21,6.593,480
5299,9352,en,EuroTrip,4.287,2004-02-20,6.593,2639
5300,8649,en,Bringing Out the Dead,3.531,1999-10-22,6.6,1096
5301,2123,en,"Me, Myself & Irene",4.319,2000-06-22,6.593,3929
5302,644495,en,House of Gucci,3.715,2021-11-24,6.6,3170
5303,51917,it,A Whole Life Ahead,3.537,2008-03-28,6.592,309
5304,50456,en,Hanna,3.783,2011-04-07,6.592,3416
5305,31007,en,Welcome to the Rileys,3.532,2010-10-29,6.6,402
5306,5486,it,A Bay of Blood,3.53,1971-09-08,6.6,381
5307,512,en,Scoop,3.781,2006-07-27,6.6,1639
5308,1172674,en,The Rat Catcher,3.822,2023-09-28,6.595,400
5309,1100782,en,Smile 2,7.203,2024-10-16,6.6,1352
5310,622855,en,Jingle Jangle: A Christmas Journey,3.543,2020-11-06,6.6,526
5311,428495,en,The Nile Hilton Incident,3.537,2017-06-19,6.6,353
5312,412656,en,Chaos Walking,4.057,2021-02-24,6.591,2334
5313,10264,en,Hamlet,3.53,1990-12-19,6.591,407
5314,8874,en,My Best Friend's Wedding,2.768,1997-06-19,6.591,2693
5315,944,en,Lethal Weapon 4,4.825,1998-07-10,6.59,2691
5316,575776,en,Saint Maud,3.545,2020-10-09,6.59,746
5317,438674,en,Dragged Across Concrete,3.541,2019-02-21,6.59,1008
5318,38410,en,The Poughkeepsie Tapes,3.533,2007-04-27,6.6,643
5319,9944,en,The Pelican Brief,3.541,1993-09-17,6.6,1620
5320,8643,en,The Exorcism of Emily Rose,3.572,2005-09-09,6.59,2818
5321,92591,en,Bernie,3.533,2012-04-27,6.589,939
5322,12637,en,"New York, New York",3.568,1977-06-21,6.589,464
5323,6972,en,Australia,3.582,2008-11-18,6.589,2311
5324,924482,en,The Ledge,3.55,2022-02-18,6.588,360
5325,653744,en,Sergio,3.54,2020-01-28,6.588,335
5326,462883,en,Woody Woodpecker,3.537,2017-10-05,6.6,720
5327,18126,en,Hannah Montana: The Movie,3.82,2009-04-10,6.587,2019
5328,10484,fr,The ComDads,4.073,1983-11-23,6.588,402
5329,2779,en,The Curse of the Jade Scorpion,3.531,2001-08-05,6.588,778
5330,579047,en,Reminiscence,3.546,2021-08-18,6.6,1800
5331,487476,fr,Nothing to Hide,3.832,2018-10-17,6.587,1358
5332,332340,en,Man Up,3.784,2015-05-29,6.586,984
5333,80274,en,Ender's Game,4.072,2013-10-24,6.587,5881
5334,44048,en,Unstoppable,4.157,2010-11-04,6.587,3610
5335,13704,en,License to Drive,3.53,1988-07-06,6.6,369
5336,10503,en,Happy-Go-Lucky,3.532,2008-04-18,6.6,462
5337,9595,en,Hot Shots!,4.28,1991-07-31,6.6,2215
5338,2105,en,American Pie,4.375,1999-07-09,6.587,7773
5339,626412,ko,Alienoid: Return to the Future,3.595,2024-01-10,6.6,788
5340,601666,en,I Care a Lot,3.582,2021-02-19,6.585,2730
5341,554241,en,Playing with Fire,3.79,2019-11-08,6.586,703
5342,17689,en,The Gauntlet,3.531,1977-12-17,6.586,538
5343,13161,en,Big Stan,3.57,2007-11-03,6.586,921
5344,1593,en,Night at the Museum,4.41,2006-12-20,6.586,10335
5345,834,en,Underworld: Evolution,3.14,2006-01-12,6.586,4078
5346,4958,en,The Legend of Bagger Vance,3.825,2000-11-02,6.585,906
5347,253306,en,Housebound,3.784,2014-09-04,6.584,846
5348,113160,fr,My First Time,3.533,2012-01-18,6.6,531
5349,11468,en,The Salton Sea,3.531,2002-02-12,6.6,323
5350,10952,en,New Jack City,3.824,1991-03-08,6.584,532
5351,4413,en,The Brave One,3.532,2007-09-12,6.6,977
5352,157,en,Star Trek III: The Search for Spock,2.536,1984-06-01,6.6,1381
5353,547565,en,The Night House,3.546,2021-07-15,6.583,1157
5354,11430,en,The Lion King 1½,4.034,2004-02-06,6.582,2999
5355,988078,es,Through My Window: Across the Sea,4.073,2023-06-23,6.586,883
5356,760741,en,Beast,3.554,2022-08-11,6.582,1581
5357,467936,en,The Children Act,3.538,2018-08-01,6.6,614
5358,1226578,en,Longlegs,4.013,2024-07-10,6.578,1882
5359,270303,en,It Follows,5.687,2015-02-04,6.581,6461
5360,21755,en,The Brothers Bloom,3.532,2008-09-09,6.6,647
5361,19405,en,Recess: School's Out,3.531,2001-02-16,6.6,346
5362,12690,en,Appaloosa,3.538,2008-09-19,6.581,1008
5363,10939,fr,The Return of the Tall Blond Man with One Black Shoe,3.53,1974-11-12,6.6,315
5364,577,en,To Die For,3.53,1995-09-22,6.6,805
5365,11412,en,The Long Kiss Goodnight,3.567,1996-10-11,6.6,1201
5366,11300,en,Something Wild,3.53,1986-11-07,6.6,338
5367,11198,cn,City Hunter,3.53,1993-01-01,6.6,413
5368,10803,en,Logan's Run,3.78,1976-06-23,6.6,953
5369,9950,en,Find Me Guilty,3.531,2006-03-16,6.6,497
5370,632357,en,The Unholy,3.544,2021-03-31,6.6,2176
5371,413658,km,The Warriors Gate,3.536,2016-11-18,6.6,355
5372,80389,en,Get the Gringo,3.828,2012-03-15,6.579,1659
5373,36819,en,Time Bandits,4.031,1981-07-13,6.6,1028
5374,10909,en,Kalifornia,3.53,1993-06-24,6.6,791
5375,2978,en,Ghostbusters II,4.576,1989-06-16,6.579,4501
5376,667,en,You Only Live Twice,3.826,1967-06-13,6.579,2233
5377,1029955,en,Kinds of Kindness,3.9,2024-05-30,6.578,934
5378,948549,en,Love Lies Bleeding,3.888,2024-03-07,6.6,713
5379,410117,en,Lady Macbeth,3.536,2016-12-12,6.6,763
5380,206408,fr,Chinese Puzzle,4.077,2013-12-04,6.578,689
5381,12775,en,Flesh + Blood,3.53,1985-08-30,6.6,390
5382,11298,en,The Howling,3.53,1981-01-21,6.6,792
5383,614479,en,Insidious: The Red Door,3.823,2023-07-05,6.578,1735
5384,22586,en,The Swan Princess,3.53,1994-11-18,6.6,962
5385,13667,en,Better Off Dead...,3.53,1985-08-23,6.6,503
5386,10389,cn,The Eye,3.531,2002-05-09,6.6,418
5387,329712,fr,The Measure of a Man,3.828,2015-03-16,6.576,342
5388,320367,en,Return,3.552,2015-01-01,6.576,1083
5389,500840,en,I'm Thinking of Ending Things,4.043,2020-08-28,6.576,1978
5390,376166,fr,From the Land of the Moon,3.535,2016-10-19,6.6,305
5391,11521,en,Little Man Tate,3.53,1991-09-06,6.6,306
5392,9342,en,The Mask of Zorro,3.575,1998-07-16,6.575,4052
5393,588,en,Silent Hill,3.533,2006-04-21,6.575,4370
5394,736769,en,They Cloned Tyrone,3.57,2023-06-14,6.575,603
5395,511785,en,Alex Strangelove,3.537,2018-04-16,6.574,1540
5396,489927,en,The Kindergarten Teacher,3.538,2018-09-23,6.6,351
5397,64678,en,The Art of Getting By,3.533,2011-06-17,6.6,1301
5398,411638,es,The Fury of a Patient Man,3.535,2016-09-09,6.573,433
5399,11183,fr,French Fried Vacation,3.823,1978-11-11,6.573,905
5400,6575,en,Walk Hard: The Dewey Cox Story,3.532,2007-12-21,6.574,684
5401,668,en,On Her Majesty's Secret Service,3.827,1969-12-18,6.573,1929
5402,413518,it,Pinocchio,3.54,2019-12-19,6.6,1512
5403,396810,en,The Last Word,3.573,2017-03-03,6.6,353
5404,70981,en,Prometheus,4.338,2012-05-30,6.572,12444
5405,51540,en,Horrible Bosses,4.367,2011-07-08,6.572,6410
5406,13105,en,Mr. Mom,3.53,1983-07-22,6.6,312
5407,11281,en,Halloween II,3.568,1981-10-30,6.6,2066
5408,1894,en,Star Wars: Episode II - Attack of the Clones,3.459,2002-05-15,6.571,13441
5409,88005,en,Seeking a Friend for the End of the World,3.783,2012-06-22,6.571,2095
5410,1945,en,Nell,3.53,1994-12-23,6.6,513
5411,623520,en,Z,3.79,2019-09-19,6.57,323
5412,417859,en,Puss in Boots,4.362,2011-10-27,6.57,4150
5413,967585,fr,Alibi.com 2,3.56,2023-02-08,6.6,425
5414,480001,en,The Art of Self-Defense,3.539,2019-07-12,6.6,742
5415,48289,en,The Debt,3.532,2010-09-30,6.569,898
5416,10539,en,James and the Giant Peach,3.531,1996-04-12,6.6,1335
5417,7450,en,Titan A.E.,3.531,2000-06-16,6.6,1091
5418,433310,en,When We First Met,3.537,2018-02-09,6.568,2293
5419,25059,en,Homeward Bound II: Lost in San Francisco,3.567,1996-03-08,6.568,479
5420,21159,en,The Last Man on Earth,3.531,1964-05-06,6.6,439
5421,20539,en,The Crucible,3.567,1996-11-27,6.568,506
5422,11247,en,A Cinderella Story,3.573,2004-07-16,6.6,3229
5423,4564,en,Sex and the City,3.609,2008-05-12,6.566,2143
5424,1586,en,Secret Window,3.82,2004-03-12,6.568,3667
5425,38093,en,Just Wright,3.532,2010-05-14,6.6,428
5426,19898,en,Pandorum,3.533,2009-09-08,6.6,2417
5427,3049,en,Ace Ventura: Pet Detective,4.657,1994-02-04,6.568,5896
5428,28696,en,The Wild One,3.531,1953-12-30,6.566,302
5429,9685,en,Igby Goes Down,3.531,2002-09-13,6.577,317
5430,613099,es,The Legacy of the Bones,3.546,2019-12-05,6.565,423
5431,471506,en,Greta,3.539,2019-02-28,6.6,1347
5432,75174,en,The Grey,3.83,2012-01-26,6.565,3863
5433,800158,en,The Killer,3.832,2023-10-25,6.565,2296
5434,733668,hy,Return,3.542,,6.564,380
5435,381890,zh,The Mermaid,3.536,2016-02-08,6.564,427
5436,163,en,Ocean's Twelve,4.653,2004-12-09,6.564,7354
5437,164457,en,Out of the Furnace,3.534,2013-11-09,6.6,1979
5438,12924,ja,The Place Promised in Our Early Days,3.786,2004-11-20,6.563,512
5439,11676,en,Nothing to Lose,3.78,1997-07-18,6.6,623
5440,8488,en,Hitch,4.94,2005-02-11,6.562,5851
5441,7518,en,Over the Hedge,4.032,2006-05-17,6.563,4520
5442,2882,fr,Hunting & Gathering,3.863,2007-03-21,6.563,410
5443,816,en,Austin Powers: International Man of Mystery,4.325,1997-05-02,6.563,3471
5444,123,en,The Lord of the Rings,3.53,1978-11-15,6.6,936
5445,1139829,en,Orion and the Dark,3.595,2024-02-01,6.562,537
5446,645710,en,The Voyeurs,3.584,2021-08-25,6.6,981
5447,458576,en,Monster Hunter,3.581,2020-12-03,6.6,3341
5448,73358,en,Page Eight,3.533,2011-08-28,6.6,300
5449,13922,en,The Great Raid,3.531,2005-08-12,6.6,345
5450,10215,en,Sliding Doors,4.281,1998-04-23,6.56,1336
5451,693158,en,Proximity,3.543,2020-05-15,6.561,330
5452,12079,en,Spun,3.781,2003-02-07,6.561,466
5453,6950,en,Outbreak,3.823,1995-03-10,6.561,2295
5454,5955,en,The Pledge,3.826,2001-01-19,6.561,1077
5455,620881,de,The Perfect Secret,3.54,2019-10-31,6.6,302
5456,457136,en,Mary Queen of Scots,3.788,2018-12-07,6.56,1803
5457,72431,en,Red Tails,3.533,2012-01-19,6.6,637
5458,44945,en,Trust,3.532,2010-09-10,6.56,969
5459,11348,en,Fragile,3.531,2005-10-14,6.56,588
5460,335977,en,Indiana Jones and the Dial of Destiny,4.191,2023-06-25,6.56,3574
5461,46528,en,The Warrior's Way,3.532,2010-12-01,6.6,622
5462,16538,en,"I Love You, Man",3.539,2009-03-20,6.559,1749
5463,12133,en,Step Brothers,4.039,2008-07-25,6.557,3153
5464,845783,en,Baghead,3.832,2023-12-28,6.546,383
5465,241259,en,Alice Through the Looking Glass,4.288,2016-05-25,6.558,6480
5466,112336,en,Hitchcock,3.533,2012-11-22,6.6,1522
5467,109428,en,Evil Dead,3.54,2013-04-05,6.6,4679
5468,2788,en,Reality Bites,3.53,1994-02-18,6.6,740
5469,565743,en,The Vast of Night,3.79,2019-06-01,6.556,1051
5470,424139,en,Halloween,3.788,2018-10-18,6.556,4777
5471,56832,ja,Gantz,3.532,2010-11-29,6.6,308
5472,10652,en,Hamburger Hill,3.53,1987-08-07,6.6,470
5473,10412,en,Romper Stomper,3.53,1992-03-05,6.6,505
5474,9664,en,Flyboys,3.532,2006-09-22,6.557,803
5475,435921,it,It’s the Law,3.535,2017-01-19,6.6,760
5476,15655,en,The Tigger Movie,3.568,2000-02-11,6.556,571
5477,10493,en,Dead Calm,3.53,1989-04-07,6.6,755
5478,9873,en,F/X,4.03,1986-02-07,6.551,445
5479,7211,en,Dan in Real Life,3.782,2007-10-26,6.6,1234
5480,1893,en,Star Wars: Episode I - The Phantom Menace,3.445,1999-05-19,6.556,14843
5481,1865,en,Pirates of the Caribbean: On Stranger Tides,4.718,2011-05-15,6.556,14186
5482,551804,en,Freaky,3.794,2020-11-12,6.6,1659
5483,244509,en,Cold in July,3.534,2014-05-23,6.555,747
5484,206647,en,Spectre,4.867,2015-10-26,6.555,10629
5485,227156,en,The Giver,4.038,2014-08-13,6.6,4437
5486,171274,en,Inherent Vice,6.024,2014-12-12,6.6,2507
5487,36586,en,Blade II,3.534,2002-03-22,6.6,4787
5488,28260,en,Return of the Living Dead III,3.78,1993-10-01,6.558,849
5489,12106,en,The Quick and the Dead,3.574,1995-02-09,6.6,1764
5490,10890,en,Stripes,4.03,1981-06-26,6.549,922
5491,348350,en,Solo: A Star Wars Story,4.585,2018-05-15,6.552,8655
5492,339259,en,The Man with the Iron Heart,3.537,2017-05-25,6.6,776
5493,10894,en,May,3.532,2003-04-11,6.6,628
5494,1362,en,The Hobbit,3.53,1977-11-27,6.6,322
5495,18331,en,The Nutty Professor,3.531,1963-06-04,6.6,423
5496,8665,en,K-19: The Widowmaker,3.531,2002-07-19,6.6,1046
5497,5139,fr,The Fox and the Child,3.532,2007-12-27,6.6,349
5498,14024,en,Raise Your Voice,3.568,2004-08-10,6.551,834
5499,823855,en,I Am All Girls,3.545,2021-05-14,6.5,301
5500,645788,en,The Protégé,3.546,2021-08-19,6.55,1020
5501,375366,en,The Girl with All the Gifts,3.786,2016-09-23,6.55,1995
5502,87499,en,The East,3.57,2013-05-31,6.5,784
5503,21316,en,Leroy & Stitch,3.531,2006-06-23,6.5,534
5504,11899,en,The Muppets Take Manhattan,4.03,1984-06-27,6.539,382
5505,10449,en,When a Man Loves a Woman,3.53,1994-04-29,6.5,351
5506,9707,en,Bubba Ho-tep,3.531,2002-06-09,6.55,627
5507,8461,en,Funny Games,3.533,2008-03-14,6.5,2078
5508,877817,en,Wolfs,3.972,2024-09-20,6.548,1011
5509,536176,en,Brexit: The Uncivil War,3.788,2019-01-19,6.55,319
5510,425591,en,I Don't Feel at Home in This World Anymore,3.535,2017-01-19,6.5,1302
5511,398181,en,You Were Never Really Here,3.537,2017-11-08,6.5,2821
5512,300693,en,Truth,3.784,2015-10-16,6.548,494
5513,274857,en,King Arthur: Legend of the Sword,4.121,2017-05-10,6.549,5758
5514,25155,en,The Stepfather,3.53,1987-01-23,6.5,335
5515,10947,en,High School Musical,3.608,2006-01-20,6.549,4603
5516,948276,fr,Lost Bullet 2,3.555,2022-11-10,6.5,374
5517,617502,en,Jolt,3.547,2021-07-15,6.548,1277
5518,492719,ja,Godzilla: City on the Edge of Battle,3.538,2018-05-18,6.548,361
5519,264656,en,The Homesman,3.534,2014-05-18,6.5,799
5520,60309,en,The Conspirator,3.532,2011-04-15,6.5,454
5521,11887,en,High School Musical 3: Senior Year,3.569,2008-10-11,6.548,3488
5522,11814,en,Weird Science,4.035,1985-08-01,6.546,1412
5523,10818,fr,Water Lilies,3.782,2007-05-17,6.548,425
5524,330,en,The Lost World: Jurassic Park,0.214,1997-05-23,6.5,8519
5525,68812,en,The Iceman,3.827,2012-09-01,6.547,1033
5526,9255,en,Hot Shots! Part Deux,4.28,1993-05-21,6.547,1878
5527,544404,fr,Who You Think I Am,3.539,2019-02-27,6.5,328
5528,438145,en,Black '47,3.538,2018-09-05,6.5,302
5529,125521,ja,Slayers Return,3.541,1996-08-03,6.546,2063
5530,19124,en,Blind Fury,3.535,1989-08-17,6.5,467
5531,9429,en,A Night at the Roxbury,3.781,1998-10-01,6.546,911
5532,3902,en,I'm Not There,3.533,2007-10-01,6.5,714
5533,18898,en,Looking for Eric,3.532,2009-05-27,6.545,346
5534,10567,en,Dinosaur,4.076,2000-05-19,6.541,2562
5535,9035,en,Slither,3.531,2006-03-31,6.5,1571
5536,8696,en,Calendar Girls,3.531,2003-09-02,6.5,385
5537,6283,en,MouseHunt,4.031,1997-12-19,6.542,1258
5538,293167,en,Kong: Skull Island,5.171,2017-03-08,6.544,10566
5539,274479,en,Joy,4.04,2015-12-24,6.545,4124
5540,273477,en,Scouts Guide to the Zombie Apocalypse,3.794,2015-10-23,6.544,1953
5541,39939,en,Super Troopers,4.031,2001-02-15,6.536,1126
5542,13062,en,Boundin',3.568,2003-11-04,6.544,563
5543,11364,en,Regarding Henry,3.53,1991-07-10,6.544,590
5544,9900,en,Grandma's Boy,3.532,2006-01-06,6.544,676
5545,1990,en,Paranoid Park,3.532,2007-07-12,6.5,545
5546,339408,en,The Birth of a Nation,3.535,2016-09-09,6.5,529
5547,10881,pl,Avalon,3.781,2001-01-20,6.543,323
5548,10388,en,The Limey,3.531,1999-10-08,6.543,440
5549,241842,no,Dead Snow 2: Red vs. Dead,3.533,2014-02-12,6.5,638
5550,231576,en,Wish I Was Here,3.534,2014-07-18,6.5,730
5551,38575,en,The Karate Kid,3.854,2010-06-10,6.542,6090
5552,16119,en,Cinderella III: A Twist in Time,3.57,2007-02-06,6.542,1264
5553,10872,en,The Ref,3.53,1994-03-09,6.5,335
5554,9638,en,Phantasm,3.53,1979-03-28,6.5,699
5555,9276,en,The Faculty,3.532,1998-12-25,6.5,2024
5556,6069,en,The Witches of Eastwick,3.567,1987-06-12,6.5,1421
5557,348877,en,Return,3.541,1972-07-15,6.541,380
5558,310135,en,Turbo Kid,4.034,2015-08-14,6.532,713
5559,37910,ja,Voices of a Distant Star,4.281,2002-02-02,6.523,305
5560,14429,en,Drive Me Crazy,3.568,1999-10-01,6.541,392
5561,10414,en,The Mighty Ducks,3.531,1992-10-02,6.541,898
5562,6538,en,Charlie Wilson's War,4.032,2007-12-19,6.539,1518
5563,522681,en,Escape Room,3.653,2019-01-03,6.54,4729
5564,351286,en,Jurassic World: Fallen Kingdom,4.136,2018-06-06,6.54,11950
5565,10052,en,Dragonfly,3.531,2002-02-22,6.5,869
5566,8413,en,Event Horizon,3.833,1997-08-15,6.54,2912
5567,11551,en,Small Soldiers,4.288,1998-07-10,6.539,2163
5568,10650,en,Sudden Impact,3.53,1983-12-08,6.539,909
5569,10147,en,Bad Santa,4.283,2003-11-26,6.537,2175
5570,8840,en,DragonHeart,3.53,1996-05-31,6.539,1995
5571,1965,en,A Perfect Murder,3.863,1998-06-05,6.539,1400
5572,1493,en,Miss Congeniality,4.074,2000-12-22,6.538,3962
5573,613349,fr,A Good Doctor,3.54,2019-12-11,6.538,316
5574,136400,en,2 Guns,3.827,2013-08-02,6.538,4189
5575,45132,en,Super,3.783,2010-11-26,6.538,1602
5576,9399,en,Lionheart,3.57,1990-06-07,6.5,1055
5577,435,en,The Day After Tomorrow,3.365,2004-05-26,6.538,8252
5578,429473,en,Lou,3.555,2022-09-23,6.537,672
5579,73567,en,Killer Joe,3.533,2012-06-07,6.537,1444
5580,585216,en,Escape Room: Tournament of Champions,3.66,2021-07-01,6.536,2071
5581,389868,ko,Seoul Station,3.547,2016-08-17,6.536,440
5582,309245,en,Mistress America,3.534,2015-08-14,6.5,543
5583,34560,en,Halloweentown High,3.531,2004-10-08,6.535,303
5584,12797,en,Ghost Town,4.033,2008-09-19,6.532,978
5585,10502,en,The Man Without a Face,3.53,1993-08-25,6.535,519
5586,9445,en,Apt Pupil,3.825,1998-10-23,6.535,650
5587,635744,en,Jarhead: Law of Return,3.54,2019-10-01,6.5,3344
5588,522938,en,Rambo: Last Blood,3.793,2019-09-19,6.534,3951
5589,401981,en,Red Sparrow,3.575,2018-02-28,6.534,6037
5590,44129,en,The Company Men,3.533,2010-10-21,6.533,737
5591,664,en,Twister,4.033,1996-05-10,6.532,3518
5592,347626,en,He's All That,3.553,2021-08-27,6.5,1390
5593,54318,en,The Water Horse,3.532,2007-12-25,6.5,1065
5594,37933,ja,Tales from Earthsea,3.857,2006-07-29,6.5,1341
5595,8198,en,The Quiet American,3.532,2002-11-22,6.5,304
5596,581600,en,Spenser Confidential,3.584,2020-03-06,6.5,2328
5597,413644,en,The Son of Bigfoot,3.537,2017-07-26,6.5,485
5598,347629,en,Thank You for Your Service,3.537,2017-10-26,6.532,380
5599,271724,fr,Hippocrates,3.534,2014-09-03,6.532,480
5600,53319,it,What a Beautiful Day,3.787,2011-01-05,6.531,1505
5601,38843,en,Ramona and Beezus,3.532,2010-07-23,6.5,755
5602,9437,en,Kiss the Girls,3.782,1997-09-29,6.5,1683
5603,9087,en,The American President,4.03,1995-11-17,6.529,729
5604,865,en,The Running Man,4.281,1987-11-13,6.5,2433
5605,1071215,en,Thanksgiving,3.654,2023-11-16,6.531,1286
5606,486131,en,Shaft,3.539,2019-06-14,6.5,1739
5607,401545,es,Everybody Knows,3.538,2018-05-09,6.531,985
5608,245700,en,Mr. Turner,3.784,2014-10-31,6.5,524
5609,14854,en,Lone Wolf McQuade,3.531,1983-04-15,6.5,369
5610,10354,en,True Crime,3.531,1999-03-19,6.5,768
5611,2789,en,The Chronicles of Riddick,2.074,2004-06-11,6.531,4126
5612,503125,en,Little Monsters,3.539,2019-08-29,6.5,685
5613,37725,en,It's a Boy Girl Thing,3.568,2006-07-15,6.53,1043
5614,12437,en,Underworld: Rise of the Lycans,3.169,2009-01-22,6.529,3696
5615,9768,en,Cry-Baby,3.567,1990-04-06,6.53,1497
5616,623195,en,Falling Inn Love,3.54,2019-08-29,6.529,1154
5617,595586,en,Causeway,3.594,2022-10-28,6.5,466
5618,13122,en,The People Under the Stairs,3.568,1991-11-01,6.529,675
5619,172386,en,Return to Nim's Island,3.533,2013-03-15,6.5,634
5620,116711,en,Epic,4.039,2013-05-15,6.5,2781
5621,15739,en,Annie,3.53,1982-05-21,6.5,707
5622,13483,en,Awake,3.569,2007-11-28,6.528,1382
5623,9816,en,Save the Last Dance,3.532,2001-01-12,6.528,1276
5624,2360,en,Saving Grace,3.531,2000-01-24,6.5,416
5625,699,en,For Your Eyes Only,3.825,1981-06-24,6.528,1883
5626,13053,en,Bolt,4.08,2008-11-21,6.526,6136
5627,9689,en,Hollywood Ending,3.568,2002-05-03,6.5,504
5628,799546,en,Luckiest Girl Alive,3.554,2022-09-30,6.522,845
5629,160139,en,Night Train to Lisbon,3.539,2013-03-07,6.5,411
5630,48492,zh,Detective Dee and the Mystery of the Phantom Flame,3.532,2010-09-18,6.5,401
5631,11282,en,Harold & Kumar Go to White Castle,3.532,2004-07-02,6.526,2088
5632,8868,fr,Asterix vs. Caesar,3.53,1985-03-06,6.5,590
5633,708,en,The Living Daylights,3.825,1987-06-29,6.526,1812
5634,331583,en,The Whole Truth,3.785,2016-03-25,6.524,1183
5635,282984,en,Irrational Man,4.078,2015-07-17,6.526,2395
5636,270946,en,Penguins of Madagascar,6.206,2014-11-22,6.525,4225
5637,526051,en,Look Away,3.538,2018-10-12,6.524,892
5638,353616,en,Pitch Perfect 3,3.575,2017-12-20,6.524,3318
5639,146216,en,RED 2,4.365,2013-07-18,6.523,4067
5640,14136,en,The Love Bug,3.531,1968-12-23,6.5,596
5641,13205,en,Bambi II,3.531,2006-01-26,6.5,1000
5642,8909,en,Wanted,4.366,2008-06-19,6.523,7153
5643,436274,en,Radius,3.537,2017-07-17,6.5,670
5644,351044,en,Welcome to Marwen,3.538,2018-12-21,6.5,1150
5645,83201,en,Puss in Boots: The Three Diablos,3.783,2012-02-07,6.523,485
5646,41154,en,Men in Black 3,4.873,2012-05-23,6.523,10399
5647,11624,en,Everything You Always Wanted to Know About Sex *But Were Afraid to Ask,3.53,1972-08-06,6.523,927
5648,864959,en,The Curse of Bridge Hollow,3.554,2022-10-14,6.522,465
5649,399360,en,Alpha,3.538,2018-08-17,6.5,2564
5650,257785,en,Tulip Fever,3.574,2017-07-13,6.5,698
5651,55721,en,Bridesmaids,3.866,2011-05-13,6.522,4401
5652,21861,fr,LOL (Laughing Out Loud),3.532,2009-02-04,6.5,1311
5653,10330,en,Freaky Friday,4.075,2003-08-05,6.5,3849
5654,785398,pl,EO,3.805,2022-09-30,6.5,341
5655,51991,fr,Romantics Anonymous,3.532,2010-12-22,6.5,546
5656,39371,it,L'allenatore nel pallone,3.53,1984-10-26,6.5,377
5657,19277,en,In Hell,3.856,2003-11-24,6.528,543
5658,10800,fr,Dragon Hunters,4.032,2008-03-19,6.5,448
5659,5951,en,The Jane Austen Book Club,3.532,2007-09-09,6.5,376
5660,732670,en,LEGO Star Wars Holiday Special,3.542,2020-11-17,6.52,332
5661,15070,en,Undisputed,3.532,2002-07-17,6.5,744
5662,11027,en,The Postman Always Rings Twice,3.573,1981-03-20,6.52,503
5663,390555,en,Bonanza: The Return,3.53,1993-11-24,6.519,390
5664,12720,ja,Suicide Club,3.531,2001-10-29,6.5,500
5665,11808,en,U.S. Marshals,4.33,1998-03-06,6.519,1634
5666,628914,en,Queenpins,3.546,2021-08-26,6.5,445
5667,517088,en,Being the Ricardos,3.547,2021-12-10,6.514,641
5668,448095,en,I Still See You,3.538,2018-09-27,6.5,614
5669,242224,en,The Babadook,3.576,2014-05-22,6.518,6050
5670,27582,en,The Mechanic,3.906,2011-01-13,6.518,3305
5671,469274,fr,City Hunter,3.54,2019-02-06,6.517,792
5672,287689,en,7 Days in Hell,3.534,2015-07-08,6.5,389
5673,76338,en,Thor: The Dark World,4.6,2013-10-30,6.517,17462
5674,8748,en,Eagle vs Shark,3.569,2007-07-15,6.517,302
5675,390054,en,Sand Castle,3.535,2017-04-21,6.5,806
5676,261023,en,Black Mass,3.787,2015-09-17,6.516,3383
5677,43947,en,I Spit on Your Grave,3.534,2010-06-17,6.516,2349
5678,218425,en,Frequencies,3.784,2013-07-24,6.515,398
5679,47760,en,Restless,3.533,2011-09-16,6.5,408
5680,10622,cn,Mr. Nice Guy,3.53,1997-01-31,6.5,683
5681,1140066,de,Paradise,3.566,2023-06-24,6.514,613
5682,1027073,en,In the Land of Saints and Sinners,3.574,2023-10-06,6.514,440
5683,466081,en,The Informer,3.79,2019-08-30,6.514,865
5684,295964,en,Burnt,3.828,2015-10-02,6.514,3394
5685,39100,ja,Dragon Ball Z: The World's Strongest,3.536,1990-03-10,6.514,494
5686,24122,en,The Rebound,3.532,2009-09-16,6.514,904
5687,18032,en,The Secret of Moonacre,3.532,2009-02-06,6.5,450
5688,14510,en,From Beyond,3.531,1986-10-24,6.5,571
5689,13665,en,Arthur,3.53,1981-07-17,6.5,434
5690,9615,en,The Fast and the Furious: Tokyo Drift,0.613,2006-06-03,6.5,7035
5691,8338,en,Blindness,3.782,2008-05-14,6.514,1276
5692,96,en,Beverly Hills Cop II,3.863,1987-05-18,6.5,2588
5693,74,en,War of the Worlds,4.592,2005-06-13,6.5,8502
5694,309302,zh,Wolf Totem,3.534,2015-02-19,6.5,379
5695,102382,en,The Amazing Spider-Man 2,3.817,2014-04-16,6.5,13416
5696,30689,it,Four Flies on Grey Velvet,3.53,1971-12-17,6.5,383
5697,9779,en,The Sisterhood of the Traveling Pants,3.531,2005-06-01,6.5,1294
5698,9086,en,Young Guns II,3.535,1990-08-01,6.513,546
5699,246655,en,X-Men: Apocalypse,4.797,2016-05-18,6.512,13102
5700,68724,en,Elysium,4.617,2013-08-07,6.5,8966
5701,12242,en,Mulan II,3.537,2004-11-03,6.5,2389
5702,10866,en,Joy Ride,3.531,2001-10-05,6.5,1217
5703,458534,fr,Rolling to You,3.537,2018-03-14,6.5,756
5704,400650,en,Mary Poppins Returns,3.789,2018-12-13,6.512,3332
5705,453755,en,Arctic,3.577,2018-11-21,6.5,1231
5706,392207,es,The Invisible Guardian,3.535,2017-03-03,6.51,687
5707,273271,en,Time Lapse,3.784,2014-05-24,6.51,1255
5708,146015,en,The Double,3.577,2014-04-03,6.51,1000
5709,253,en,Live and Let Die,3.825,1973-06-27,6.51,2076
5710,400157,en,Wonder Park,3.539,2019-03-13,6.509,704
5711,43629,en,Doodlebug,3.53,1997-01-01,6.508,456
5712,18129,en,The Grifters,3.536,1990-08-08,6.5,410
5713,13649,en,High School Musical 2,3.571,2007-08-17,6.509,3743
5714,10527,en,Madagascar: Escape 2 Africa,4.623,2008-10-30,6.509,6988
5715,1127166,it,The Tearsmith,3.856,2024-04-03,6.508,844
5716,301365,en,The Neon Demon,3.786,2016-05-31,6.5,3750
5717,297608,en,The Taking of Deborah Logan,3.535,2014-10-21,6.5,1259
5718,445040,en,My Friend Dahmer,3.537,2017-11-03,6.5,597
5719,157847,en,Joe,3.534,2014-04-11,6.5,946
5720,10631,en,All of Me,3.53,1984-09-21,6.5,342
5721,9350,en,Cliffhanger,3.537,1993-05-28,6.5,2417
5722,1022690,en,Ricky Stanicky,3.632,2024-03-07,6.506,638
5723,758724,en,The Cellar,3.55,2022-03-25,6.5,462
5724,340176,ja,Tag,3.534,2015-05-11,6.506,353
5725,296271,en,The Devil Conspiracy,3.558,2023-01-13,6.5,400
5726,10656,fr,Subway,3.78,1985-04-10,6.5,450
5727,10466,en,The Money Pit,4.53,1986-03-26,6.501,1151
5728,726208,es,Don't Listen,3.541,2020-07-24,6.505,753
5729,376659,en,Bad Moms,3.793,2016-07-28,6.505,4101
5730,101669,en,Mother's Day,3.532,2010-09-23,6.5,429
5731,11338,en,Into the Night,3.53,1985-02-22,6.5,302
5732,877183,en,The Simpsons in Plusaversary,3.547,2021-11-12,6.504,414
5733,9535,en,Analyze This,4.325,1999-03-05,6.501,1906
5734,193,en,Star Trek: Generations,2.536,1994-11-18,6.5,1351
5735,967847,en,Ghostbusters: Frozen Empire,3.925,2024-03-20,6.5,1731
5736,906221,en,Magic Mike's Last Dance,3.597,2023-02-09,6.5,515
5737,475303,en,A Rainy Day in New York,0.305,2019-07-26,6.5,2269
5738,10126,en,Colors,3.53,1988-04-15,6.5,475
5739,9870,en,Forgetting Sarah Marshall,4.071,2008-04-17,6.502,3420
5740,584,en,2 Fast 2 Furious,0.577,2003-06-05,6.503,7572
5741,374465,fr,Things to Come,3.535,2016-04-06,6.5,317
5742,75674,en,Act of Valor,3.784,2012-02-24,6.502,1155
5743,4729,fr,The Gendarme Gets Married,3.781,1968-10-30,6.506,569
5744,2148,en,The Cotton Club,3.53,1984-12-14,6.5,407
5745,661231,en,Operation Mincemeat,3.55,2022-04-01,6.5,708
5746,601470,en,The Eyes of Tammy Faye,3.552,2021-09-17,6.5,616
5747,594718,ru,Sputnik,3.83,2020-09-08,6.5,762
5748,1710,en,Copycat,3.531,1995-10-27,6.5,981
5749,719221,en,Tarot,3.643,2024-05-01,6.5,1127
5750,536115,ja,Godzilla: The Planet Eater,3.539,2018-11-09,6.5,358
5751,417384,en,Scary Stories to Tell in the Dark,3.539,2019-08-08,6.5,2674
5752,270343,fr,Love at First Fight,3.534,2014-08-20,6.5,437
5753,172385,en,Rio 2,4.036,2014-03-19,6.498,3531
5754,73723,en,The Lorax,4.048,2012-03-01,6.5,3611
5755,58235,pt,Confessions of a Brazilian Call Girl,3.537,2011-02-25,6.5,485
5756,22897,en,It's Complicated,3.532,2009-12-23,6.5,1412
5757,12689,en,"Angus, Thongs and Perfect Snogging",3.532,2008-07-25,6.5,803
5758,12610,en,Osmosis Jones,4.031,2001-08-10,6.493,1029
5759,11400,en,The New World,3.781,2005-12-25,6.5,1172
5760,723072,en,Host,3.543,2020-12-04,6.5,962
5761,531438,en,Holiday in the Wild,3.54,2019-11-06,6.5,536
5762,339095,en,The Last Days of American Crime,3.541,2020-06-05,6.499,819
5763,72197,en,The Pirates! In an Adventure with Scientists!,4.034,2012-03-12,6.5,1116
5764,309299,en,Experimenter,3.534,2015-10-16,6.5,458
5765,186929,nl,Borgman,3.533,2013-08-29,6.498,326
5766,20943,en,The Ugly Truth,3.645,2009-07-24,6.498,3559
5767,11543,en,Kingpin,4.03,1996-07-04,6.498,884
5768,5353,en,The Hunting Party,3.532,2007-09-03,6.5,329
5769,773655,en,Death to 2020,3.581,2020-12-27,6.497,743
5770,39101,ja,Dragon Ball Z: The Tree of Might,3.536,1990-06-07,6.5,569
5771,16523,en,Where the Wild Things Are,3.532,2009-10-16,6.5,1863
5772,649609,en,Renfield,3.813,2023-04-07,6.497,1806
5773,274862,en,The Lego Ninjago Movie,4.081,2017-09-21,6.491,1070
5774,229297,en,Magic in the Moonlight,3.534,2014-07-25,6.5,2082
5775,30943,en,The Deep End of the Ocean,3.781,1999-03-12,6.496,480
5776,11827,en,Heavy Metal,3.531,1981-08-07,6.5,711
5777,11559,en,Tideland,4.068,2005-09-09,6.496,565
5778,11285,en,Cocoon: The Return,3.53,1988-09-13,6.5,997
5779,11001,en,Blue Streak,4.033,1999-09-17,6.494,1509
5780,1551,en,Flatliners,3.78,1990-08-10,6.5,1568
5781,248774,en,Obvious Child,3.534,2014-06-06,6.5,433
5782,8346,en,My Big Fat Greek Wedding,3.575,2002-04-19,6.495,2142
5783,752623,en,The Lost City,4.051,2022-03-24,6.491,3658
5784,554230,en,The Lost Daughter,3.836,2021-12-15,6.493,994
5785,553604,en,Honest Thief,3.543,2020-09-03,6.494,1757
5786,14249,en,Revenge,3.53,1990-02-16,6.5,450
5787,10684,en,Courage Under Fire,3.78,1996-07-04,6.494,932
5788,33689,en,It Takes Two,3.535,1995-11-17,6.493,887
5789,10991,ja,Pokémon 3: The Movie,3.536,2000-07-08,6.5,629
5790,10859,en,Stakeout,3.53,1987-08-05,6.493,403
5791,4233,en,Scream 2,4.154,1997-12-12,6.493,4280
5792,3536,en,U-571,3.536,2000-04-20,6.5,1247
5793,535,en,Flashdance,3.605,1983-04-14,6.5,1493
5794,575100,it,When Mom Is Away,3.544,2019-02-07,6.492,487
5795,359246,en,Hell House LLC,3.535,2015-10-16,6.492,493
5796,20526,en,TRON: Legacy,4.117,2010-12-14,6.492,7242
5797,13573,en,The United States of Leland,3.531,2003-05-15,6.5,319
5798,13680,en,The Game Plan,3.533,2007-09-28,6.5,2071
5799,12222,en,Horton Hears a Who!,4.285,2008-03-03,6.5,3314
5800,8288,en,A Midsummer Night's Sex Comedy,3.53,1982-07-16,6.5,429
5801,594767,en,Shazam! Fury of the Gods,4.641,2023-03-15,6.487,3236
5802,444539,en,The Bookshop,3.537,2017-11-10,6.49,434
5803,375012,fa,Under the Shadow,3.535,2016-09-30,6.5,667
5804,20048,en,Confessions of a Shopaholic,3.57,2009-02-05,6.5,2630
5805,10782,en,Basic,3.531,2003-04-18,6.49,1049
5806,467482,fr,A Man in a Hurry,3.538,2018-11-07,6.5,310
5807,8194,en,A Guide to Recognizing Your Saints,3.531,2006-09-29,6.5,311
5808,401469,en,Widows,3.538,2018-11-06,6.488,2323
5809,11395,en,The Santa Clause,4.068,1994-11-11,6.486,2107
5810,10326,en,Forever Young,3.78,1992-12-16,6.488,900
5811,7516,en,Smokin' Aces,3.57,2006-12-09,6.488,1675
5812,1907,en,The Beach,4.732,2000-02-03,6.486,4407
5813,18405,en,The Last House on the Left,3.533,2009-03-13,6.5,1782
5814,14684,en,School Ties,3.53,1992-09-18,6.5,397
5815,1035048,en,Elevation,7.205,2024-11-07,6.482,615
5816,709631,en,Cobweb,3.568,2023-07-19,6.5,915
5817,301804,en,Before I Wake,3.535,2016-04-07,6.5,1860
5818,266285,da,The Salvation,3.534,2014-05-22,6.5,870
5819,10347,fr,Dobermann,3.824,1997-06-18,6.486,514
5820,8954,en,Reservation Road,3.532,2007-09-13,6.5,384
5821,4141,en,Shoot 'Em Up,3.782,2007-07-26,6.486,1895
5822,574982,ru,The Blackout,1.995,2019-11-21,6.485,494
5823,489326,en,Mortal,3.791,2020-02-28,6.484,471
5824,45243,en,The Hangover Part II,4.198,2011-05-25,6.485,10618
5825,41592,en,StreetDance 3D,3.532,2010-05-19,6.5,408
5826,739405,en,Operation Fortune: Ruse de Guerre,3.851,2023-01-04,6.5,1625
5827,568620,en,Snake Eyes: G.I. Joe Origins,3.805,2021-07-22,6.483,1581
5828,39874,en,My Bloody Valentine,3.53,1981-02-11,6.5,496
5829,9522,en,Wedding Crashers,4.651,2005-07-13,6.483,4414
5830,9032,en,Big Daddy,4.614,1999-06-25,6.484,3312
5831,8012,en,Get Shorty,3.829,1995-10-20,6.484,1076
5832,7442,en,Sleeping with the Enemy,3.53,1991-01-13,6.5,1101
5833,335051,it,God Willing,3.534,2015-04-09,6.5,603
5834,3980,en,Critters,3.567,1986-04-11,6.5,997
5835,72387,en,Safe,3.866,2012-04-16,6.482,2490
5836,17710,en,Hey Arnold! The Movie,3.531,2002-06-28,6.5,356
5837,9772,en,Air Force One,4.041,1997-07-25,6.48,3034
5838,302,en,Swimming Pool,3.532,2003-05-21,6.5,718
5839,36593,en,Naked Gun 33⅓: The Final Insult,4.319,1994-03-18,6.48,2121
5840,9691,en,Assassins,4.324,1995-10-06,6.482,1574
5841,852096,en,We Have a Ghost,3.56,2023-02-24,6.5,610
5842,532620,fr,Let's Dance,3.539,2019-03-27,6.5,327
5843,477018,fr,The Translators,3.54,2019-12-20,6.5,496
5844,325173,en,Close Range,3.534,2015-12-11,6.5,300
5845,18111,en,Bride of Re-Animator,3.53,1990-09-01,6.5,454
5846,15373,en,Role Models,4.033,2008-11-07,6.478,1931
5847,9353,en,Nacho Libre,4.283,2006-06-16,6.474,1677
5848,15602,en,Grumpier Old Men,4.03,1995-12-22,6.462,392
5849,12117,en,Instinct,3.531,1999-06-04,6.5,616
5850,6947,en,The Village,3.864,2004-07-30,6.479,4257
5851,5174,en,Rush Hour 3,4.077,2007-08-08,6.477,3371
5852,615952,en,Armageddon Time,3.555,2022-10-28,6.5,432
5853,450001,cn,Master Z: Ip Man Legacy,3.538,2018-12-20,6.5,541
5854,300155,en,A Royal Night Out,3.784,2015-05-14,6.478,314
5855,184314,fr,Young & Beautiful,3.87,2013-08-21,6.478,1237
5856,121826,en,Quartet,3.533,2012-12-26,6.5,367
5857,10750,en,Toy Soldiers,3.53,1991-04-24,6.478,345
5858,152,en,Star Trek: The Motion Picture,3.532,1979-12-07,6.5,1753
5859,16690,en,Return to Never Land,3.532,2002-02-14,6.5,2334
5860,928,en,Gremlins 2: The New Batch,4.407,1990-06-15,6.476,2636
5861,341174,en,Fifty Shades Darker,2.759,2017-02-08,6.476,7675
5862,243684,en,"Men, Women & Children",3.534,2014-10-17,6.5,880
5863,204922,en,Before I Go to Sleep,5.325,2014-09-03,6.5,2011
5864,39102,ja,Dragon Ball Z: Lord Slug,3.536,1991-03-19,6.5,535
5865,34016,en,She's Out of My League,3.866,2010-03-11,6.476,2176
5866,8279,fr,Paris,3.782,2008-02-20,6.476,337
5867,807356,en,Watcher,3.627,2022-06-03,6.475,991
5868,227700,en,Anna,3.533,2013-10-13,6.5,658
5869,59961,en,Safe House,3.839,2012-02-08,6.475,3654
5870,13027,en,Eagle Eye,3.571,2008-09-25,6.5,2888
5871,11333,it,Super Fuzz,3.78,1980-09-18,6.472,335
5872,670355,en,Return,3.551,2020-01-28,6.474,584
5873,581859,en,Da 5 Bloods,3.791,2020-06-12,6.474,1086
5874,540901,en,Hustlers,3.829,2019-09-12,6.473,2958
5875,492282,it,Like a Cat on a Highway,3.537,2017-12-28,6.5,906
5876,407436,en,Mowgli: Legend of the Jungle,3.544,2018-11-25,6.5,2498
5877,324670,en,Spectral,3.536,2016-12-09,6.474,1737
5878,22972,en,Green Zone,3.863,2010-03-11,6.474,2201
5879,11980,en,The Prophecy,3.53,1995-08-05,6.5,503
5880,2133,en,The Perfect Storm,3.537,2000-06-29,6.474,2351
5881,2107,en,L.A. Story,3.53,1991-02-08,6.5,343
5882,452,da,The Idiots,3.781,1998-04-28,6.5,585
5883,654028,en,The Christmas Chronicles: Part Two,3.799,2020-11-18,6.473,1074
5884,566454,fr,The Mystery of Henri Pick,3.539,2019-03-06,6.5,450
5885,467938,fr,Revenge,3.577,2018-02-07,6.5,1830
5886,446791,en,All the Money in the World,3.537,2017-12-21,6.5,2278
5887,396940,en,Super Dark Times,3.787,2017-09-29,6.473,621
5888,280996,en,Mr. Holmes,6.381,2015-06-19,6.474,1863
5889,205022,hi,Chennai Express,3.533,2013-08-08,6.473,336
5890,157849,en,A Most Wanted Man,3.54,2014-07-25,6.473,1379
5891,20726,en,Little Giants,3.53,1994-10-14,6.5,437
5892,10543,en,Fear,3.572,1996-04-12,6.477,871
5893,10021,en,The Secret of My Success,3.53,1987-04-10,6.5,633
5894,575446,es,New Order,3.542,2020-10-22,6.5,340
5895,267192,en,Genius,3.535,2016-06-10,6.5,684
5896,203793,ru,Stalingrad,0.151,2013-10-09,6.5,356
5897,57825,en,Bride & Prejudice,3.531,2004-02-11,6.5,378
5898,38363,en,Fair Game,3.826,2010-05-20,6.472,788
5899,791155,en,Secret Headquarters,3.554,2022-08-12,6.471,367
5900,673174,es,Offering to the Storm,3.541,2020-07-24,6.5,315
5901,582883,fr,Deerskin,3.539,2019-06-19,6.5,718
5902,199575,en,These Final Hours,3.573,2014-07-31,6.471,560
5903,38842,en,Middle Men,3.826,2009-05-17,6.471,325
5904,11326,en,Tommy,3.535,1975-03-19,6.5,331
5905,10760,en,Sydney White,3.533,2007-09-21,6.5,1044
5906,10576,en,Psycho II,3.53,1983-06-03,6.5,652
5907,4421,en,G.I. Jane,3.781,1997-08-19,6.5,1709
5908,6,en,Judgment Night,3.53,1993-10-15,6.5,346
5909,398929,fr,Alibi.com,3.836,2017-02-15,6.47,1689
5910,60175,fr,The Under-Gifted,3.824,1980-04-30,6.47,454
5911,10806,en,In & Out,3.531,1997-09-10,6.5,699
5912,616747,en,Haunted Mansion,3.894,2023-07-26,6.469,1081
5913,553608,pt,DJ Cinderella,3.539,2019-02-28,6.5,337
5914,474051,en,Calibre,3.538,2018-06-22,6.5,672
5915,369230,it,Them Who?,3.534,2015-11-19,6.469,425
5916,252838,en,The Wedding Ringer,5.326,2015-01-16,6.469,1590
5917,622,en,The Ninth Gate,4.439,1999-08-25,6.468,3052
5918,157547,en,Oculus,3.572,2013-09-08,6.5,2971
5919,9593,en,Last Action Hero,4.581,1993-06-18,6.467,2755
5920,993710,en,Back in Action,7.924,2025-01-15,6.462,1082
5921,396398,en,The Meyerowitz Stories (New and Selected),3.537,2017-10-13,6.467,1194
5922,117251,en,White House Down,4.616,2013-06-27,6.467,4799
5923,104859,en,Mac & Devin Go to High School,3.533,2012-07-03,6.454,427
5924,63492,en,What's Your Number?,3.571,2011-09-30,6.5,2347
5925,38542,en,The Disappearance of Alice Creed,3.569,2009-09-12,6.466,551
5926,20857,en,Hardball,3.532,2001-09-14,6.466,498
5927,14462,en,The Manchurian Candidate,3.537,2004-07-30,6.5,1580
5928,9843,en,Big Nothing,3.532,2006-12-01,6.466,435
5929,991,en,The Man Who Fell to Earth,4.035,1976-03-18,6.5,539
5930,400,en,Things to Do in Denver When You're Dead,3.53,1995-12-01,6.5,385
5931,747188,en,Asteroid City,4.152,2023-06-08,6.5,2021
5932,374617,en,Imperium,3.535,2016-08-19,6.465,1387
5933,16617,en,Mindhunters,3.531,2004-05-07,6.5,1197
5934,24548,en,Just One of the Guys,3.53,1985-04-26,6.5,307
5935,12085,en,Mad Money,3.532,2008-01-17,6.5,674
5936,10249,en,The Rocketeer,3.53,1991-06-21,6.5,953
5937,763148,en,Time Is Up,3.546,2021-09-09,6.5,679
5938,333385,en,Mr. Right,3.537,2016-02-29,6.463,1355
5939,324852,en,Despicable Me 3,2.721,2017-06-15,6.5,7257
5940,82654,en,Warm Bodies,3.572,2013-01-31,6.463,6112
5941,21629,en,Stir Crazy,3.53,1980-12-12,6.5,441
5942,13465,en,The Adventures of Ichabod and Mr. Toad,3.532,1949-10-05,6.5,624
5943,11229,en,Freeway,3.53,1996-08-23,6.463,381
5944,8922,en,Jeepers Creepers,3.788,2001-07-01,6.464,3053
5945,225728,en,Macbeth,3.784,2015-09-22,6.5,1456
5946,10279,en,Summer of Sam,3.531,1999-06-28,6.5,466
5947,309304,en,Grandma,3.534,2015-06-04,6.5,362
5948,26285,it,Fantozzi Still Suffers,3.535,1983-12-22,6.5,461
5949,23963,en,Pontypool,3.532,2009-03-06,6.5,630
5950,9618,en,Tango & Cash,3.787,1989-12-22,6.461,1956
5951,797840,it,Dry,3.554,2022-09-29,6.5,309
5952,460793,en,Olaf's Frozen Adventure,3.575,2017-10-27,6.5,1442
5953,333484,en,The Magnificent Seven,3.539,2016-09-14,6.46,6005
5954,50620,en,The Twilight Saga: Breaking Dawn - Part 2,4.168,2012-11-13,6.46,8978
5955,14052,en,Revenge of the Nerds,3.53,1984-07-20,6.46,742
5956,9422,en,A Civil Action,3.83,1998-12-25,6.46,445
5957,9404,cn,Police Story 4: First Strike,3.53,1996-02-10,6.5,494
5958,193893,en,Let's Be Cops,5.326,2014-08-13,6.5,2804
5959,59678,en,Attack the Block,4.07,2011-05-12,6.456,2084
5960,9928,en,Robots,4.321,2005-03-10,6.5,4616
5961,8208,en,The Man Who Knew Too Much,3.531,1934-12-01,6.5,402
5962,391710,en,A Futile and Stupid Gesture,3.574,2018-01-24,6.458,336
5963,339397,en,Café Society,3.823,2016-05-11,6.459,2705
5964,79218,en,Ice Age: A Mammoth Christmas,3.533,2011-11-24,6.5,650
5965,27586,en,The Runaways,3.532,2010-03-19,6.5,794
5966,240832,en,Lucy,4.415,2014-07-25,6.457,16194
5967,14881,en,Joe Kidd,3.53,1972-07-19,6.5,368
5968,8224,en,8MM,4.075,1999-02-26,6.457,2050
5969,955916,en,Lift,3.591,2024-01-12,6.5,1287
5970,376866,en,Jackie,3.785,2016-12-02,6.5,2312
5971,41446,en,Scream 4,4.234,2011-04-13,6.456,3809
5972,11846,en,Father of the Bride,4.03,1991-12-20,6.453,1373
5973,9403,en,Private Parts,3.53,1997-03-07,6.5,344
5974,1281,en,Bean,4.325,1997-07-03,6.5,2434
5975,427641,en,Rampage,3.794,2018-04-11,6.5,7134
5976,15261,en,Bring It On: In It to Win It,0.151,2007-10-29,6.5,513
5977,12600,ja,Pokémon 4Ever,3.568,2001-07-06,6.5,418
5978,10471,en,Next Friday,3.537,2000-01-12,6.455,581
5979,9315,en,Flightplan,3.532,2005-09-22,6.5,2655
5980,529962,en,The Perfection,3.538,2018-09-20,6.454,1359
5981,159121,fr,Paulette,3.533,2012-10-04,6.5,393
5982,70006,en,Never Back Down 2: The Beatdown,3.538,2011-09-13,6.5,649
5983,10159,en,The Rundown,3.532,2003-09-26,6.454,2013
5984,9716,en,Everyone Says I Love You,3.535,1996-12-06,6.5,669
5985,14442,en,Ella Enchanted,3.568,2004-04-09,6.5,1861
5986,800939,en,Ticket to Paradise,3.804,2022-09-08,6.5,1265
5987,115290,en,Blue Lagoon: The Awakening,3.535,2012-06-16,6.452,1433
5988,15301,en,Twilight Zone: The Movie,3.536,1983-06-24,6.5,735
5989,14254,en,The Uninvited,3.532,2009-01-30,6.5,1516
5990,11359,en,The Indian in the Cupboard,3.535,1995-07-14,6.5,632
5991,5683,en,Pee-wee's Big Adventure,3.53,1985-07-26,6.5,784
5992,897087,en,Freelance,3.578,2023-10-05,6.451,1016
5993,708336,en,Return of the Tooth Fairy,3.541,2020-06-15,6.5,851
5994,605116,en,Project Power,3.544,2020-08-14,6.451,2867
5995,84355,en,Your Sister's Sister,3.533,2011-09-11,6.5,336
5996,84306,en,Liberal Arts,3.534,2012-09-14,6.5,543
5997,10390,en,For Love of the Game,3.531,1999-09-17,6.5,419
5998,2069,en,The Whole Nine Yards,4.325,2000-02-18,6.449,1911
5999,615656,en,Meg 2: The Trench,3.596,2023-08-02,6.5,3532
6000,543540,en,The Perfect Date,3.539,2019-04-12,6.5,3256
6001,157827,en,Louder Than Bombs,3.784,2015-10-01,6.449,331
6002,9408,en,Surf's Up,3.533,2007-06-08,6.5,2541
6003,2046,en,The Gift,3.531,2000-03-16,6.5,1246
6004,768520,en,A California Christmas,3.543,2020-12-14,6.4,332
6005,653598,en,Spree,3.543,2020-08-14,6.4,447
6006,10761,en,Made of Honor,3.569,2008-04-30,6.449,1677
6007,7300,en,One Fine Day,3.567,1996-12-20,6.449,667
6008,1968,en,Fools Rush In,3.531,1997-02-14,6.4,558
6009,738646,en,Operation Christmas Drop,3.542,2020-11-05,6.4,555
6010,621151,en,Spell,3.543,2020-10-30,6.4,397
6011,603119,en,The Silencing,3.541,2020-07-18,6.4,699
6012,429417,en,Ghost Stories,3.575,2018-01-20,6.448,1193
6013,238751,en,Best of the Best,3.53,1989-11-10,6.4,307
6014,33365,it,The Night Before the Exams,3.574,2006-02-17,6.448,1048
6015,27346,en,Maniac,3.53,1980-05-10,6.448,446
6016,18585,en,The Ramen Girl,3.782,2008-02-08,6.4,337
6017,10961,en,Behind the Mask: The Rise of Leslie Vernon,3.531,2006-08-29,6.4,452
6018,9681,en,Casanova,3.783,2005-12-25,6.4,891
6019,3981,en,What Women Want,4.447,2000-12-15,6.448,4014
6020,1406,en,City Slickers,3.531,1991-06-07,6.4,795
6021,429733,en,Mayhem,3.543,2017-11-10,6.447,703
6022,119569,en,Marvel One-Shot: Item 47,3.539,2012-08-29,6.4,552
6023,397,en,French Kiss,3.567,1995-05-05,6.447,736
6024,507241,en,The Killer's Game,3.711,2024-09-12,6.4,373
6025,403605,id,Headshot,3.535,2016-09-24,6.4,448
6026,295693,en,The Boss Baby,1.379,2017-03-23,6.447,7136
6027,14001,en,Dead Silence,3.61,2007-03-16,6.446,2283
6028,10529,en,Outlander,3.532,2008-04-24,6.446,1288
6029,489245,en,The Kill Team,3.54,2019-10-17,6.4,397
6030,457335,en,Guns Akimbo,3.79,2020-02-27,6.444,2344
6031,433502,en,The Aftermath,3.795,2019-03-01,6.4,671
6032,425001,en,The War with Grandpa,3.793,2020-08-27,6.444,975
6033,13193,en,Saved!,3.568,2004-06-11,6.444,477
6034,7873,en,Harsh Times,3.532,2005-09-11,6.444,708
6035,625568,en,Unhinged,3.547,2020-07-16,6.4,2326
6036,374052,en,The Love Witch,3.536,2016-11-11,6.4,557
6037,292431,fr,Love,0.848,2015-05-25,6.443,2504
6038,12182,en,Nick and Norah's Infinite Playlist,3.532,2008-10-03,6.4,1195
6039,11172,en,Music and Lyrics,3.57,2007-02-09,6.443,1691
6040,977506,fr,The Crime Is Mine,3.559,2023-02-24,6.4,407
6041,520900,en,The Personal History of David Copperfield,3.541,2019-11-07,6.4,480
6042,2617,en,The Great Outdoors,3.53,1988-06-17,6.442,543
6043,171,fr,The Party 2,3.53,1982-12-08,6.442,626
6044,395992,en,Life,4.06,2017-03-22,6.441,7447
6045,379862,en,Return,3.546,2015-11-28,6.441,897
6046,266082,fr,Girlhood,3.534,2014-10-22,6.4,380
6047,173185,fr,It Boy,3.834,2013-03-06,6.441,1470
6048,16899,en,Easy Virtue,3.532,2008-11-07,6.441,417
6049,14191,en,Aquamarine,3.575,2006-03-03,6.4,1504
6050,9294,en,Phenomenon,3.536,1996-07-05,6.4,1192
6051,5653,en,Luther,3.531,2003-10-29,6.4,312
6052,740985,en,Borat Subsequent Moviefilm,4.793,2020-10-23,6.437,2594
6053,610253,en,Halloween Kills,3.547,2021-10-14,6.4,2717
6054,531454,en,Eurovision Song Contest: The Story of Fire Saga,3.543,2020-06-26,6.44,1442
6055,346685,en,The Girl on the Train,4.085,2016-10-05,6.4,5744
6056,123553,en,The Mortal Instruments: City of Bones,3.903,2013-08-21,6.44,4479
6057,682,en,The Man with the Golden Gun,3.825,1974-12-14,6.44,2074
6058,21705,en,The Barbie Diaries,3.531,2006-05-17,6.4,376
6059,11564,en,Class of 1984,3.567,1982-08-20,6.4,366
6060,10540,en,Outland,3.53,1981-05-22,6.439,617
6061,10288,en,Fido,3.531,2006-09-07,6.4,452
6062,2207,en,16 Blocks,3.531,2006-03-01,6.4,1965
6063,200713,fr,9 Month Stretch,3.533,2013-09-07,6.4,564
6064,72105,en,Ted,4.845,2012-06-29,6.438,12464
6065,10140,en,The Chronicles of Narnia: The Voyage of the Dawn Treader,4.081,2010-12-02,6.438,5627
6066,200,en,Star Trek: Insurrection,3.532,1998-12-11,6.4,1231
6067,845111,fr,The Three Musketeers: Milady,3.875,2023-12-13,6.436,702
6068,788929,is,Lamb,3.552,2021-08-12,6.437,901
6069,409421,ja,BLAME!,3.537,2017-05-20,6.4,310
6070,961484,en,Last Seen Alive,3.557,2022-05-12,6.4,979
6071,835113,en,Woman of the Hour,4.045,2024-10-03,6.436,709
6072,730769,fr,Some Like It Rare,3.546,2021-09-10,6.4,446
6073,16871,en,Drag Me to Hell,3.571,2009-05-27,6.436,3759
6074,9679,en,Gone in Sixty Seconds,4.37,2000-06-09,6.435,4516
6075,329263,de,Suck Me Shakespeer 2,1.624,2015-09-10,6.435,959
6076,303858,en,Money Monster,4.33,2016-05-12,6.434,2980
6077,6488,en,Arachnophobia,2.913,1990-07-20,6.432,1410
6078,810873,en,Single All the Way,3.547,2021-12-02,6.4,394
6079,582913,en,The Room,3.54,2019-09-12,6.437,951
6080,81025,en,Salmon Fishing in the Yemen,3.783,2012-03-09,6.435,886
6081,38594,ja,Dragon Ball: Yo! Son Goku and His Friends Return!!,3.532,2008-09-21,6.434,545
6082,11596,en,New Nightmare,3.567,1994-10-13,6.4,1429
6083,8512,en,Devil in a Blue Dress,3.53,1995-09-29,6.4,412
6084,2019,en,Hard Target,3.539,1993-04-27,6.4,1228
6085,429203,en,The Old Man & the Gun,2.527,2018-09-27,6.434,1396
6086,334298,zh,Monster Hunt,3.534,2015-07-16,6.4,334
6087,258099,en,Just Before I Go,3.534,2015-04-24,6.4,334
6088,17707,en,Brokedown Palace,3.531,1999-08-13,6.4,390
6089,3537,en,Fame,3.53,1980-05-16,6.4,468
6090,559,en,Spider-Man 3,4.254,2007-05-01,6.433,14327
6091,397722,en,Thoroughbreds,3.537,2018-03-09,6.4,1166
6092,9975,en,Curious George,3.531,2006-02-10,6.4,510
6093,9839,en,Beyond Borders,3.531,2003-10-23,6.4,410
6094,8952,en,I Love You Phillip Morris,3.569,2010-02-04,6.4,1669
6095,669664,fr,"My Donkey, My Lover & I",3.58,2020-09-16,6.4,349
6096,39103,ja,Dragon Ball Z: The Return of Cooler,3.542,1992-03-07,6.431,1049
6097,11128,en,Ladder 49,3.531,2004-10-01,6.4,793
6098,10569,en,Small Time Crooks,4.031,2000-05-19,6.43,695
6099,9792,en,The Hills Have Eyes,3.82,2006-03-10,6.431,3052
6100,5718,en,King of California,3.532,2007-01-24,6.4,353
6101,1086747,en,The Watchers,4.518,2024-06-06,6.426,1203
6102,710295,en,Wolf Man,5.509,2025-01-15,6.4,499
6103,639798,es,32 Malasana Street,3.546,2020-01-17,6.4,657
6104,435707,es,Skins,3.787,2017-06-09,6.43,533
6105,11047,fr,Asterix the Gaul,3.536,1967-12-20,6.4,744
6106,2294,en,Jay and Silent Bob Strike Back,4.281,2001-08-22,6.428,1577
6107,505026,en,Death on the Nile,4.464,2022-02-09,6.429,3785
6108,341013,en,Atomic Blonde,3.613,2017-07-26,6.429,6269
6109,306947,en,The Invitation,3.617,2016-04-08,6.4,2632
6110,82520,en,Return,3.562,2011-02-10,6.429,3749
6111,49017,en,Dracula Untold,2.387,2014-10-01,6.4,6149
6112,9556,en,Darkman,3.53,1990-08-24,6.4,1390
6113,999644,en,You Are So Not Invited to My Bat Mitzvah,3.571,2023-08-18,6.4,432
6114,464889,en,Sniper: Ultimate Kill,3.543,2017-10-03,6.427,341
6115,6557,en,27 Dresses,3.82,2008-01-10,6.428,3172
6116,2655,en,What Lies Beneath,4.152,2000-07-21,6.429,1863
6117,567748,en,The Guilty,3.552,2021-09-24,6.4,2746
6118,334878,fr,Blind Date,3.828,2015-05-06,6.427,546
6119,154441,pt,Till Luck Do Us Part,3.533,2012-10-05,6.4,308
6120,109451,en,Cloudy with a Chance of Meatballs 2,4.535,2013-09-26,6.425,3236
6121,49527,en,Man on a Ledge,3.533,2012-01-13,6.4,2628
6122,9715,en,Hope Floats,3.783,1998-05-29,6.4,472
6123,8987,en,The River Wild,3.53,1994-09-30,6.4,888
6124,4513,en,30 Days of Night,3.534,2007-10-17,6.4,2819
6125,1825,en,Over the Top,3.548,1987-02-13,6.427,1709
6126,636,en,THX 1138,3.574,1971-03-11,6.427,970
6127,199534,en,Wolf Creek 2,3.539,2013-08-30,6.426,654
6128,193610,en,The Other Woman,3.905,2014-04-16,6.426,3576
6129,15567,en,Stitch! The Movie,3.532,2003-09-10,6.4,707
6130,72784,en,The Loft,5.424,2014-10-14,6.424,1468
6131,729720,fr,The Last Mercenary,3.584,2021-07-30,6.4,623
6132,606117,en,A Cinderella Story: Christmas Wish,3.54,2019-10-15,6.4,703
6133,300668,en,Annihilation,4.305,2018-02-22,6.423,8750
6134,44147,en,Wild Target,3.532,2010-06-17,6.4,718
6135,42892,it,Happy Family,3.537,2010-03-26,6.424,304
6136,1988,en,A Mighty Heart,3.532,2007-06-22,6.4,334
6137,667739,en,The Man from Toronto,3.559,2022-12-23,6.423,403
6138,638974,en,Murder Mystery 2,3.568,2023-03-28,6.423,1745
6139,575774,en,His House,3.541,2020-01-27,6.4,1098
6140,19955,fr,I Do,4.076,2006-11-01,6.421,331
6141,616037,en,Thor: Love and Thunder,3.827,2022-07-06,6.422,7787
6142,308504,en,Last Knights,3.534,2015-04-03,6.422,1088
6143,290859,en,Terminator: Dark Fate,3.543,2019-10-23,6.4,5206
6144,14517,en,MirrorMask,3.781,2005-01-25,6.422,339
6145,540,en,D.E.B.S.,3.531,2005-03-25,6.4,568
6146,1085218,da,Darkland: The Return,3.561,2023-04-13,6.4,553
6147,268238,en,The Second Best Exotic Marigold Hotel,3.534,2015-02-26,6.4,725
6148,10741,en,Bobby,3.532,2006-09-05,6.421,399
6149,970347,en,The Killer,3.648,2024-08-22,6.4,380
6150,544431,en,The Clovehitch Killer,3.575,2018-11-16,6.4,713
6151,328589,en,The Lady in the Van,3.784,2015-10-30,6.421,753
6152,76170,en,The Wolverine,0.771,2013-07-21,6.4,9724
6153,36834,en,Total Eclipse,3.53,1995-11-03,6.4,530
6154,10348,cn,Thunderbolt,3.53,1995-09-08,6.4,300
6155,356298,en,Don't Think Twice,3.541,2016-07-22,6.4,388
6156,23210,en,Six Degrees of Separation,3.53,1993-12-08,6.4,330
6157,13417,en,Kronk's New Groove,4.032,2005-12-05,6.416,1277
6158,13249,en,Seraphim Falls,3.532,2007-01-26,6.4,573
6159,11444,fr,The Closet,3.825,2001-01-17,6.419,493
6160,10766,en,Damien - Omen II,3.532,1978-06-09,6.419,739
6161,10295,it,Miami Supercops,3.785,1985-12-11,6.4,427
6162,8584,en,Shanghai Noon,4.031,2000-05-26,6.4,2560
6163,6795,en,Zathura: A Space Adventure,4.282,2005-11-06,6.4,3323
6164,231,en,Syriana,3.537,2005-11-23,6.419,1374
6165,241554,en,Run All Night,5.326,2015-03-11,6.418,2814
6166,210947,en,Afflicted,3.534,2014-04-04,6.418,561
6167,136797,en,Need for Speed,4.036,2014-03-12,6.4,4404
6168,84184,en,Celeste & Jesse Forever,3.534,2012-08-03,6.418,469
6169,6081,en,Revenge of the Pink Panther,3.53,1978-01-08,6.418,433
6170,5125,en,Rendition,3.533,2007-09-07,6.4,676
6171,2661,en,Batman,3.537,1966-07-30,6.418,970
6172,621587,en,Next Goal Wins,3.583,2023-11-16,6.4,494
6173,464052,en,Wonder Woman 1984,4.837,2020-12-16,6.416,8553
6174,441183,en,Light of My Life,3.539,2019-08-09,6.4,537
6175,314405,it,Tale of Tales,3.784,2015-05-14,6.417,1652
6176,253450,zh,The Assassin,3.534,2015-08-27,6.417,509
6177,24341,en,Dolls,3.53,1986-10-27,6.4,330
6178,9064,en,Hellbound: Hellraiser II,3.569,1988-12-23,6.4,1131
6179,302699,en,Central Intelligence,4.576,2016-06-16,6.416,6012
6180,10671,en,Airport,3.53,1970-03-25,6.4,399
6181,669671,en,Night Teeth,3.547,2021-10-20,6.415,784
6182,449985,en,Triple Threat,3.545,2019-03-19,6.4,589
6183,238615,en,Self/less,5.749,2015-07-10,6.415,3127
6184,58232,en,Chalet Girl,3.532,2011-02-02,6.415,640
6185,9666,ja,Ju-on: The Grudge 2,3.532,2003-08-15,6.4,334
6186,411741,en,Ingrid Goes West,3.574,2017-08-11,6.4,984
6187,16187,en,Buzz Lightyear of Star Command: The Adventure Begins,3.531,2000-08-08,6.4,325
6188,985617,en,Reality,3.564,2023-06-02,6.413,452
6189,458897,en,Charlie's Angels,3.578,2019-11-14,6.4,2998
6190,339527,en,Solace,3.827,2015-09-03,6.412,2240
6191,286554,en,Two Night Stand,3.784,2014-09-26,6.4,1849
6192,184098,en,Think Like a Man Too,3.534,2014-06-20,6.4,557
6193,27576,en,Salt,4.577,2010-07-21,6.413,5549
6194,320588,en,"Hello, My Name Is Doris",3.534,2015-11-27,6.412,483
6195,13374,en,Ice Princess,3.569,2005-03-17,6.4,901
6196,9671,en,Crocodile Dundee,4.042,1986-09-26,6.413,1929
6197,960875,es,The Chalk Line,3.554,2022-09-09,6.411,332
6198,644090,en,"Love, Guaranteed",3.542,2020-09-02,6.4,640
6199,415842,en,American Assassin,3.539,2017-09-14,6.4,3043
6200,10361,en,Ginger Snaps 2: Unleashed,3.531,2004-01-30,6.4,319
6201,6957,en,The 40 Year Old Virgin,4.7,2005-08-11,6.41,6797
6202,3594,en,The Number 23,4.033,2007-02-23,6.411,3262
6203,723419,en,Mr. Harrigan's Phone,3.603,2022-10-05,6.41,851
6204,626393,en,The Sleepover,3.542,2020-08-21,6.41,410
6205,28032,en,Thumbelina,3.53,1994-03-30,6.4,498
6206,24920,it,City of the Living Dead,3.53,1980-08-11,6.4,394
6207,798362,en,The Marsh King's Daughter,3.572,2023-09-28,6.4,320
6208,425972,en,Cargo,3.542,2017-10-06,6.4,1744
6209,211672,en,Minions,2.126,2015-06-17,6.409,10654
6210,95610,en,Bridget Jones's Baby,4.085,2016-09-14,6.406,2942
6211,13373,en,Millions,3.531,2004-04-29,6.409,385
6212,12535,en,High Anxiety,3.53,1977-12-25,6.4,348
6213,10898,en,The Little Mermaid II: Return to the Sea,0.619,2000-01-23,6.4,1717
6214,3036,en,Mary Shelley's Frankenstein,3.53,1994-11-04,6.4,1234
6215,75,en,Mars Attacks!,4.331,1996-12-13,6.4,5495
6216,1094138,en,Jackpot!,3.642,2024-08-13,6.4,645
6217,8217,en,Alice,3.53,1990-12-25,6.4,310
6218,48650,es,Room in Rome,3.848,2010-05-07,6.407,751
6219,4380,en,Shall We Dance?,3.568,2004-10-15,6.407,1211
6220,1989,cn,My Blueberry Nights,3.538,2007-11-28,6.4,770
6221,36668,en,X-Men: The Last Stand,0.201,2006-05-24,6.406,9785
6222,22620,en,Scooby-Doo! The Mystery Begins,3.532,2009-09-13,6.406,697
6223,21057,ja,Ocean Waves,4.334,1994-10-07,6.407,888
6224,13250,en,Butterfly on a Wheel,3.532,2007-07-27,6.4,526
6225,10957,en,The Black Cauldron,3.569,1985-07-24,6.4,1332
6226,41602,en,Charlie Countryman,3.534,2013-02-09,6.405,613
6227,16353,th,Ong Bak 2,3.532,2008-12-04,6.4,638
6228,15653,en,An Extremely Goofy Movie,3.532,2000-02-29,6.405,644
6229,2275,en,The General's Daughter,3.568,1999-06-18,6.4,929
6230,709,en,Licence to Kill,3.862,1989-06-13,6.405,1955
6231,457232,en,Lamborghini: The Man Behind the Legend,3.556,2022-11-17,6.4,612
6232,137093,en,Last Vegas,3.908,2013-10-31,6.404,2143
6233,11584,en,Roxanne,3.53,1987-06-19,6.404,631
6234,214,en,Saw III,3.784,2006-10-26,6.4,4594
6235,62046,en,Flypaper,3.533,2011-08-19,6.4,758
6236,61891,en,Anonymous,3.533,2011-10-21,6.4,727
6237,4488,en,Friday the 13th,3.572,1980-05-09,6.4,3007
6238,1026436,en,Miller's Girl,3.918,2024-01-18,6.4,764
6239,762968,en,Do Revenge,3.555,2022-09-14,6.402,885
6240,521029,en,Annabelle Comes Home,3.578,2019-06-26,6.4,3560
6241,314095,en,The Lost City of Z,3.793,2017-03-15,6.402,2879
6242,117263,en,Olympus Has Fallen,3.61,2013-03-20,6.402,6663
6243,36968,en,Life-Size,3.531,2000-03-05,6.4,419
6244,11529,en,Sweet Home Alabama,3.825,2002-09-26,6.4,1550
6245,300168,zh,Dragon Blade,3.534,2015-02-19,6.4,578
6246,884,en,Crash,3.78,1996-07-17,6.4,1147
6247,811,en,Silent Running,3.53,1972-03-09,6.4,580
6248,611207,en,The Knight Before Christmas,3.578,2019-11-21,6.4,1119
6249,59859,en,Kick-Ass 2,4.072,2013-07-17,6.399,6232
6250,45202,ko,The Housemaid,3.782,2010-05-13,6.4,325
6251,34769,en,Defendor,3.532,2009-09-12,6.4,558
6252,11530,fr,The Discord,3.535,1978-03-16,6.4,321
6253,11498,en,Dead Again,3.53,1991-08-23,6.4,380
6254,9788,en,Accepted,3.532,2006-08-18,6.4,1587
6255,532408,en,The Boogeyman,3.564,2023-05-31,6.4,911
6256,523172,en,Late Night,3.54,2019-01-25,6.399,808
6257,454992,en,The Spy Who Dumped Me,3.538,2018-08-02,6.4,2240
6258,430155,ru,Coma,3.79,2020-01-01,6.399,554
6259,74387,en,Goon,3.534,2012-01-06,6.4,933
6260,34544,en,The A-Team,4.369,2010-06-09,6.4,4679
6261,10247,en,He Was a Quiet Man,3.532,2007-11-23,6.399,327
6262,575088,ru,Baba Yaga: Terror of the Dark Forest,3.54,2020-02-27,6.4,352
6263,365620,en,Ferrari,3.836,2023-12-14,6.4,1043
6264,10074,en,Hot Rod,3.544,2007-08-03,6.398,993
6265,9425,en,Soldier,3.532,1998-10-23,6.398,856
6266,8007,en,Behind Enemy Lines,4.324,2001-11-30,6.4,1522
6267,670203,it,The Talent of the Hornet,3.542,2020-11-18,6.4,432
6268,537739,en,Can You Keep a Secret?,3.79,2019-09-13,6.394,925
6269,525041,en,A Christmas Prince: The Royal Wedding,3.581,2018-11-30,6.397,932
6270,45156,en,A Little Bit of Heaven,3.569,2011-02-03,6.397,563
6271,726209,en,Leave the World Behind,3.58,2023-11-22,6.396,2680
6272,716258,en,Black Box,3.792,2020-10-06,6.396,542
6273,585378,en,After Yang,3.55,2022-03-04,6.4,426
6274,16614,en,Adventureland,4.032,2009-04-03,6.391,2201
6275,15357,fr,District 13: Ultimatum,3.532,2009-02-18,6.4,1178
6276,6687,en,TransSiberian,3.532,2008-01-18,6.4,737
6277,681,en,Diamonds Are Forever,3.825,1971-12-14,6.396,2136
6278,293646,en,The 33,3.784,2015-08-06,6.395,932
6279,20662,en,Robin Hood,4.173,2010-05-12,6.395,4688
6280,11008,en,Major Payne,3.824,1995-03-24,6.399,815
6281,10770,it,The Sheriff and the Satellite Kid,3.53,1979-08-10,6.4,304
6282,10490,en,Drop Dead Gorgeous,3.536,1999-07-23,6.4,384
6283,10246,en,Porky's,3.53,1981-11-13,6.4,866
6284,7461,en,Vantage Point,3.539,2008-02-01,6.395,2034
6285,429189,en,Wonder Wheel,3.574,2017-12-01,6.4,1317
6286,325348,en,Hardcore Henry,3.536,2015-09-12,6.4,2450
6287,77561,es,EVA,3.533,2011-10-06,6.4,392
6288,13655,en,Camp Rock,3.538,2008-06-20,6.4,2090
6289,5551,en,Space Cowboys,4.031,2000-08-04,6.391,1387
6290,482,en,Shaft,3.53,1971-06-25,6.394,369
6291,694254,it,Baggio: The Divine Ponytail,3.545,2021-05-26,6.393,416
6292,571384,en,Come Play,3.792,2020-10-28,6.393,684
6293,343674,en,Gerald's Game,3.793,2017-09-29,6.393,3685
6294,14055,en,Starter for 10,3.568,2006-09-13,6.393,413
6295,10057,en,The Three Musketeers,3.53,1993-11-11,6.393,972
6296,4241,ja,Visitor Q,3.781,2001-03-17,6.4,505
6297,1052280,en,It's What's Inside,3.585,2024-01-19,6.4,539
6298,1032823,en,Trap,3.974,2024-07-31,6.4,1962
6299,294795,en,The 9th Life of Louis Drax,3.785,2016-09-01,6.391,451
6300,293970,en,The Final Girls,3.79,2015-10-09,6.4,1292
6301,38365,en,Grown Ups,4.605,2010-06-24,6.39,6223
6302,10431,en,War,3.569,2007-08-24,6.4,1891
6303,8491,en,Weekend at Bernie's,4.03,1989-07-05,6.387,1037
6304,11894,en,Curly Sue,3.53,1991-10-25,6.4,533
6305,9992,fr,Arthur and the Invisibles,3.575,2006-12-13,6.4,2899
6306,802217,en,8-Bit Christmas,3.548,2021-11-24,6.39,429
6307,733317,en,Monsters of Man,3.548,2020-11-19,6.4,350
6308,521127,es,Kingdoms,3.538,2018-08-02,6.4,300
6309,175291,en,Cheap Thrills,3.533,2013-03-08,6.4,420
6310,27429,en,Shivers,3.535,1975-09-26,6.4,652
6311,21610,en,Nighthawks,3.53,1981-03-17,6.4,436
6312,10677,en,Dirty Dancing: Havana Nights,3.531,2004-02-27,6.392,657
6313,189,en,Sin City: A Dame to Kill For,6.218,2014-08-20,6.39,3888
6314,583268,fr,"Someone, Somewhere",3.54,2019-09-11,6.4,660
6315,624860,en,The Matrix Resurrections,4.853,2021-12-16,6.388,5896
6316,16248,en,D.A.R.Y.L.,3.53,1985-06-14,6.4,336
6317,15139,en,The Pagemaster,3.53,1994-11-23,6.4,743
6318,11068,en,Singles,3.53,1992-09-18,6.4,390
6319,460668,en,I Feel Pretty,3.537,2018-04-19,6.4,2051
6320,156711,en,Austenland,3.533,2013-08-15,6.387,462
6321,152795,en,The Congress,3.784,2013-07-03,6.387,532
6322,43549,en,The Experiment,3.532,2010-07-15,6.4,1217
6323,10210,en,A Midsummer Night's Dream,3.781,1999-05-20,6.387,373
6324,2075,en,Prizzi's Honor,3.53,1985-06-14,6.4,384
6325,836466,en,Return,3.553,2020-06-10,6.386,1268
6326,13333,cn,Game of Death,3.53,1978-03-23,6.4,682
6327,798021,en,Family Switch,3.579,2023-11-30,6.385,667
6328,356305,en,Why Him?,3.575,2016-12-22,6.385,4202
6329,617708,es,La Llorona,3.539,2019-07-25,6.4,333
6330,557950,en,Mainstream,3.545,2021-05-07,6.4,309
6331,484718,en,Coming 2 America,3.832,2021-03-04,6.384,2255
6332,13968,en,Jump In!,3.532,2007-01-12,6.4,405
6333,5336,it,"Salò, or the 120 Days of Sodom",1.747,1976-01-10,6.4,2122
6334,209403,en,Bad Words,3.571,2013-09-06,6.4,828
6335,121674,en,Great Expectations,3.533,2012-11-30,6.383,347
6336,41733,en,Due Date,4.827,2010-11-03,6.382,5459
6337,11460,en,Red Eye,3.569,2005-08-10,6.4,2256
6338,730047,en,Cyrano,3.546,2021-04-14,6.382,301
6339,649409,en,No Sudden Move,3.546,2021-06-24,6.4,708
6340,316727,en,The Purge: Election Year,4.076,2016-06-29,6.382,5279
6341,50780,en,The Beaver,3.532,2011-05-05,6.4,866
6342,674944,es,The Occupant,3.541,2020-03-25,6.4,749
6343,10592,en,Hart's War,3.536,2002-02-15,6.4,956
6344,9759,en,Cellular,3.531,2004-09-06,6.4,1936
6345,438348,fr,Knock,3.831,2017-10-18,6.38,450
6346,326215,en,Ooops! Noah Is Gone...,3.534,2015-03-26,6.4,320
6347,68735,en,Warcraft,3.869,2016-05-25,6.38,6864
6348,57800,en,Ice Age: Continental Drift,4.304,2012-06-27,6.379,7671
6349,11081,en,Taking Lives,3.531,2004-03-19,6.4,1625
6350,10192,en,Shrek Forever After,5.02,2010-05-20,6.379,7468
6351,10047,en,The Messenger: The Story of Joan of Arc,3.532,1999-10-27,6.4,1476
6352,419835,en,Crooked House,3.538,2017-09-06,6.4,919
6353,300667,en,3 Generations,3.535,2016-10-27,6.379,433
6354,74018,en,A Cinderella Story: Once Upon a Song,3.533,2011-09-05,6.4,1017
6355,11120,en,The Mosquito Coast,3.53,1986-11-26,6.379,481
6356,4824,en,The Jackal,4.326,1997-11-14,6.378,1930
6357,4478,en,Indecent Proposal,3.781,1993-04-07,6.379,1460
6358,95608,en,The Only Living Boy in New York,3.537,2017-07-27,6.378,333
6359,34588,pt,If I Were You,3.531,2006-01-06,6.4,372
6360,13154,en,Showdown in Little Tokyo,3.78,1991-08-23,6.377,483
6361,6691,fr,Priceless,3.782,2006-12-13,6.378,742
6362,11503,en,The Serpent and the Rainbow,3.53,1988-02-05,6.377,511
6363,6440,en,The Shipping News,3.531,2001-12-18,6.377,381
6364,449756,en,The Postcard Killings,3.541,2020-03-13,6.376,587
6365,405775,en,The Wall,3.537,2017-05-12,6.376,968
6366,10951,cn,Gorgeous,3.531,1999-02-12,6.4,374
6367,515248,en,Someone Great,3.791,2019-04-19,6.375,1160
6368,799379,ko,Project Wolf Hunting,3.558,2022-09-21,6.374,376
6369,431072,en,Step Sisters,3.537,2018-01-19,6.4,450
6370,250574,en,Creep,3.786,2014-06-23,6.377,1446
6371,20481,en,Nightbreed,3.53,1990-02-16,6.374,476
6372,396461,en,Under the Silver Lake,3.544,2018-08-08,6.374,1433
6373,387893,en,Ice Age: The Great Egg-Scapade,4.035,2016-03-19,6.359,480
6374,294652,en,Son of a Gun,3.784,2014-10-16,6.373,767
6375,60420,en,Like Crazy,3.533,2011-10-28,6.4,1043
6376,8054,en,The Imaginarium of Doctor Parnassus,3.782,2009-10-01,6.4,2729
6377,13523,en,Sex Drive,3.533,2008-10-16,6.4,1363
6378,9414,en,The Man Who Knew Too Little,3.531,1997-11-14,6.372,505
6379,7131,en,Van Helsing,4.369,2004-05-03,6.372,6100
6380,1734,en,The Mummy Returns,4.854,2001-05-04,6.372,7153
6381,77949,en,The Awakening,3.829,2011-08-17,6.371,1405
6382,1647,en,The Recruit,3.538,2003-01-31,6.4,1753
6383,833326,fr,Zero Fucks Given,3.55,2022-03-02,6.4,410
6384,26515,en,Pumpkinhead,3.53,1988-06-09,6.37,482
6385,11891,en,Kung Pow: Enter the Fist,4.037,2002-01-25,6.362,677
6386,11215,en,Baby Boom,3.53,1987-10-07,6.4,370
6387,11212,en,Baby's Day Out,3.574,1994-07-01,6.37,1345
6388,608,en,Men in Black II,4.409,2002-07-03,6.37,10026
6389,587996,es,Below Zero,3.544,2021-01-29,6.369,915
6390,294272,en,Pete's Dragon,3.787,2016-08-10,6.369,2203
6391,84188,en,Compliance,3.783,2012-08-23,6.4,705
6392,8077,en,Alien³,4.1,1992-05-22,6.369,5828
6393,531219,en,Roald Dahl's The Witches,3.796,2020-10-26,6.368,2829
6394,449574,ja,Godzilla: Planet of the Monsters,3.537,2017-11-17,6.368,504
6395,271736,en,The Program,3.784,2015-09-16,6.37,499
6396,10611,en,Barbershop,3.531,2002-04-01,6.368,488
6397,9333,en,Last Man Standing,4.03,1996-09-20,6.364,894
6398,1687,en,Escape from the Planet of the Apes,3.87,1971-05-20,6.368,1111
6399,1023922,en,MaXXXine,4.237,2024-07-04,6.4,1010
6400,829560,pl,The Next 365 Days,3.686,2022-08-18,6.367,1186
6401,766475,en,See How They Run,3.556,2022-09-09,6.367,1133
6402,513574,no,Battle,3.538,2018-09-28,6.4,644
6403,338970,en,Tomb Raider,4.287,2018-03-05,6.367,7891
6404,82682,en,Gangster Squad,3.828,2013-01-09,6.367,4064
6405,12435,en,The Nanny Diaries,3.57,2007-08-24,6.4,1156
6406,298729,it,Do You See Me?,3.534,2014-11-20,6.4,569
6407,295699,en,Everybody Wants Some!!,3.574,2016-03-30,6.4,1117
6408,399035,en,The Commuter,3.538,2018-01-11,6.4,4398
6409,66195,en,The Perfect Host,3.569,2010-07-01,6.365,427
6410,2119,en,Days of Thunder,3.535,1990-06-27,6.4,1505
6411,976720,en,Vesper,3.553,2022-08-17,6.4,598
6412,455476,en,Knights of the Zodiac,3.815,2023-04-27,6.364,1162
6413,411999,en,OtherLife,3.787,2017-06-16,6.364,426
6414,12308,it,The Last Kiss,3.536,2001-02-01,6.4,514
6415,11913,fr,The Gendarme Takes Off,3.53,1970-10-28,6.4,515
6416,10847,en,Lord of the Flies,3.78,1990-03-16,6.37,563
6417,9902,en,Wrong Turn,3.532,2003-05-30,6.4,2748
6418,9718,en,Talladega Nights: The Ballad of Ricky Bobby,4.038,2006-08-04,6.4,1716
6419,9317,fr,The Cabbage Soup,4.073,1981-12-02,6.359,877
6420,4247,en,Scary Movie,4.367,2000-07-07,6.362,7102
6421,932420,en,Code 8 Part II,3.591,2024-02-27,6.363,601
6422,630240,fr,Titane,3.796,2021-07-14,6.361,1491
6423,593910,en,Cinderella,3.547,2021-09-03,6.363,1409
6424,433501,en,City of Lies,3.788,2018-09-06,6.367,619
6425,46523,nl,New Kids Turbo,3.532,2010-12-09,6.4,304
6426,500852,en,Miss Bala,3.545,2019-02-01,6.362,550
6427,262500,en,Insurgent,6.127,2015-03-18,6.362,10068
6428,714,en,Tomorrow Never Dies,4.4,1997-12-11,6.4,3141
6429,775996,en,Outside the Wire,3.544,2021-01-15,6.361,1808
6430,324668,en,Jason Bourne,4.33,2016-07-27,6.36,5787
6431,112205,en,The Family,3.865,2013-09-13,6.361,2940
6432,82675,en,Taken 2,3.867,2012-09-27,6.361,6722
6433,29437,en,Rabid,3.535,1977-04-08,6.361,504
6434,10337,en,Bugsy,3.53,1991-12-10,6.4,398
6435,617,en,Wild Things,3.531,1998-03-20,6.4,1771
6436,910571,en,Fair Play,3.822,2023-09-28,6.36,525
6437,11821,en,Doc Hollywood,3.53,1991-08-02,6.4,621
6438,8999,en,Derailed,3.531,2005-11-11,6.4,1039
6439,6637,en,National Treasure: Book of Secrets,4.334,2007-12-13,6.36,5208
6440,2642,en,Two Weeks Notice,3.583,2002-12-19,6.4,2066
6441,299,en,Ocean's Eleven,3.531,1960-08-10,6.4,361
6442,355547,en,The Star,3.537,2017-11-15,6.4,557
6443,290751,en,Secret in Their Eyes,3.535,2015-10-14,6.359,1357
6444,963765,es,Strange Way of Life,3.564,2023-05-26,6.363,310
6445,623491,en,The Babysitter: Killer Queen,3.544,2020-09-10,6.358,1675
6446,509635,en,Alone,3.543,2020-09-10,6.4,748
6447,315880,it,Correspondence,3.535,2016-01-14,6.4,399
6448,44269,fr,All That Glitters,3.532,2010-03-24,6.4,745
6449,1063877,en,Don't Move,3.753,2024-10-24,6.357,758
6450,753342,en,Napoleon,3.928,2023-11-22,6.4,2650
6451,286987,en,How to Build a Better Boy,3.534,2014-11-18,6.4,395
6452,14114,en,You Got Served,3.531,2004-01-30,6.4,435
6453,6279,en,Sister Act 2: Back in the Habit,3.536,1993-12-09,6.4,1825
6454,746333,fr,Superwho?,3.548,2022-02-02,6.4,501
6455,13225,en,FernGully: The Last Rainforest,3.53,1992-04-10,6.4,581
6456,628900,en,The Contractor,3.556,2022-03-10,6.355,926
6457,81342,fr,Delicacy,3.783,2011-12-20,6.355,448
6458,11852,en,The Hot Chick,3.569,2002-12-13,6.355,2028
6459,11560,en,High Crimes,3.536,2002-04-05,6.355,800
6460,4614,en,The Sum of All Fears,4.037,2002-05-31,6.355,1751
6461,420634,en,Terrifier,3.546,2018-01-25,6.351,2626
6462,345911,en,Lights Out,3.786,2016-07-21,6.354,3901
6463,10428,en,Hackers,4.075,1995-09-14,6.354,1322
6464,408033,fr,Tamara,3.535,2016-10-26,6.4,639
6465,528491,en,WHAT DID JACK DO?,3.537,2017-11-08,6.349,487
6466,415401,en,The Party,3.574,2017-07-27,6.4,548
6467,145197,en,Upstream Color,3.783,2013-04-05,6.352,728
6468,134597,en,The Collection,3.783,2012-11-30,6.352,1042
6469,118293,fr,The Suicide Shop,3.533,2012-09-26,6.352,601
6470,71688,en,The Iron Lady,3.533,2011-12-26,6.4,1746
6471,13022,en,Rogue,3.57,2007-11-08,6.352,699
6472,1577,en,Resident Evil: Apocalypse,1.758,2004-09-10,6.352,4392
6473,1268,en,Mr. Bean's Holiday,4.372,2007-03-22,6.351,2884
6474,1049,en,Sommersby,3.53,1993-02-05,6.4,388
6475,18487,en,The Taking of Pelham 1 2 3,3.538,2009-06-10,6.351,3150
6476,13150,en,Pride and Glory,3.533,2008-09-09,6.351,884
6477,10017,en,The Wraith,3.53,1986-10-01,6.4,455
6478,9472,en,DodgeBall: A True Underdog Story,4.032,2004-06-18,6.351,3533
6479,920081,en,Megaboa,3.547,2021-11-26,6.3,463
6480,222461,en,Wer,3.533,2013-11-16,6.3,438
6481,82525,en,Savages,3.828,2012-07-06,6.35,2163
6482,48231,en,A Dangerous Method,3.576,2011-09-30,6.3,2084
6483,12201,en,Edge of Darkness,3.827,2010-01-28,6.35,1551
6484,11002,en,"Greystoke: The Legend of Tarzan, Lord of the Apes",3.567,1984-03-30,6.35,469
6485,438808,en,White Boy Rick,3.538,2018-09-14,6.3,1097
6486,435615,en,Possessor,3.58,2020-10-02,6.349,896
6487,250225,en,The Duke of Burgundy,3.534,2014-10-18,6.349,338
6488,16229,en,Prozac Nation,3.781,2001-09-08,6.3,315
6489,12403,en,A Perfect Getaway,3.532,2009-06-08,6.349,1283
6490,11680,fr,The Miser,3.53,1980-03-05,6.3,437
6491,10413,en,Nowhere to Run,3.78,1993-01-15,6.354,723
6492,592336,it,Don't Stop Me Now,3.539,2019-04-18,6.3,372
6493,332567,en,The Shallows,3.786,2016-06-24,6.348,5099
6494,15449,fr,La Tour Montparnasse Infernale,3.532,2001-03-28,6.348,870
6495,13679,fr,Kirikou and the Wild Beasts,3.531,2005-12-07,6.3,305
6496,11427,en,Dead End,3.531,2003-12-12,6.3,536
6497,7220,en,The Punisher,3.57,2004-04-15,6.3,2876
6498,736790,en,Chupa,3.561,2023-04-07,6.3,344
6499,2667,en,The Blair Witch Project,3.865,1999-07-14,6.347,4955
6500,381034,en,I Am Not a Serial Killer,3.535,2016-08-26,6.346,488
6501,76163,en,The Expendables 2,4.368,2012-08-08,6.345,6786
6502,26170,en,Coogan's Bluff,3.531,1968-10-02,6.346,334
6503,8960,en,Hancock,4.403,2008-07-01,6.344,9690
6504,6951,en,Turner & Hooch,4.323,1989-07-28,6.342,1319
6505,2116,en,Out of Time,3.531,2003-10-03,6.3,1190
6506,700,en,Octopussy,3.863,1983-06-05,6.345,2002
6507,539649,en,The Lie,3.538,2018-09-13,6.3,726
6508,413362,en,"Roman J. Israel, Esq.",3.787,2017-11-17,6.3,1292
6509,269148,fr,Samba,3.828,2014-10-15,6.3,945
6510,121606,en,Resolution,3.784,2012-04-22,6.344,400
6511,86555,en,Take This Waltz,3.533,2011-11-25,6.3,358
6512,38357,en,Morning Glory,3.57,2010-11-10,6.3,1512
6513,10056,en,Killer's Kiss,3.536,1955-10-01,6.3,552
6514,602545,it,Into the Labyrinth,3.54,2019-10-30,6.3,503
6515,509967,en,6 Underground,3.542,2019-12-10,6.343,4815
6516,179538,es,Witching & Bitching,3.534,2013-09-20,6.3,646
6517,124905,en,Godzilla,4.114,2014-05-14,6.3,9230
6518,73873,en,Albert Nobbs,3.533,2011-12-21,6.3,474
6519,18086,en,Fright Night Part 2,3.53,1988-04-07,6.3,396
6520,10851,en,Revolver,3.82,2005-09-11,6.343,1410
6521,602147,en,Inheritance,3.542,2020-04-30,6.3,656
6522,7512,en,Idiocracy,4.859,2006-09-01,6.341,3083
6523,30923,en,Alice in Wonderland,3.781,1999-02-28,6.3,346
6524,10028,en,Honey,3.531,2003-11-24,6.3,1176
6525,315,en,"Faster, Pussycat! Kill! Kill!",3.531,1965-08-06,6.3,327
6526,41283,en,Faster,3.532,2010-11-23,6.3,1949
6527,9785,en,The Invisible,3.532,2007-04-27,6.3,545
6528,561362,en,Rust Creek,3.538,2019-01-04,6.339,314
6529,24929,en,Return of the Living Dead Part II,3.78,1988-01-15,6.344,630
6530,18269,en,Lady and the Tramp II: Scamp's Adventure,3.532,2001-02-18,6.3,1261
6531,15596,en,Back to School,3.531,1986-06-13,6.3,443
6532,13394,en,Shrek the Halls,3.828,2007-11-28,6.339,858
6533,10715,en,Looney Tunes: Back in Action,4.282,2003-11-14,6.336,1519
6534,8197,en,Midnight in the Garden of Good and Evil,3.825,1997-11-21,6.338,582
6535,2267,en,The Last Mimzy,3.782,2007-02-09,6.338,459
6536,11653,zh,The Myth,3.531,2005-05-11,6.3,375
6537,9501,en,Crying Freeman,3.53,1995-04-23,6.3,331
6538,8965,en,Atlantis: Milo's Return,3.531,2003-02-25,6.3,3834
6539,503616,en,Second Act,3.613,2018-11-22,6.336,1202
6540,203739,en,Vampire Academy,3.534,2014-02-07,6.3,1754
6541,23631,en,Machete,3.826,2010-09-01,6.336,3331
6542,11905,en,The Company of Wolves,3.53,1984-09-21,6.3,344
6543,602269,en,The Little Things,3.582,2021-01-28,6.3,2554
6544,429351,en,12 Strong,3.538,2018-01-18,6.3,2994
6545,463843,en,Sweetheart,3.539,2019-01-28,6.334,368
6546,320028,it,An Italian Name,3.54,2015-01-22,6.3,332
6547,13600,en,City of Ember,3.533,2008-10-07,6.3,1754
6548,9964,en,Bad Taste,3.53,1987-12-01,6.3,840
6549,4351,en,Bordertown,3.569,2007-02-22,6.3,328
6550,2026,en,Hostage,3.532,2005-03-10,6.3,1625
6551,1247,en,The Good Shepherd,3.533,2006-12-11,6.3,1168
6552,523607,en,Maestro,3.585,2023-11-22,6.3,738
6553,521034,en,The Secret Garden,3.547,2020-07-08,6.333,586
6554,137116,en,Smurfs: The Lost Village,3.543,2017-03-23,6.332,1459
6555,9349,en,Universal Soldier,4.076,1992-07-10,6.3,1727
6556,1619,en,The Way of the Gun,3.531,2000-09-08,6.3,442
6557,631843,en,Old,4.048,2021-07-21,6.332,4534
6558,532639,en,Pinocchio,3.561,2022-09-07,6.332,1615
6559,77866,en,Contraband,3.865,2012-01-12,6.332,2075
6560,340837,en,A Cure for Wellness,3.58,2017-02-15,6.331,3862
6561,157360,en,In a World...,3.533,2013-08-09,6.331,521
6562,44244,en,Camp Rock 2: The Final Jam,3.533,2010-09-17,6.3,1513
6563,8386,en,How High,3.532,2001-12-21,6.3,958
6564,10764,en,Quantum of Solace,4.366,2008-10-29,6.33,7952
6565,10358,en,Zack and Miri Make a Porno,3.57,2008-09-18,6.329,2451
6566,9584,en,Convoy,3.78,1978-06-27,6.3,382
6567,986070,en,The Wrath of Becky,3.564,2023-05-26,6.3,360
6568,202575,en,The House of Magic,3.533,2013-12-24,6.328,349
6569,49529,en,John Carter,4.074,2012-03-07,6.328,5685
6570,49526,en,Premium Rush,3.533,2012-08-24,6.3,2136
6571,38448,en,Ondine,3.532,2010-03-05,6.328,319
6572,38117,en,Beastly,3.538,2011-01-21,6.3,2778
6573,32613,en,Horror Express,3.53,1972-09-30,6.3,300
6574,1096197,en,No Way Up,3.843,2024-01-18,6.327,1001
6575,524369,en,The Many Saints of Newark,4.046,2021-09-22,6.328,680
6576,22824,en,The Fourth Kind,3.533,2009-11-05,6.3,1730
6577,477489,fr,Just a Breath Away,3.913,2018-04-04,6.326,811
6578,169917,en,A Walk Among the Tombstones,5.768,2014-09-18,6.326,2827
6579,838330,en,Not Okay,3.553,2022-07-29,6.3,463
6580,549294,en,Synchronic,3.793,2020-10-23,6.325,962
6581,478820,fr,The Emperor of Paris,3.832,2018-12-19,6.325,491
6582,420648,es,The Bar,3.536,2017-02-15,6.325,1306
6583,325346,en,The Hollars,3.535,2016-08-25,6.325,308
6584,11041,en,The Beverly Hillbillies,3.53,1993-10-15,6.3,542
6585,8839,en,Casper,4.819,1995-05-26,6.325,4630
6586,2043,en,Along Came a Spider,3.532,2001-04-06,6.3,1882
6587,1013860,en,R.I.P.D. 2: Rise of the Damned,3.556,2022-11-15,6.3,601
6588,511987,en,Crawl,4.04,2019-07-11,6.324,3145
6589,477033,eu,Errementari: The Blacksmith and the Devil,4.037,2018-03-02,6.32,547
6590,11096,en,Hide and Seek,3.782,2005-01-27,6.324,1598
6591,9407,en,Red Corner,3.568,1997-10-30,6.324,367
6592,1087388,en,Sting,3.599,2024-04-12,6.3,350
6593,877269,en,Strange World,3.557,2022-11-23,6.3,1285
6594,152599,en,The Immigrant,3.827,2013-11-27,6.323,827
6595,22582,en,Tom and Jerry: The Movie,3.53,1992-10-01,6.3,584
6596,12912,en,Chaos Theory,3.532,2008-04-11,6.3,387
6597,680860,en,I Want You Back,3.55,2022-02-10,6.3,328
6598,52520,en,Underworld: Awakening,2.926,2012-01-19,6.3,4108
6599,31867,en,Repo Men,3.837,2010-03-18,6.322,1934
6600,21778,fr,RRRrrrr!!!,3.531,2004-01-28,6.322,1172
6601,15239,en,The Toxic Avenger,3.567,1984-05-15,6.3,566
6602,431530,en,A Bad Moms Christmas,3.538,2017-08-04,6.3,2104
6603,76122,en,Marvel One-Shot: The Consultant,3.533,2011-09-13,6.3,558
6604,9777,en,Proof,3.781,2005-09-05,6.32,679
6605,4728,fr,The Gendarme in New York,3.531,1965-10-28,6.3,517
6606,1022796,en,Wish,3.635,2023-11-13,6.3,1566
6607,728526,en,Encounter,3.547,2021-12-03,6.3,431
6608,604822,zh,Vanguard,3.54,2020-01-22,6.3,552
6609,447200,en,Skyscraper,4.038,2018-07-11,6.32,5042
6610,87421,en,Riddick,3.536,2013-09-02,6.3,4113
6611,46929,en,Fun and Fancy Free,3.531,1947-09-27,6.3,484
6612,14177,en,Beauty Shop,3.531,2005-04-22,6.3,515
6613,10380,en,An American Tail: Fievel Goes West,4.03,1991-11-21,6.317,739
6614,447277,en,The Little Mermaid,3.921,2023-05-18,6.3,3012
6615,28355,en,Case 39,3.532,2009-08-13,6.3,2244
6616,11232,en,Kate & Leopold,3.532,2001-12-25,6.3,1371
6617,993784,en,Lisa Frankenstein,3.588,2024-02-07,6.3,414
6618,11358,en,Walking Tall,3.568,2004-04-02,6.318,1525
6619,298312,en,The Visit,3.785,2015-09-10,6.317,4804
6620,10314,en,She's All That,3.569,1999-01-29,6.3,2103
6621,9273,en,Ace Ventura: When Nature Calls,4.325,1995-11-10,6.318,4213
6622,9101,en,Down Periscope,3.531,1996-03-01,6.317,465
6623,715123,en,Books of Blood,3.542,2020-10-07,6.316,448
6624,399361,en,Triple Frontier,4.046,2019-03-06,6.317,3267
6625,1086372,hy,Return,3.53,1972-07-02,6.315,562
6626,483906,en,Polar,3.798,2019-01-25,6.315,2259
6627,60599,en,Arbitrage,3.827,2012-09-14,6.315,859
6628,18892,en,Jawbreaker,3.531,1999-01-30,6.3,533
6629,512196,en,Happy Death Day 2U,3.584,2019-02-13,6.3,3424
6630,40205,en,16 Wishes,3.532,2010-10-02,6.314,1322
6631,759902,en,Hunter Hunter,3.544,2020-12-18,6.313,315
6632,333669,en,Bastille Day,3.787,2016-04-22,6.312,1386
6633,326423,en,Barbershop: The Next Cut,3.785,2016-04-15,6.313,467
6634,12611,en,The Fury,3.53,1978-03-10,6.3,367
6635,12146,en,The Missing,3.531,2003-11-26,6.3,633
6636,11186,en,Child's Play 2,3.53,1990-11-09,6.3,1857
6637,455,en,Bend It Like Beckham,3.531,2002-04-11,6.3,1911
6638,625450,en,Tall Girl,3.542,2019-09-13,6.3,1877
6639,396493,en,Creep 2,3.537,2017-10-14,6.3,803
6640,430231,en,The Endless,4.038,2017-11-05,6.311,1126
6641,75761,en,John Dies at the End,3.533,2013-01-25,6.311,664
6642,11114,en,Pete's Dragon,3.53,1977-11-03,6.3,683
6643,10426,en,Friday After Next,3.531,2002-11-22,6.311,420
6644,5289,en,Chaos,3.531,2005-01-17,6.3,1058
6645,467824,ko,Illang: The Wolf Brigade,3.538,2018-07-25,6.3,305
6646,296099,en,Vacation,3.792,2015-07-28,6.31,3741
6647,283227,en,A Little Chaos,3.784,2015-03-26,6.3,664
6648,263281,fr,My Summer in Provence,3.828,2014-04-02,6.31,300
6649,257445,en,Goosebumps,3.548,2015-08-05,6.31,3802
6650,27581,en,The Other Guys,4.584,2010-08-06,6.309,4243
6651,458344,en,"Juliet, Naked",3.538,2018-08-16,6.3,488
6652,115210,en,Stitches,3.533,2012-10-05,6.3,417
6653,13567,en,Sleepaway Camp,3.53,1983-11-18,6.3,705
6654,11890,en,Oscar,3.78,1991-04-26,6.3,517
6655,11088,en,Heist,3.536,2001-11-09,6.309,555
6656,323373,en,Deathgasm,3.534,2015-08-28,6.308,595
6657,146721,es,Carne,3.568,1968-10-24,6.3,529
6658,79643,it,Anche se è amore non si vede,3.533,2011-11-23,6.3,356
6659,11060,en,Internal Affairs,3.53,1990-01-12,6.3,398
6660,4953,en,Be Kind Rewind,4.032,2008-01-20,6.3,1371
6661,214756,en,Ted 2,6.91,2015-06-25,6.305,7555
6662,145135,en,Dark Skies,3.534,2013-02-21,6.307,1791
6663,16996,en,17 Again,3.609,2009-03-11,6.3,5181
6664,11034,en,The Great Gatsby,3.53,1974-03-27,6.3,480
6665,9945,en,Vampires,3.531,1998-10-30,6.3,1255
6666,9335,en,Transporter 2,3.607,2005-08-03,6.3,3668
6667,331836,fr,Babysitting 2,3.535,2015-12-02,6.306,1350
6668,18736,en,The Lizzie McGuire Movie,3.606,2003-05-02,6.306,1265
6669,462919,en,Sierra Burgess Is a Loser,3.544,2018-09-07,6.305,3418
6670,352186,en,Good Kids,3.535,2016-07-29,6.3,313
6671,50698,en,Grave Encounters,3.534,2011-09-09,6.305,1502
6672,10612,en,The Englishman Who Went Up a Hill But Came Down a Mountain,3.824,1995-05-12,6.304,304
6673,574060,en,Gunpowder Milkshake,3.547,2021-07-14,6.303,1038
6674,437557,en,Blockers,3.543,2018-03-14,6.303,2006
6675,419680,en,Daddy's Home 2,3.538,2017-11-09,6.301,2572
6676,264729,es,Off Course,3.572,2015-03-03,6.303,333
6677,16577,en,Astro Boy,4.032,2009-10-15,6.301,1540
6678,8689,it,Cannibal Holocaust,4.044,1980-02-07,6.303,1680
6679,2320,en,Executive Decision,3.531,1996-03-15,6.3,946
6680,179,en,The Interpreter,3.863,2005-04-08,6.303,1456
6681,633604,nl,Yummy,3.834,2019-12-13,6.302,305
6682,12100,en,Windtalkers,3.531,2002-06-14,6.3,1289
6683,11619,en,Flushed Away,4.035,2006-10-22,6.303,3842
6684,527660,en,"Yes, God, Yes",3.579,2020-07-24,6.3,539
6685,460846,en,Security,3.537,2017-03-04,6.301,887
6686,369781,fr,Public Friends,3.535,2016-02-17,6.3,364
6687,279641,en,Whiskey Tango Foxtrot,3.785,2016-03-04,6.3,979
6688,181812,en,Star Wars: The Rise of Skywalker,5.859,2019-12-18,6.301,10079
6689,36419,en,After.Life,3.533,2009-11-07,6.3,1135
6690,11495,en,Firestarter,3.53,1984-05-11,6.3,702
6691,9605,en,Single White Female,3.535,1992-08-14,6.301,625
6692,8388,en,¡Three Amigos!,4.03,1986-12-12,6.3,1012
6693,7737,en,Resident Evil: Extinction,0.845,2007-09-20,6.301,4227
6694,392142,fr,Max & Leon,3.535,2016-11-01,6.3,796
6695,2453,en,Harley Davidson and the Marlboro Man,3.53,1991-08-23,6.3,438
6696,747688,it,Yara,3.547,2021-10-18,6.3,405
6697,505379,en,Rebecca,3.542,2020-10-16,6.3,1101
6698,407439,en,Mary Magdalene,3.824,2018-03-15,6.299,529
6699,26390,en,Brooklyn's Finest,3.532,2010-03-04,6.3,909
6700,9354,en,"Honey, I Shrunk the Kids",4.036,1989-06-23,6.3,3088
6701,1649,en,Bill & Ted's Bogus Journey,4.285,1991-07-19,6.299,1243
6702,1261501,fr,Ad Vitam,4.151,2025-01-09,6.3,320
6703,59981,en,Legends of Oz: Dorothy's Return,3.534,2014-05-08,6.298,366
6704,16441,en,The Beastmaster,3.53,1982-08-16,6.3,406
6705,8856,en,The Karate Kid Part II,3.807,1986-06-18,6.3,2239
6706,640146,en,Ant-Man and the Wasp: Quantumania,4.601,2023-02-15,6.296,5175
6707,478860,fr,Proxima,3.54,2019-11-27,6.3,407
6708,406759,en,Moonfall,3.591,2022-02-03,6.296,3208
6709,145220,en,Muppets Most Wanted,4.035,2014-03-20,6.286,839
6710,71552,en,American Reunion,3.867,2012-04-04,6.297,4451
6711,41630,en,No Strings Attached,3.832,2011-01-21,6.297,4737
6712,13641,en,The Air I Breathe,3.532,2007-02-07,6.3,364
6713,810,en,Shrek the Third,5.113,2007-05-17,6.296,9159
6714,201,en,Star Trek: Nemesis,3.532,2002-12-13,6.3,1445
6715,35019,en,Nanny McPhee and the Big Bang,3.782,2010-03-26,6.296,1849
6716,9963,en,Premonition,3.782,2007-02-08,6.296,1573
6717,9882,en,The Siege,3.826,1998-11-06,6.295,1352
6718,439998,it,Omicidio all'italiana,3.535,2017-03-02,6.3,403
6719,71677,en,Assassination Games,3.533,2011-07-28,6.3,400
6720,15947,en,The Three Caballeros,3.532,1944-12-21,6.3,719
6721,63710,en,Honey 2,3.533,2011-06-23,6.3,396
6722,11191,en,Mystic Pizza,3.53,1988-10-13,6.3,518
6723,1428,en,Once Upon a Time in Mexico,3.869,2003-09-11,6.293,2194
6724,541305,en,Kajillionaire,3.542,2020-09-25,6.3,476
6725,155084,en,13 Sins,3.534,2014-04-11,6.3,1111
6726,39385,fr,Would I Lie to You?,3.823,1997-04-01,6.292,521
6727,27813,en,Basket Case,3.535,1982-04-02,6.292,424
6728,9515,en,The Matador,3.531,2005-05-12,6.292,471
6729,9440,en,Primary Colors,3.825,1998-03-20,6.292,315
6730,270938,en,Falcon Rising,3.534,2014-09-05,6.3,347
6731,25913,en,Balto: Wolf Quest,3.532,2002-04-30,6.291,532
6732,9339,en,Click,4.87,2006-06-23,6.29,7112
6733,3172,en,Bandits,4.032,2001-10-12,6.288,1009
6734,627463,en,The Assistant,3.54,2020-01-31,6.291,465
6735,606234,en,Archive,3.792,2020-08-13,6.29,704
6736,102780,en,Byzantium,3.533,2013-04-11,6.3,872
6737,86331,fr,Desire,1.986,2011-10-06,6.3,1300
6738,37609,en,The Cheetah Girls 2,3.531,2006-07-31,6.3,405
6739,9043,en,The Family Stone,3.532,2005-12-15,6.3,995
6740,638965,fr,Mandibles,3.545,2021-05-19,6.289,557
6741,328111,en,The Secret Life of Pets,1.685,2016-06-18,6.289,8126
6742,207768,en,I Spit on Your Grave 2,3.534,2013-08-25,6.3,1311
6743,149509,en,Horns,3.539,2013-09-06,6.3,2309
6744,11449,en,The Amityville Horror,3.818,1979-07-27,6.289,933
6745,9477,en,King Arthur,3.784,2004-07-07,6.3,2729
6746,82650,en,Diary of a Wimpy Kid: Dog Days,3.533,2012-08-02,6.288,975
6747,70436,en,The Raven,3.827,2012-03-09,6.288,1351
6748,29787,en,Monkey Shines,3.53,1988-07-29,6.3,319
6749,8966,en,Twilight,4.708,2008-11-20,6.288,13702
6750,1234811,en,Our Little Secret,4.037,2024-11-27,6.287,485
6751,443791,en,Underwater,3.54,2020-01-08,6.3,3174
6752,288036,en,Sleeping with Other People,3.534,2015-06-26,6.287,912
6753,86812,en,Sound of My Voice,3.782,2011-01-22,6.287,373
6754,72710,en,The Host,3.533,2013-03-22,6.3,3927
6755,11007,en,Cheaper by the Dozen,4.281,2003-12-24,6.286,2807
6756,8845,en,Under Siege,3.531,1992-10-08,6.3,1566
6757,7095,en,Jack,3.53,1996-08-09,6.3,1274
6758,4964,en,Knocked Up,4.728,2007-06-01,6.3,4016
6759,2309,en,Inkheart,3.534,2008-12-11,6.3,2120
6760,601844,en,Becky,3.541,2020-07-23,6.3,604
6761,425336,es,Loving Pablo,4.037,2017-10-12,6.286,1000
6762,11465,en,Great Balls of Fire!,3.53,1989-06-30,6.3,316
6763,9490,en,Half Baked,3.531,1998-01-16,6.286,569
6764,1689,en,Little Buddha,3.78,1993-12-01,6.286,415
6765,567690,en,Dear Evan Hansen,3.797,2021-09-24,6.3,332
6766,376134,en,The Discovery,3.785,2017-03-31,6.285,1327
6767,133694,en,Promised Land,3.827,2012-09-23,6.285,694
6768,10534,en,White Squall,3.53,1996-02-02,6.285,370
6769,9543,en,Prince of Persia: The Sands of Time,3.533,2010-05-19,6.3,6809
6770,714869,fr,Serial (Bad) Weddings 3,3.548,2021-12-21,6.3,384
6771,274167,en,Daddy's Home,3.867,2015-12-25,6.284,3234
6772,199373,en,The Frozen Ground,4.077,2013-07-11,6.284,1481
6773,290595,en,The Huntsman: Winter's War,3.536,2016-04-06,6.3,4830
6774,83186,en,Wrong,3.533,2012-09-05,6.3,355
6775,15997,en,The Land Before Time II: The Great Valley Adventure,3.53,1994-12-12,6.3,554
6776,13335,en,Harold & Kumar Escape from Guantanamo Bay,3.532,2008-04-25,6.3,1496
6777,9373,en,The Texas Chainsaw Massacre,3.58,2003-05-21,6.283,2676
6778,453405,en,Gemini Man,4.329,2019-10-02,6.3,5178
6779,438590,en,A-X-L,3.538,2018-08-23,6.3,1172
6780,428399,en,Cold Skin,3.537,2017-10-20,6.3,640
6781,339967,en,Colossal,3.795,2017-04-06,6.282,2106
6782,186992,fr,Stranger by the Lake,3.534,2013-06-12,6.3,433
6783,81857,el,Alps,3.533,2011-09-01,6.3,312
6784,22804,en,Saw VI,3.571,2009-10-22,6.3,3262
6785,11954,en,Lifeforce,3.532,1985-06-21,6.3,628
6786,169,en,Predator 2,4.081,1990-11-21,6.28,3393
6787,758009,en,Shotgun Wedding,3.563,2022-12-28,6.3,1209
6788,580532,en,Crisis,3.544,2021-02-26,6.3,356
6789,541524,en,Passing,3.547,2021-10-27,6.3,308
6790,505058,en,Unfriended: Dark Web,3.576,2018-07-19,6.281,1541
6791,28794,it,The House by the Cemetery,3.78,1981-08-14,6.288,396
6792,26389,en,From Paris with Love,4.231,2010-02-04,6.281,2052
6793,12309,en,Bachelor Party,4.03,1984-06-29,6.276,654
6794,1880,en,Red Dawn,3.531,1984-08-10,6.281,819
6795,689723,en,Dangerous Lies,3.579,2020-04-30,6.3,867
6796,455656,en,#realityhigh,3.542,2017-07-17,6.3,1027
6797,399248,en,Beirut,3.538,2018-04-11,6.3,554
6798,29427,en,The Crazies,3.82,2010-02-26,6.278,2074
6799,631842,en,Knock at the Cabin,3.562,2023-02-01,6.3,2744
6800,468219,en,Dead in a Week (Or Your Money Back),3.538,2018-09-12,6.3,344
6801,449755,en,Christmas Inheritance,3.537,2017-12-15,6.3,828
6802,267935,en,The BFG,3.794,2016-06-01,6.278,3405
6803,181283,en,Child 44,5.674,2015-03-15,6.279,1673
6804,158852,en,Tomorrowland,5.433,2015-05-19,6.3,7027
6805,38303,en,You Again,3.575,2010-09-23,6.278,1248
6806,1599,en,I ♥ Huckabees,3.531,2004-09-10,6.3,654
6807,451500,fr,Christmas & Co.,3.868,2017-12-06,6.277,638
6808,157845,en,The Rover,3.784,2014-06-04,6.3,952
6809,13515,en,Mirrors,3.533,2008-08-15,6.3,1863
6810,11625,fr,Asterix and the Big Fight,3.535,1989-10-04,6.277,637
6811,608195,en,Ghosts of War,3.541,2020-07-03,6.3,554
6812,25983,en,The House of the Devil,3.533,2009-10-30,6.3,757
6813,11352,en,Always,3.53,1989-12-22,6.276,603
6814,10699,en,Hero,4.03,1992-10-02,6.28,499
6815,9822,en,Mighty Joe Young,3.531,1998-12-25,6.3,822
6816,817,en,Austin Powers: The Spy Who Shagged Me,4.576,1999-06-08,6.276,3379
6817,354216,en,The Devil's Candy,3.541,2016-12-15,6.3,653
6818,117974,en,Sightseers,3.533,2012-11-30,6.3,514
6819,67748,en,Snowtown,3.782,2011-05-19,6.277,310
6820,36643,en,The World Is Not Enough,4.4,1999-11-17,6.273,2972
6821,2171,en,Wet Hot American Summer,3.531,2001-07-27,6.3,813
6822,413052,en,Hacker,3.536,2016-09-15,6.3,305
6823,174772,en,Europa Report,3.784,2013-06-27,6.274,1396
6824,43200,it,Basilicata Coast to Coast,3.532,2010-04-09,6.274,378
6825,8838,en,Mercury Rising,3.536,1998-04-03,6.3,1543
6826,280092,en,Insidious: Chapter 3,4.04,2015-05-28,6.274,3385
6827,134374,en,Pain & Gain,4.084,2013-04-18,6.273,4523
6828,58244,en,Upside Down,3.783,2012-09-27,6.273,2504
6829,34851,en,Predators,3.878,2010-07-03,6.273,4204
6830,27569,en,Extraordinary Measures,3.532,2010-01-21,6.3,309
6831,19901,en,Daybreakers,3.534,2010-01-06,6.3,1972
6832,9494,en,Look Who's Talking,3.537,1989-10-12,6.273,2316
6833,7459,en,Speed Racer,3.534,2008-05-07,6.3,1583
6834,2080,en,X-Men Origins: Wolverine,0.381,2009-04-28,6.273,10636
6835,255343,en,Escobar: Paradise Lost,6.117,2014-10-11,6.273,774
6836,137321,en,Winter's Tale,3.57,2014-02-13,6.3,1344
6837,132232,en,Mama,3.535,2013-01-17,6.3,4174
6838,14207,en,The Librarian: Quest for the Spear,3.531,2004-07-12,6.3,641
6839,10294,en,Vacancy,3.533,2007-04-20,6.272,1488
6840,9378,en,Thir13en Ghosts,3.862,2001-10-26,6.3,2165
6841,738652,en,Copshop,3.584,2021-09-09,6.271,797
6842,284276,en,Cake,5.674,2014-09-07,6.3,899
6843,14976,en,Rachel Getting Married,3.82,2008-09-03,6.277,579
6844,10207,en,Message in a Bottle,3.531,1999-02-22,6.271,772
6845,9486,en,Johnny English,4.038,2003-03-14,6.271,3506
6846,2085,en,Romeo Must Die,4.576,2000-03-22,6.272,1214
6847,848326,en,Rebel Moon - Part One: A Child of Fire,4.34,2023-12-15,6.267,2245
6848,303542,it,The Invisible Boy,3.534,2014-12-18,6.3,945
6849,14728,en,The Librarian: The Curse of the Judas Chalice,3.532,2008-10-25,6.3,479
6850,10029,en,Very Bad Things,3.862,1998-09-11,6.27,625
6851,4917,en,A Boy and His Dog,3.53,1975-03-23,6.27,346
6852,1378,en,Shortbus,3.531,2006-10-04,6.3,521
6853,1075175,en,How to Have Sex,3.576,2023-11-02,6.3,387
6854,852448,en,I Came By,3.84,2022-08-19,6.265,714
6855,514999,en,Murder Mystery,4.122,2019-05-25,6.269,4494
6856,44706,fr,The Bet,3.531,1997-10-15,6.3,468
6857,11069,en,Tremors 2: Aftershocks,3.531,1996-04-09,6.3,964
6858,10735,en,What a Girl Wants,3.569,2003-03-27,6.3,1626
6859,587693,en,A Christmas Prince: The Royal Baby,3.583,2019-12-05,6.268,550
6860,16288,en,Creepshow 2,3.53,1987-05-01,6.3,592
6861,4787,en,Cassandra's Dream,3.532,2007-10-31,6.3,786
6862,987917,en,Old Dads,3.575,2023-10-20,6.267,365
6863,760868,sv,Black Crab,3.55,2022-03-18,6.3,836
6864,10651,en,The Dead Pool,3.53,1988-07-13,6.267,857
6865,9896,en,Rat Race,4.037,2001-08-17,6.3,1812
6866,1097870,en,Dear Santa,3.744,2024-11-24,6.3,367
6867,724665,en,"Confess, Fletch",3.554,2022-09-16,6.3,322
6868,703451,en,Your Place or Mine,3.56,2023-02-10,6.266,784
6869,463272,en,Johnny English Strikes Again,4.039,2018-09-13,6.263,2533
6870,63197,en,Megan Is Missing,3.789,2011-05-01,6.271,709
6871,8843,en,The Cell,4.075,2000-08-18,6.266,1555
6872,1537,en,Changing Lanes,3.536,2002-04-07,6.3,1120
6873,301272,it,Let's Go to the Country,3.534,2014-11-06,6.265,447
6874,10483,en,Death Race,3.535,2008-08-22,6.3,3837
6875,10447,en,No Escape,3.53,1994-04-29,6.3,427
6876,7553,en,Waiting...,4.069,2005-10-07,6.262,876
6877,39414,en,Paper Man,3.532,2009-06-15,6.3,335
6878,10188,en,The Sisterhood of the Traveling Pants 2,3.532,2008-08-06,6.3,776
6879,259694,en,How to Be Single,3.829,2016-02-08,6.263,3227
6880,14353,en,Repo! The Genetic Opera,3.532,2008-11-07,6.263,342
6881,9922,en,The Postman,3.531,1997-12-25,6.3,1089
6882,655082,fr,Eiffel,3.547,2021-10-07,6.3,675
6883,571495,it,The Ruthless,3.539,2019-04-08,6.3,412
6884,518452,en,Like Father,3.538,2018-08-03,6.262,668
6885,517302,fi,Hatching,3.55,2022-03-04,6.3,431
6886,455839,en,Time Trap,3.539,2018-06-22,6.262,1171
6887,49021,en,Killer Elite,3.827,2011-09-22,6.262,2153
6888,34813,en,The Losers,3.532,2010-04-23,6.3,1831
6889,1492,en,1492: Conquest of Paradise,3.53,1992-10-09,6.3,845
6890,801071,en,The Jack in the Box: Awakening,3.55,2022-02-24,6.3,358
6891,652483,pt,Airplane Mode,3.54,2020-01-23,6.3,700
6892,20694,en,Rugrats Go Wild,3.531,2003-06-13,6.3,303
6893,14373,en,Death Wish II,3.53,1982-02-20,6.3,477
6894,14326,en,Nights in Rodanthe,3.537,2008-09-26,6.3,595
6895,10410,en,Hoffa,3.53,1992-12-25,6.3,318
6896,6282,en,Coyote Ugly,3.532,2000-07-30,6.3,2111
6897,301355,en,Message from the King,3.537,2017-05-10,6.3,453
6898,24452,en,The Little Shop of Horrors,3.531,1960-08-05,6.3,413
6899,2246,en,Malice,3.53,1993-09-29,6.3,464
6900,457435,fr,Return of the Hero,3.831,2018-02-14,6.259,610
6901,260346,en,Taken 3,6.553,2014-12-16,6.259,5825
6902,168530,en,Ride Along,3.828,2014-01-07,6.259,2275
6903,10743,en,Confidence,3.531,2003-04-25,6.259,446
6904,10307,en,Stigmata,3.781,1999-09-02,6.259,1107
6905,526019,en,Like a Boss,3.79,2020-01-09,6.3,647
6906,525554,fr,The Bouncer,3.538,2018-08-22,6.258,361
6907,305470,en,Power Rangers,3.787,2017-03-23,6.3,4436
6908,182415,it,"White as Milk, Red as Blood",3.533,2013-04-02,6.258,614
6909,10127,en,Critters 2,3.53,1988-04-29,6.3,463
6910,689700,en,Clean,3.548,2022-01-28,6.3,381
6911,452015,ko,Psychokinesis,3.538,2018-01-31,6.257,311
6912,433808,en,The Ritual,3.538,2017-10-11,6.257,3062
6913,82696,en,Hope Springs,3.827,2012-08-07,6.257,777
6914,49022,en,Something Borrowed,3.645,2011-05-05,6.3,1044
6915,11845,en,Intimacy,3.533,2001-01-20,6.3,517
6916,2990,en,Pacific Heights,3.53,1990-09-28,6.3,377
6917,589761,ru,Chernobyl: Abyss,3.55,2021-04-15,6.256,521
6918,246080,en,Black Sea,3.535,2014-12-05,6.3,1110
6919,142320,it,Viva l'Italia,3.533,2012-10-25,6.256,362
6920,11587,en,The Exorcist III,3.53,1990-08-17,6.3,776
6921,2135,en,The Time Machine,4.282,2002-03-04,6.254,2301
6922,736918,en,The Noel Diary,3.555,2022-11-24,6.3,369
6923,461130,en,Code 8,3.541,2019-12-06,6.3,2020
6924,375355,en,Don't Hang Up,3.786,2016-10-22,6.25,541
6925,334521,en,Free Fire,3.535,2017-03-31,6.3,1140
6926,245706,en,True Story,3.534,2015-04-17,6.255,1970
6927,5072,en,Severance,3.536,2006-05-19,6.3,589
6928,446101,en,Assassination Nation,3.575,2018-09-21,6.3,841
6929,291276,en,Unlocked,3.537,2017-04-27,6.3,1109
6930,2619,en,Splash,4.318,1984-03-09,6.253,1376
6931,515841,fr,I Am Not an Easy Man,3.542,2018-04-13,6.3,994
6932,406563,en,Insidious: The Last Key,3.793,2018-01-03,6.253,2935
6933,121734,es,"Tad, the Lost Explorer",3.534,2012-08-10,6.3,572
6934,463821,en,The House with a Clock in Its Walls,3.539,2018-09-15,6.252,2175
6935,158015,en,The Purge,4.117,2013-05-31,6.252,8457
6936,126277,en,American Mary,3.576,2013-01-11,6.252,532
6937,24924,en,Night of the Demons,3.53,1988-10-14,6.3,349
6938,4520,en,Sleuth,3.532,2007-10-12,6.252,540
6939,814800,en,Goodnight Mommy,3.554,2022-09-16,6.251,472
6940,467660,en,Unsane,3.537,2018-03-22,6.3,1524
6941,11484,en,Rollerball,3.53,1975-06-25,6.3,547
6942,345940,en,The Meg,3.81,2018-08-09,6.25,7739
6943,323675,en,Ride Along 2,3.536,2016-01-14,6.25,1696
6944,11702,en,The Replacement Killers,3.531,1998-02-06,6.2,525
6945,606625,en,Follow Me,3.791,2020-07-03,6.246,512
6946,12721,en,"No Retreat, No Surrender",3.567,1986-05-02,6.249,568
6947,11238,en,Aladdin and the King of Thieves,4.074,1996-05-20,6.2,1877
6948,9104,en,Buffalo Soldiers,3.531,2002-10-31,6.2,319
6949,438396,es,Unknown Origins,3.548,2020-08-28,6.248,425
6950,432613,fr,"Marry Me, Dude",3.537,2017-10-25,6.2,974
6951,259695,en,Live by Night,3.535,2016-12-25,6.2,1303
6952,27578,en,The Expendables,4.329,2010-08-03,6.247,7836
6953,9770,en,Mad City,3.568,1997-11-07,6.248,347
6954,9358,en,Final Destination 2,3.821,2003-01-31,6.248,4148
6955,693,en,Meet the Fockers,4.365,2004-12-22,6.247,4824
6956,24124,en,The Burning,3.535,1981-05-08,6.247,409
6957,976734,en,Canary Black,3.715,2024-10-10,6.2,393
6958,21786,no,Cold Prey,3.531,2006-10-13,6.2,411
6959,15037,en,Can't Hardly Wait,3.531,1998-06-12,6.246,532
6960,2332,fr,Taxi 2,3.531,2000-03-25,6.246,1748
6961,1588,en,Bring It On,2.557,2000-08-25,6.246,1718
6962,952701,fr,Return to Seoul,3.555,2022-11-18,6.2,423
6963,254128,en,San Andreas,4.293,2015-05-27,6.245,8639
6964,244458,en,The Voices,3.533,2014-01-19,6.2,1791
6965,11459,en,Sky High,3.532,2005-07-29,6.245,2326
6966,10479,en,Rules of Engagement,3.531,2000-04-07,6.2,719
6967,9705,en,Swordfish,4.366,2001-06-08,6.245,2721
6968,245703,en,Midnight Special,4.286,2016-02-18,6.243,1905
6969,184346,en,Deliver Us from Evil,3.79,2014-07-01,6.243,2074
6970,14844,en,Chasing Liberty,3.531,2004-01-09,6.2,616
6971,8984,en,Disclosure,3.786,1994-12-09,6.246,1194
6972,842942,en,Bandit,3.554,2022-09-23,6.2,346
6973,296065,en,Last Shift,3.541,2014-10-25,6.243,615
6974,116741,en,The Internship,0.189,2013-06-07,6.2,4197
6975,5172,en,The Astronaut Farmer,3.532,2007-02-23,6.2,344
6976,833097,en,Falling for Christmas,3.594,2022-11-10,6.2,815
6977,502682,en,Book Club,3.576,2018-05-18,6.242,791
6978,38167,en,Eat Pray Love,3.827,2010-08-12,6.242,2460
6979,16325,en,Echelon Conspiracy,3.532,2009-02-27,6.2,455
6980,15969,en,The Return of Jafar,4.037,1994-05-20,6.2,3364
6981,10730,en,King Kong,3.53,1976-09-08,6.2,850
6982,3040,ru,Night Watch,3.781,2004-07-08,6.241,739
6983,1248,en,Hannibal Rising,0.845,2007-02-06,6.241,2243
6984,599975,en,Countdown,3.579,2019-10-24,6.24,2146
6985,351809,es,To Steal from a Thief,3.535,2016-03-03,6.24,369
6986,146239,en,Delivery Man,3.576,2013-10-10,6.2,1494
6987,970450,en,Werewolves,4.686,2024-12-04,6.239,327
6988,14208,en,The Librarian: Return to King Solomon's Mines,3.531,2006-09-09,6.2,581
6989,13190,en,Dead Space: Downfall,3.532,2008-10-27,6.2,350
6990,12103,en,Don't Say a Word,3.532,2001-09-28,6.2,920
6991,11862,en,Father of the Bride Part II,4.03,1995-12-08,6.234,744
6992,10521,en,Bride Wars,3.57,2009-01-09,6.239,3049
6993,4959,en,The International,3.532,2009-02-03,6.2,1279
6994,2284,en,Mr. Magorium's Wonder Emporium,3.532,2007-11-14,6.239,1255
6995,990691,da,Loving Adults,3.553,2022-08-26,6.238,313
6996,2770,en,American Pie 2,4.366,2001-08-10,6.238,4970
6997,141043,en,A Long Way Down,3.534,2014-03-20,6.2,885
6998,10498,en,Point of No Return,3.53,1993-03-19,6.2,701
6999,507,en,Killing Zoe,3.824,1993-10-01,6.237,340
7000,79548,en,Gone,3.821,2012-02-23,6.235,1151
7001,58233,en,Johnny English Reborn,4.034,2011-09-15,6.234,3338
7002,9686,en,New York Stories,3.53,1989-03-10,6.2,377
7003,9598,en,Babe,4.074,1995-07-18,6.234,2925
7004,5968,en,The Woman in Red,3.53,1984-08-15,6.2,516
7005,644092,en,Finding ʻOhana,3.544,2021-01-29,6.2,416
7006,627290,en,Antebellum,3.543,2020-09-02,6.234,921
7007,516329,en,Antlers,3.547,2021-10-28,6.2,1115
7008,425980,en,Brad's Status,3.537,2017-09-14,6.2,408
7009,52015,en,Stake Land,3.532,2010-09-30,6.2,800
7010,457041,en,Elizabeth Harvest,3.538,2018-08-10,6.2,344
7011,371560,en,The Eyes of My Mother,3.535,2016-12-02,6.2,318
7012,291351,en,The Sea of Trees,3.535,2016-04-27,6.233,508
7013,268531,en,Captain Underpants: The First Epic Movie,3.539,2017-06-01,6.233,1229
7014,188222,en,Entourage,6.118,2015-06-03,6.233,1026
7015,11342,en,Warlock,3.53,1989-06-01,6.2,395
7016,9828,en,Unknown,3.532,2006-11-03,6.2,427
7017,707,en,A View to a Kill,3.825,1985-05-24,6.233,2000
7018,510388,en,Villains,3.54,2019-09-20,6.232,423
7019,338676,en,Extinction,3.822,2015-08-07,6.232,691
7020,88794,en,J. Edgar,3.828,2011-11-09,6.232,2442
7021,49494,en,The Eagle,3.827,2011-02-08,6.232,1317
7022,409297,en,A Dark Song,3.535,2016-07-08,6.231,476
7023,153518,en,The Angry Birds Movie,4.043,2016-05-11,6.231,3707
7024,30874,it,The New York Ripper,3.535,1982-03-04,6.231,301
7025,13934,en,Mater and the Ghostlight,3.568,2006-07-27,6.231,449
7026,9801,en,Bridget Jones: The Edge of Reason,4.364,2004-11-10,6.23,2854
7027,536437,en,Hypnotic,4.101,2023-05-11,6.229,1262
7028,209262,en,Parkland,3.533,2013-10-02,6.2,365
7029,10982,en,Hoodwinked!,3.57,2005-12-16,6.23,1772
7030,1041613,en,Immaculate,3.899,2024-03-20,6.2,1363
7031,526007,en,The Night Clerk,3.871,2020-02-19,6.2,819
7032,77950,en,Turbo,3.572,2013-07-11,6.229,3400
7033,22907,en,Takers,3.533,2010-08-26,6.2,1283
7034,15158,en,Phantasm II,3.53,1988-07-08,6.2,353
7035,9604,en,Red Heat,3.531,1988-06-17,6.2,1467
7036,513268,en,Body Cam,3.541,2020-05-19,6.228,355
7037,503736,en,Army of the Dead,4.052,2021-05-14,6.227,4083
7038,49040,en,The Bourne Legacy,4.329,2012-08-08,6.227,5740
7039,41210,en,The Switch,3.864,2010-05-11,6.227,1906
7040,23759,en,Centurion,3.532,2010-02-15,6.2,1427
7041,12253,en,Biker Boyz,3.531,2003-01-31,6.2,365
7042,3604,en,Flash Gordon,3.53,1980-09-01,6.227,990
7043,2577,en,Code 46,3.531,2003-09-02,6.2,350
7044,1844,en,Entrapment,4.113,1999-04-29,6.225,2045
7045,592480,fr,Alice and the Mayor,3.539,2019-05-18,6.2,323
7046,516700,id,Gundala,1.983,2019-08-29,6.226,321
7047,486101,it,There's No Place Like Home,3.537,2018-02-14,6.226,720
7048,10225,en,Friday the 13th Part VI: Jason Lives,3.781,1986-08-01,6.2,1205
7049,196867,en,Annie,5.681,2014-12-18,6.2,1285
7050,48395,fi,Rare Exports: A Christmas Tale,3.533,2010-12-03,6.2,587
7051,43933,en,Monsters,3.533,2010-06-18,6.2,1609
7052,10657,en,Needful Things,3.53,1993-08-27,6.2,551
7053,9991,en,Mean Machine,3.531,2001-12-26,6.2,579
7054,9872,en,Explorers,3.53,1985-07-12,6.2,459
7055,384371,fr,Roommates Wanted,3.829,2016-04-20,6.224,359
7056,60935,en,The Thing,3.534,2011-10-12,6.223,2965
7057,8656,en,Deep Impact,4.07,1998-05-08,6.223,3025
7058,919952,it,The Great Day,3.812,2022-12-22,6.223,341
7059,592695,sv,Pleasure,3.782,2021-10-08,6.223,597
7060,329004,en,The Survivalist,3.572,2015-04-15,6.2,334
7061,58151,en,Fright Night,3.784,2011-08-18,6.223,1949
7062,52505,en,The Other Woman,3.533,2010-10-28,6.2,393
7063,35552,fr,The Extraordinary Adventures of Adèle Blanc-Sec,3.532,2010-04-09,6.2,1369
7064,33217,en,Diary of a Wimpy Kid,3.533,2010-03-19,6.223,1614
7065,8851,en,The Blob,3.568,1958-09-10,6.2,614
7066,2086,en,Nick of Time,3.53,1995-11-22,6.2,736
7067,1727,en,Bird on a Wire,4.324,1990-05-18,6.22,947
7068,178,en,Blown Away,3.567,1994-07-01,6.2,559
7069,441701,es,Veronica,3.54,2017-08-25,6.2,1747
7070,369300,en,The Limehouse Golem,3.535,2016-10-18,6.2,646
7071,109414,en,This Is the End,4.585,2013-06-12,6.222,6444
7072,37834,en,Knight and Day,4.327,2010-06-15,6.22,4547
7073,17466,en,Death Warrant,3.53,1990-09-14,6.2,568
7074,13313,en,Beauty and the Beast: The Enchanted Christmas,3.534,1997-11-11,6.222,1037
7075,11169,en,Spartan,3.531,2004-03-12,6.2,381
7076,582570,en,Sextuplets,3.539,2019-08-16,6.221,846
7077,347375,en,Mile 22,3.539,2018-08-16,6.221,2244
7078,9962,en,The Good Girl,3.531,2002-01-12,6.2,636
7079,4911,en,Dark Blue,3.531,2002-12-14,6.2,335
7080,984324,fr,The Wages of Fear,3.602,2024-03-28,6.2,452
7081,800510,en,Kimi,3.55,2022-02-10,6.217,895
7082,721625,en,Songbird,3.542,2020-12-10,6.2,748
7083,9968,en,The Big White,3.531,2005-10-27,6.2,300
7084,9885,en,Wolf Creek,3.531,2005-09-16,6.2,1185
7085,9061,en,Just Cause,3.535,1995-02-17,6.2,564
7086,298250,en,Jigsaw,3.863,2017-10-25,6.219,3723
7087,10523,en,W.,3.532,2008-10-17,6.2,632
7088,4379,en,Monster-in-Law,3.571,2005-05-13,6.218,1674
7089,15512,en,Monsters vs Aliens,4.286,2009-03-19,6.217,4681
7090,14008,en,Cadet Kelly,3.531,2002-03-07,6.2,584
7091,13474,en,P2,3.82,2007-11-09,6.219,849
7092,181533,en,Night at the Museum: Secret of the Tomb,6.913,2014-12-17,6.216,5929
7093,159117,en,V/H/S/2,3.535,2013-06-06,6.217,1074
7094,11598,en,The Kentucky Fried Movie,3.53,1977-08-10,6.2,320
7095,1724,en,The Incredible Hulk,4.431,2008-06-12,6.217,11943
7096,597433,it,Beckett,3.546,2021-08-04,6.2,667
7097,428078,en,Mortal Engines,4.29,2018-11-27,6.215,4753
7098,13637,ja,Sukiyaki Western Django,3.532,2007-09-15,6.2,338
7099,11976,en,Legend,3.53,1985-08-28,6.2,1244
7100,8273,en,American Wedding,4.578,2003-08-01,6.215,4126
7101,2082,en,Halloween,3.57,2007-08-31,6.2,2385
7102,1845,en,2 Days in Paris,3.533,2007-02-09,6.2,384
7103,26320,en,Taking Woodstock,3.782,2009-08-26,6.215,442
7104,9804,en,Waterworld,4.281,1995-07-28,6.214,3748
7105,9355,en,Mad Max Beyond Thunderdome,3.825,1985-06-29,6.215,2972
7106,586451,en,Blow the Man Down,3.539,2019-04-26,6.214,306
7107,82532,en,"Jeff, Who Lives at Home",3.533,2012-03-16,6.2,637
7108,27274,en,Frankenhooker,3.535,1990-06-01,6.214,325
7109,293768,en,Kidnap,3.537,2017-08-03,6.2,1275
7110,13888,en,Return to the Blue Lagoon,3.531,1991-08-02,6.213,1188
7111,13811,en,Knowing,4.323,2009-03-19,6.212,5393
7112,9986,en,Charlotte's Web,3.57,2006-12-07,6.213,1379
7113,449563,en,Isn't It Romantic,3.539,2019-02-13,6.212,3489
7114,80585,en,Rock of Ages,3.534,2012-06-13,6.2,1270
7115,69798,en,The Inbetweeners Movie,3.571,2011-08-19,6.212,917
7116,10303,en,The Jewel of the Nile,4.324,1985-08-01,6.2,1170
7117,9024,en,For Love or Money,3.53,1993-10-01,6.2,359
7118,17339,en,Force 10 from Navarone,3.78,1978-08-16,6.217,309
7119,11823,en,Wimbledon,3.536,2004-09-13,6.211,1011
7120,467,en,The Hole,3.825,2001-04-20,6.211,828
7121,1059064,en,The Instigators,3.634,2024-08-02,6.21,453
7122,32657,en,Percy Jackson & the Olympians: The Lightning Thief,4.087,2010-02-01,6.21,7524
7123,27374,en,Lake Mungo,3.532,2009-07-30,6.2,564
7124,680593,en,The Dark and the Wicked,3.543,2020-04-16,6.2,462
7125,267860,en,London Has Fallen,4.325,2016-03-02,6.207,4769
7126,138103,en,The Expendables 3,3.831,2014-08-07,6.209,5037
7127,109439,en,The Hangover Part III,4.194,2013-05-23,6.209,8751
7128,38356,en,Transformers: Dark of the Moon,1.032,2011-06-28,6.209,8424
7129,19457,en,The Yards,3.825,2000-04-27,6.209,461
7130,11591,en,The Man with Two Brains,3.53,1983-06-10,6.2,435
7131,9620,en,Paycheck,3.781,2003-12-25,6.209,1835
7132,84194,en,Excision,3.533,2012-09-12,6.2,553
7133,17182,en,Eye for an Eye,3.78,1996-01-12,6.21,390
7134,763149,en,Aftermath,3.546,2021-08-04,6.207,622
7135,9619,en,Dante's Peak,3.53,1997-02-07,6.207,1889
7136,506072,en,Prospect,3.575,2018-10-02,6.204,854
7137,253835,en,Los Bandoleros,0.151,2009-07-28,6.2,362
7138,76812,en,Black Butterfly,3.537,2017-05-26,6.206,537
7139,624963,en,A Babysitter's Guide to Monster Hunting,3.542,2020-10-14,6.2,303
7140,302156,en,Criminal,3.786,2016-04-07,6.205,1756
7141,18462,en,Night of the Comet,3.53,1984-11-16,6.2,386
7142,11966,en,Short Circuit 2,4.035,1988-07-06,6.2,603
7143,9805,de,(T)Raumschiff Surprise - Periode 1,3.531,2004-07-14,6.2,506
7144,9102,en,Screamers,3.53,1995-09-08,6.2,541
7145,2637,en,The Mothman Prophecies,3.532,2002-01-25,6.2,1137
7146,774741,en,Diary of a Wimpy Kid,3.549,2021-12-02,6.204,356
7147,19165,en,The Land Before Time V: The Mysterious Island,3.531,1997-09-12,6.2,319
7148,11431,en,Fever Pitch,3.531,2005-04-06,6.2,710
7149,9688,en,Melinda and Melinda,3.531,2004-12-22,6.2,464
7150,7552,en,Fun with Dick and Jane,3.531,2005-12-21,6.2,2471
7151,859235,fr,Coup de Chance,3.571,2023-09-15,6.2,377
7152,330112,en,Ashby,3.784,2015-04-19,6.202,447
7153,24021,en,The Twilight Saga: Eclipse,4.124,2010-06-23,6.203,8842
7154,23082,en,The Invention of Lying,4.321,2009-10-02,6.202,2152
7155,17281,en,Gigi,3.531,1958-05-15,6.2,322
7156,9611,en,Romy and Michele's High School Reunion,3.53,1997-04-25,6.2,535
7157,9285,en,Road Trip,4.282,2000-05-19,6.203,1979
7158,747687,it,The Catholic School,3.547,2021-10-07,6.2,420
7159,24873,en,Death Wish 3,3.53,1985-11-01,6.2,429
7160,14444,en,The Rugrats Movie,4.031,1998-11-20,6.194,586
7161,127521,en,6 Bullets,3.533,2012-09-11,6.2,360
7162,860623,en,Last Man Down,3.55,2021-03-30,6.2,678
7163,74725,en,Kill List,3.534,2011-09-02,6.2,786
7164,9398,en,Zoolander,4.365,2001-09-28,6.199,4537
7165,7942,en,Run Fatboy Run,3.532,2007-09-06,6.2,691
7166,76493,en,The Dictator,4.828,2012-05-15,6.2,5950
7167,56909,it,The Immature,3.532,2011-01-21,6.199,782
7168,17494,en,Unlawful Entry,3.53,1992-06-26,6.2,307
7169,11860,en,Sabrina,3.53,1995-12-15,6.2,635
7170,10033,en,Just Friends,3.536,2005-11-23,6.2,1625
7171,9836,en,Happy Feet,4.075,2006-11-16,6.199,5156
7172,1370,en,Rambo III,3.787,1988-05-24,6.199,3218
7173,12154,en,3 Men and a Baby,3.541,1987-11-27,6.2,1015
7174,9369,de,Asterix Conquers America,3.53,1994-09-29,6.2,599
7175,660982,en,American Pie Presents: Girls' Rules,3.546,2020-10-06,6.2,651
7176,520023,en,Bodies Bodies Bodies,3.554,2022-08-05,6.197,1239
7177,4507,es,Jamon Jamon,3.53,1992-09-03,6.2,358
7178,891699,en,Silent Night,3.578,2023-11-30,6.2,790
7179,487297,en,What Men Want,3.541,2019-02-08,6.196,1471
7180,485894,it,Naples in Veils,3.787,2017-12-28,6.2,456
7181,339994,en,The Good Neighbor,3.785,2016-09-16,6.188,449
7182,287903,en,Krampus,3.542,2015-11-26,6.2,2239
7183,50619,en,The Twilight Saga: Breaking Dawn - Part 1,4.134,2011-11-16,6.195,8852
7184,23629,en,Sucker Punch,3.533,2011-03-24,6.2,4764
7185,9694,ja,One Missed Call,3.531,2003-11-03,6.2,423
7186,9080,en,Spies Like Us,3.53,1985-12-06,6.2,637
7187,11665,en,Get Smart,4.32,2008-06-19,6.195,3622
7188,11137,en,The Prince & Me,3.568,2004-03-28,6.195,1006
7189,8373,en,Transformers: Revenge of the Fallen,1.1,2009-06-19,6.195,8621
7190,393717,fr,The Crew,3.535,2016-05-04,6.2,335
7191,6341,en,Blue Thunder,3.53,1983-02-05,6.2,487
7192,2114,en,Final Fantasy: The Spirits Within,4.325,2001-07-02,6.194,1482
7193,460885,en,Mandy,3.826,2018-09-13,6.2,1939
7194,279690,en,He Never Died,3.54,2015-12-18,6.193,484
7195,199928,en,The Outsider,3.537,2018-03-09,6.2,651
7196,12538,en,Senseless,3.531,1998-02-20,6.193,366
7197,11824,en,Teen Wolf,3.786,1985-08-23,6.193,1166
7198,6278,en,Reign of Fire,3.782,2002-07-09,6.195,2274
7199,218778,en,"Alexander and the Terrible, Horrible, No Good, Very Bad Day",3.534,2014-10-08,6.192,1341
7200,11931,en,In Her Shoes,3.818,2005-10-07,6.192,1206
7201,19164,en,The Land Before Time IV: Journey Through the Mists,3.53,1996-11-01,6.2,337
7202,11896,en,Throw Momma from the Train,3.53,1987-12-11,6.191,581
7203,401478,en,Death Race: Beyond Anarchy,3.544,2018-10-02,6.2,339
7204,87826,en,Here Comes the Boom,3.83,2012-10-10,6.19,1466
7205,85872,fr,Le Chef,3.539,2012-03-07,6.189,600
7206,64686,en,47 Ronin,4.283,2013-12-06,6.187,3871
7207,41479,en,The Joneses,3.532,2010-04-16,6.2,596
7208,11683,en,Land of the Dead,3.531,2005-06-18,6.2,1613
7209,449562,en,The Hustle,3.614,2019-05-09,6.188,2532
7210,1019420,en,Irish Wish,3.881,2024-03-14,6.2,450
7211,694234,it,Under the Riccione Sun,3.541,2020-07-01,6.2,554
7212,195589,en,Neighbors,3.874,2014-05-08,6.187,6969
7213,75638,en,Red Lights,4.078,2012-03-02,6.187,1271
7214,228967,en,The Interview,6.122,2014-12-25,6.185,5857
7215,157851,en,Maps to the Stars,3.534,2014-05-21,6.2,1081
7216,69668,en,Dream House,3.534,2011-09-29,6.2,1360
7217,20235,en,Belle's Magical World,3.531,1998-02-16,6.2,467
7218,9725,en,Friday the 13th Part 2,3.574,1981-05-01,6.2,1710
7219,2662,en,House of 1000 Corpses,3.568,2003-04-11,6.2,1622
7220,585759,en,The Coldest Game,3.54,2019-11-08,6.2,306
7221,459910,en,Braven,3.537,2018-02-01,6.2,1031
7222,455236,en,Accident Man,3.537,2018-02-06,6.2,510
7223,258363,en,Desierto,3.534,2015-04-12,6.185,370
7224,814889,en,Never Let Go,3.669,2024-09-18,6.2,378
7225,85373,en,StreetDance 2,3.533,2012-03-30,6.184,381
7226,50479,en,Avalon High,3.538,2011-01-28,6.2,557
7227,37710,en,The Tourist,3.832,2010-12-08,6.2,5452
7228,395990,en,Death Wish,3.537,2018-03-02,6.183,2585
7229,335778,en,Risen,3.536,2016-02-18,6.2,837
7230,218836,en,Planes: Fire & Rescue,3.534,2014-07-17,6.183,857
7231,9621,en,Elizabethtown,3.606,2005-10-14,6.183,1115
7232,11418,en,National Lampoon's European Vacation,4.041,1985-07-25,6.178,891
7233,11164,en,D2: The Mighty Ducks,3.53,1994-03-25,6.2,607
7234,227159,en,Horrible Bosses 2,6.473,2014-11-12,6.18,4169
7235,14061,en,The Edge of Love,3.575,2008-06-20,6.2,373
7236,841,en,Dune,4.04,1984-12-14,6.182,3136
7237,197796,fr,Beauty and the Beast,3.536,2014-02-12,6.2,2054
7238,9541,en,Jersey Girl,3.531,2004-03-25,6.2,1055
7239,750253,en,My Son,3.546,2021-09-23,6.2,469
7240,133931,en,Zambezia,3.533,2012-06-05,6.2,304
7241,59962,en,This Means War,3.865,2012-02-14,6.179,3413
7242,46529,en,I Am Number Four,3.534,2011-02-18,6.2,4707
7243,11699,en,Bad Lieutenant: Port of Call - New Orleans,3.532,2009-09-11,6.2,1149
7244,11017,en,Billy Madison,4.031,1995-02-10,6.177,1664
7245,309886,en,Blood Father,3.535,2016-08-11,6.2,1538
7246,454294,en,The Kid Who Would Be King,3.539,2019-01-16,6.177,765
7247,338947,en,Hellraiser,3.554,2022-09-28,6.2,855
7248,227300,en,Stretch,2.35,2014-10-14,6.2,660
7249,43930,en,"Tomorrow, When the War Began",3.532,2010-08-08,6.177,506
7250,11357,en,Halloween 4: The Return of Michael Myers,3.607,1988-10-21,6.2,1934
7251,9899,en,The Producers,3.531,2005-12-25,6.2,470
7252,9573,en,Blood Work,3.532,2002-08-09,6.177,826
7253,8090,en,Untraceable,3.532,2008-01-22,6.2,902
7254,760926,en,Gold,3.804,2022-01-13,6.176,598
7255,8688,en,Snake Eyes,3.532,1998-08-07,6.2,1373
7256,89185,en,Radio Rebel,3.57,2012-06-09,6.175,822
7257,55846,en,Blitz,3.826,2011-05-20,6.175,1665
7258,6552,en,Idle Hands,3.531,1999-04-30,6.2,673
7259,4477,en,The Devil's Own,3.531,1997-03-13,6.2,1237
7260,219572,zh,Police Story: Lockdown,3.533,2013-12-24,6.2,377
7261,20701,en,Tales from the Darkside: The Movie,3.53,1990-05-03,6.2,380
7262,1497,en,Teenage Mutant Ninja Turtles II: The Secret of the Ooze,3.568,1991-03-22,6.174,1152
7263,399031,fr,Happy End,3.537,2017-06-21,6.2,393
7264,87496,en,The Company You Keep,3.827,2012-12-20,6.173,707
7265,54004,en,Passport to Paris,3.542,1999-11-09,6.173,303
7266,81390,en,A Lonely Place to Die,3.532,2011-04-09,6.2,585
7267,65759,en,Happy Feet Two,3.535,2011-11-17,6.172,1630
7268,8978,en,Assault on Precinct 13,3.825,2005-01-19,6.172,1105
7269,390061,en,Mark Felt: The Man Who Brought Down the White House,3.537,2017-09-28,6.2,509
7270,326285,en,American Pastoral,3.535,2016-10-20,6.2,701
7271,94562,de,Turkish for Beginners,3.539,2012-03-14,6.171,360
7272,157825,en,White Bird in a Blizzard,3.534,2014-08-14,6.2,732
7273,136418,en,Hummingbird,3.827,2013-05-07,6.169,1725
7274,61717,en,Wendy Wu: Homecoming Warrior,3.531,2006-06-16,6.2,421
7275,698,en,Moonraker,3.825,1979-06-26,6.169,2009
7276,692,en,Pink Flamingos,3.531,1972-03-17,6.2,503
7277,13499,en,"Yours, Mine & Ours",3.531,2005-11-23,6.2,839
7278,11025,en,New York Minute,3.536,2004-05-07,6.168,892
7279,9457,en,Deep Rising,3.781,1998-01-30,6.168,722
7280,674607,fr,The Decline,3.54,2020-02-27,6.2,419
7281,264999,en,Magic Mike XXL,3.573,2015-07-01,6.167,1787
7282,18781,en,The Haunting in Connecticut,3.532,2009-03-27,6.2,1113
7283,1634,en,Free Willy,3.817,1993-07-16,6.2,1828
7284,391714,en,On Chesil Beach,3.537,2018-01-19,6.2,365
7285,8916,en,Antz,4.394,1998-10-02,6.2,4504
7286,822119,en,Captain America: Brave New World,24.033,2025-02-12,6.174,1001
7287,530382,en,In the Shadow of the Moon,3.79,2019-09-27,6.165,1432
7288,411143,en,Tau,3.538,2018-06-29,6.2,1276
7289,340481,fr,The Unknown Girl,3.535,2016-10-05,6.2,394
7290,324807,en,A Bigger Splash,3.54,2015-11-26,6.2,771
7291,11353,en,Bowfinger,4.031,1999-08-12,6.163,867
7292,10632,en,The Hunted,3.531,2003-03-11,6.165,830
7293,748230,en,Salem's Lot,3.927,2024-10-03,6.168,467
7294,178915,it,Welcome Mr. President!,3.533,2013-03-21,6.164,686
7295,9889,en,Shallow Hal,4.068,2001-11-01,6.163,2922
7296,5689,en,The Blue Lagoon,3.535,1980-07-05,6.164,1858
7297,296,en,Terminator 3: Rise of the Machines,4.578,2003-07-02,6.163,6728
7298,419479,en,The Babysitter,3.581,2017-10-13,6.163,3649
7299,152792,en,Devil's Knot,3.533,2013-05-09,6.2,663
7300,77951,en,Walking with Dinosaurs,3.534,2013-12-18,6.163,478
7301,11917,en,Saw V,3.609,2008-10-23,6.2,3551
7302,848791,en,The Stranger,3.554,2022-10-06,6.162,330
7303,704239,en,The Union,3.897,2024-08-15,6.159,950
7304,419831,en,I Kill Giants,3.537,2017-11-15,6.2,1184
7305,77930,en,Magic Mike,3.609,2012-06-28,6.2,2957
7306,13969,en,First Daughter,3.819,2004-09-24,6.2,941
7307,12593,en,Fritz the Cat,3.53,1972-04-12,6.2,340
7308,11707,en,Tightrope,3.535,1984-08-17,6.2,356
7309,1129598,en,Prey,3.695,2024-03-15,6.2,309
7310,531509,en,Otherhood,3.539,2019-08-13,6.2,453
7311,209247,en,The Art of the Steal,3.533,2013-09-20,6.16,565
7312,19004,en,The Land Before Time III: The Time of the Great Giving,3.53,1995-03-16,6.2,385
7313,59570,it,Escort in Love,3.532,2011-03-18,6.2,618
7314,21845,en,Rookie of the Year,3.53,1993-07-07,6.2,359
7315,13926,en,Red's Dream,3.535,1987-07-10,6.159,336
7316,12262,en,The Hills Have Eyes,3.53,1977-07-22,6.2,904
7317,11355,en,Never Been Kissed,3.532,1999-04-09,6.2,1495
7318,10589,en,After the Sunset,3.781,2004-11-12,6.2,768
7319,663,en,Saw IV,3.533,2007-10-25,6.2,3828
7320,516632,en,The Empty Man,3.55,2020-10-22,6.2,869
7321,403587,en,Return,3.598,1985-10-31,6.158,2403
7322,102362,en,Dead Man Down,3.827,2013-03-08,6.158,1463
7323,22327,en,Youth in Revolt,3.532,2009-09-11,6.2,917
7324,9641,en,Cheaper by the Dozen 2,3.781,2005-12-21,6.16,1995
7325,9039,en,Trapped,3.781,2002-09-20,6.159,577
7326,668195,it,Ultras,3.541,2020-03-09,6.157,419
7327,399790,en,Churchill,3.537,2017-05-25,6.157,308
7328,369894,en,Wakefield,3.537,2017-05-19,6.157,412
7329,98567,cn,Chinese Zodiac,3.533,2012-12-20,6.2,823
7330,10070,en,Feast,3.531,2005-10-14,6.2,550
7331,9257,en,S.W.A.T.,3.532,2003-08-08,6.2,2524
7332,8078,en,Alien Resurrection,4.207,1997-11-12,6.157,5075
7333,1688,en,Conquest of the Planet of the Apes,3.875,1972-06-29,6.157,988
7334,58431,en,Pride and Prejudice and Zombies,3.786,2016-02-04,6.156,2185
7335,11415,en,House,3.605,1985-12-06,6.2,572
7336,7007,en,Rising Sun,3.53,1993-07-30,6.156,762
7337,45658,en,Everything Must Go,3.532,2011-05-13,6.2,611
7338,9280,en,Femme Fatale,3.537,2002-04-30,6.2,605
7339,242022,en,The Inbetweeners 2,3.572,2014-08-06,6.154,497
7340,126889,en,Alien: Covenant,3.883,2017-05-09,6.155,8797
7341,14819,en,Heavyweights,3.53,1995-02-17,6.2,377
7342,14709,en,Varsity Blues,3.531,1999-01-15,6.2,421
7343,823625,en,Blacklight,3.549,2022-02-10,6.153,1143
7344,400106,en,Bright,3.538,2017-12-22,6.2,5698
7345,306943,en,The Outcasts,3.535,2017-04-14,6.2,491
7346,11384,en,The Hard Way,3.53,1991-03-08,6.2,433
7347,7484,en,Open Season,4.037,2006-09-27,6.149,2781
7348,286565,en,Paper Towns,3.784,2015-06-18,6.151,5068
7349,72545,en,Journey 2: The Mysterious Island,3.537,2012-01-19,6.2,4295
7350,49520,en,The Change-Up,3.866,2011-08-05,6.151,2786
7351,12707,en,Orca,3.53,1977-07-22,6.2,411
7352,12145,en,Fierce Creatures,3.53,1997-01-23,6.151,354
7353,10739,en,Anything Else,3.783,2003-08-27,6.151,619
7354,10489,en,Cujo,3.53,1983-08-10,6.2,1030
7355,10025,en,Just My Luck,3.568,2006-05-12,6.2,1912
7356,9545,en,Sniper,3.536,1993-01-29,6.15,426
7357,8247,en,Jumper,3.785,2008-02-13,6.151,5835
7358,2269,ru,Day Watch,3.781,2006-01-01,6.151,540
7359,489243,en,The Hummingbird Project,3.539,2019-03-15,6.2,354
7360,47533,en,Scooby-Doo! Curse of the Lake Monster,3.782,2010-10-16,6.15,515
7361,11234,en,The Omega Man,3.53,1971-08-01,6.2,557
7362,9594,en,Double Impact,3.782,1991-07-31,6.2,1088
7363,8592,en,Dick Tracy,3.531,1990-04-05,6.2,949
7364,2768,en,American Gigolo,3.53,1980-02-01,6.2,670
7365,331,en,Jurassic Park III,0.201,2001-07-18,6.2,7254
7366,582596,en,The Wrong Missy,3.798,2020-05-13,6.147,1196
7367,516850,ru,The Mermaid: Lake of the Dead,3.538,2018-07-12,6.1,333
7368,387592,en,Early Man,3.537,2018-01-26,6.149,808
7369,184345,en,A Haunted House 2,3.794,2014-04-17,6.148,1476
7370,31578,en,Body Bags,3.53,1993-08-08,6.1,336
7371,11557,en,St. Elmo's Fire,3.536,1985-06-28,6.148,549
7372,10929,en,Willard,3.531,2003-03-14,6.148,331
7373,6963,en,The Weather Man,3.531,2005-10-20,6.1,985
7374,492353,it,Put Grandma in the Freezer,3.537,2018-03-15,6.147,703
7375,225565,en,That Awkward Moment,3.533,2014-01-29,6.1,2653
7376,38543,en,Ironclad,3.532,2011-03-03,6.1,744
7377,11286,en,The Cannonball Run,3.53,1981-06-19,6.147,638
7378,272548,en,Moonwalkers,3.534,2015-03-14,6.146,370
7379,13757,en,Melody Time,3.531,1948-05-27,6.1,319
7380,13532,en,Fanboys,3.533,2009-02-06,6.1,834
7381,9506,en,Anger Management,4.069,2003-04-11,6.145,3189
7382,1809,en,The Rules of Attraction,3.781,2002-10-11,6.146,554
7383,518158,en,Leprechaun Returns,3.538,2018-12-11,6.1,632
7384,464737,it,The End?,3.537,2017-08-14,6.1,382
7385,13387,en,Transporter 3,3.57,2008-11-26,6.1,3413
7386,11351,en,Jeepers Creepers 2,3.577,2003-08-08,6.145,1676
7387,10468,en,28 Days,3.818,2000-04-06,6.1,1009
7388,10202,en,Bedtime Stories,3.533,2008-12-24,6.145,2842
7389,446807,en,The Girl in the Spider's Web,3.538,2018-10-25,6.144,1382
7390,341006,en,The Belko Experiment,3.536,2016-03-17,6.1,1499
7391,34806,en,The Back-Up Plan,3.65,2010-04-23,6.1,1417
7392,10065,en,The Amityville Horror,3.533,2005-04-14,6.1,2203
7393,1685,en,Beneath the Planet of the Apes,3.832,1970-04-23,6.144,1351
7394,509585,en,7500,3.578,2019-12-26,6.143,854
7395,59968,en,Our Idiot Brother,3.533,2011-08-26,6.1,977
7396,13595,en,Airheads,4.03,1994-08-05,6.141,745
7397,5971,en,We're No Angels,3.53,1989-06-02,6.1,504
7398,1032950,pl,Hellhole,3.805,2022-10-26,6.1,321
7399,454293,en,Night School,3.538,2018-09-27,6.142,1681
7400,25602,en,Ninja,3.532,2010-03-15,6.1,353
7401,13220,en,Splinter,3.533,2008-10-31,6.1,706
7402,11892,en,Murder by Numbers,3.818,2002-04-19,6.1,1039
7403,10781,en,The Texas Chainsaw Massacre: The Beginning,3.568,2006-10-05,6.142,1816
7404,10345,en,K-9,3.535,1989-04-28,6.142,977
7405,4722,en,Body Snatchers,3.53,1993-06-09,6.1,430
7406,18360,en,Night at the Museum: Battle of the Smithsonian,4.365,2009-05-20,6.141,6923
7407,10836,en,Dagon,3.531,2001-10-12,6.1,419
7408,333381,en,Return to Sender,3.534,2015-05-31,6.1,1207
7409,13492,fr,Frontier(s),3.532,2007-07-01,6.1,734
7410,272692,en,The Possession of Michael King,3.536,2014-08-14,6.1,395
7411,23049,en,My Life in Ruins,3.532,2009-06-05,6.1,417
7412,13673,en,Christmas with the Kranks,3.532,2004-11-24,6.139,1202
7413,13455,en,Push,3.533,2009-02-04,6.1,2291
7414,11983,en,Proof of Life,3.531,2000-12-08,6.1,806
7415,113148,en,Prince Avalanche,3.533,2013-02-13,6.138,300
7416,49013,en,Cars 2,4.296,2011-06-11,6.137,7913
7417,10425,en,The Death and Life of Bobby Z,3.532,2007-07-23,6.1,374
7418,1852,en,World Trade Center,3.531,2006-08-09,6.1,1672
7419,1620,en,Hitman,3.577,2007-11-21,6.138,3377
7420,473149,en,Traffik,3.538,2018-04-20,6.137,456
7421,157820,fr,Mood Indigo,3.783,2013-01-10,6.137,616
7422,109443,en,Anchorman 2: The Legend Continues,4.076,2013-12-18,6.1,2619
7423,10185,en,The Midnight Meat Train,3.533,2008-08-07,6.1,1141
7424,606876,en,Rifkin’s Festival,3.792,2020-10-01,6.139,436
7425,532671,en,The Prodigy,3.539,2019-02-06,6.1,986
7426,12526,en,Bug,3.532,2007-02-21,6.1,555
7427,8067,en,A Life Less Ordinary,4.286,1997-10-24,6.129,461
7428,2058,en,Addicted to Love,3.53,1997-05-23,6.1,416
7429,299054,en,Expend4bles,3.626,2023-09-15,6.1,1628
7430,109418,en,Grown Ups 2,4.139,2013-07-11,6.135,4392
7431,97370,en,Under the Skin,3.823,2014-03-14,6.135,3494
7432,65086,en,The Woman in Black,3.828,2012-02-03,6.135,3483
7433,47971,en,xXx: Return of Xander Cage,4.045,2017-01-13,6.135,8997
7434,10832,fr,Them,3.568,2006-07-19,6.1,539
7435,643532,en,The Card Counter,3.546,2021-09-03,6.1,981
7436,268896,en,Pacific Rim: Uprising,3.788,2018-03-21,6.134,5013
7437,114750,en,Dear White People,3.534,2014-10-17,6.1,458
7438,4599,en,Raising Helen,3.568,2004-05-27,6.134,663
7439,487680,en,The Kitchen,3.539,2019-08-08,6.1,690
7440,426814,en,The Domestics,3.577,2018-06-28,6.133,464
7441,299847,it,Happily Mixed Up,3.534,2014-10-30,6.1,338
7442,218784,en,Freaks of Nature,3.785,2015-10-30,6.133,565
7443,51447,fr,Trophy Wife,3.532,2010-11-10,6.1,360
7444,15648,en,The Perfect Man,3.818,2005-06-17,6.129,786
7445,12412,en,Miracle at St. Anna,3.533,2008-09-15,6.133,379
7446,10972,en,Session 9,3.569,2001-08-10,6.133,923
7447,9103,en,The Quest,4.078,1996-04-19,6.144,726
7448,8675,en,Orgazmo,3.531,1998-07-02,6.1,443
7449,335796,en,Ouija: Origin of Evil,3.823,2016-10-20,6.132,2486
7450,182127,cn,Ip Man: The Final Fight,0.498,2013-03-22,6.132,390
7451,20187,en,The Eiger Sanction,3.53,1975-05-21,6.1,403
7452,12157,en,Green Card,3.53,1990-12-23,6.1,490
7453,6038,en,Shanghai Knights,4.037,2003-02-06,6.1,2284
7454,5516,en,The Ladykillers,3.826,2004-03-25,6.132,1618
7455,753453,en,V/H/S/94,3.547,2021-09-26,6.1,476
7456,590995,en,The Craft: Legacy,3.548,2020-10-28,6.1,820
7457,937249,en,57 Seconds,4.078,2023-09-29,6.1,516
7458,531309,en,Brightburn,3.545,2019-05-09,6.1,3176
7459,63493,en,The Ledge,3.532,2011-05-06,6.13,350
7460,31359,fr,Would I Lie to You? 2,3.825,2001-02-07,6.13,388
7461,15577,en,Crossing Over,3.532,2009-02-10,6.1,376
7462,10869,en,Herbie Rides Again,3.53,1974-02-12,6.1,409
7463,408648,en,Batman and Harley Quinn,3.574,2017-08-14,6.1,614
7464,93837,en,So Undercover,3.533,2012-12-06,6.1,1121
7465,18519,en,Free Willy 3: The Rescue,3.53,1997-08-06,6.129,342
7466,10796,en,The One,3.533,2001-11-02,6.129,1595
7467,9293,en,John Tucker Must Die,3.531,2006-07-27,6.129,1386
7468,1273,en,TMNT,3.608,2007-03-23,6.129,1119
7469,1051896,en,Arcadian,4.664,2024-04-12,6.131,622
7470,274855,en,Geostorm,3.834,2017-10-12,6.127,4861
7471,19959,en,Surrogates,4.327,2009-09-24,6.126,3193
7472,17927,en,Fired Up!,3.532,2009-02-20,6.1,652
7473,15417,en,Every Which Way but Loose,3.53,1978-12-16,6.1,462
7474,158990,en,Wrong Cops,3.533,2013-12-18,6.126,305
7475,10407,en,Housesitter,3.53,1992-06-12,6.1,441
7476,22172,en,Street Trash,3.53,1987-02-22,6.1,308
7477,9874,en,Cobra,3.531,1986-01-01,6.1,1787
7478,507441,en,Sea Fever,3.54,2020-03-06,6.1,570
7479,354110,en,Forsaken,3.534,2015-09-16,6.1,353
7480,6076,de,Rabbit Without Ears,3.532,2007-12-01,6.1,383
7481,417644,en,CHiPS,3.535,2017-03-23,6.122,1310
7482,258284,en,Every Secret Thing,3.534,2014-04-20,6.1,335
7483,115782,en,Jobs,3.827,2013-08-15,6.122,2464
7484,408439,en,Hounds of Love,3.536,2016-10-07,6.1,346
7485,272435,fr,Gemma Bovery,3.828,2014-09-10,6.121,315
7486,14362,en,Out for Justice,3.53,1991-04-12,6.121,445
7487,955,en,Mission: Impossible II,4.364,2000-05-24,6.12,6863
7488,611213,en,The Prom,3.58,2020-12-02,6.12,683
7489,569814,fr,Rebels,3.538,2019-01-17,6.1,330
7490,382593,fr,Divorce French Style,3.535,2016-12-07,6.1,593
7491,317744,en,Careful What You Wish For,4.034,2015-05-06,6.12,397
7492,244264,en,Laggies,3.534,2014-09-25,6.1,1137
7493,23830,en,Last Night,3.575,2010-11-05,6.1,766
7494,1656,en,The Legend of Zorro,3.57,2005-10-24,6.12,2910
7495,739990,en,Nightbooks,3.546,2021-09-15,6.1,381
7496,613080,it,Once Upon a Time in Bethlehem,3.54,2019-12-12,6.1,497
7497,425505,en,Kin,3.788,2018-08-29,6.1,830
7498,347126,en,God's Not Dead 2,3.536,2016-04-01,6.119,408
7499,340382,ja,Attack on Titan II: End of the World,3.54,2015-09-01,6.1,354
7500,336004,en,Heist,3.534,2015-11-13,6.119,931
7501,127867,en,The Brass Teapot,3.533,2012-09-08,6.1,485
7502,428045,ru,Iron Mask,3.539,2019-08-16,6.118,485
7503,301875,en,Equals,3.54,2015-07-15,6.1,1377
7504,27022,en,The Sorcerer's Apprentice,3.578,2010-07-13,6.1,4980
7505,13927,en,Tin Toy,3.535,1988-08-01,6.1,465
7506,10153,en,Sphere,3.532,1998-02-13,6.1,1655
7507,4965,en,Impostor,3.531,2001-12-03,6.1,421
7508,263341,en,"Crouching Tiger, Hidden Dragon: Sword of Destiny",3.83,2016-02-18,6.117,649
7509,13186,en,Wrong Turn 2: Dead End,3.787,2007-08-25,6.117,1411
7510,10623,en,Cradle 2 the Grave,3.531,2003-02-28,6.1,925
7511,283378,en,Fallen,3.536,2016-11-10,6.116,1605
7512,278774,en,Zapped,3.534,2014-06-27,6.1,614
7513,12122,en,Village of the Damned,3.53,1995-04-28,6.1,841
7514,520946,en,100% Wolf,3.541,2020-06-26,6.1,309
7515,507143,en,Candy Jar,3.538,2018-04-27,6.1,477
7516,438347,fr,Wedding Unplanned,3.537,2017-04-26,6.1,469
7517,415132,fr,Ares,3.785,2016-11-23,6.1,322
7518,13944,en,Passengers,3.532,2008-09-26,6.1,920
7519,12180,en,Star Wars: The Clone Wars,3.57,2008-08-05,6.115,2035
7520,1613,en,The 51st State,3.531,2001-12-07,6.1,609
7521,593402,it,Tolo Tolo,3.79,2020-01-01,6.114,1246
7522,319341,fr,Daddy or Mommy,3.828,2015-02-04,6.114,1035
7523,21788,fr,Trouble at Timpetill,3.532,2008-12-17,6.1,385
7524,11323,en,The Informant!,4.033,2009-09-18,6.112,905
7525,41664,it,Fantozzi Retires,3.53,1988-12-22,6.1,380
7526,14013,en,BASEketball,3.531,1998-07-28,6.1,588
7527,9955,en,Blades of Glory,4.038,2007-03-30,6.1,1775
7528,7303,en,Maid in Manhattan,3.568,2002-12-13,6.113,1918
7529,442062,en,Goosebumps 2: Haunted Halloween,3.576,2018-10-11,6.1,1540
7530,399796,en,Life of the Party,3.538,2018-05-10,6.1,992
7531,208134,en,Jackass Presents: Bad Grandpa,3.82,2013-10-22,6.112,1572
7532,80271,en,LOL,3.533,2012-02-10,6.1,2679
7533,51588,en,Prom,3.532,2011-04-29,6.1,454
7534,14240,en,Maniac Cop,3.53,1988-05-13,6.1,478
7535,10199,en,The Tale of Despereaux,3.782,2008-12-18,6.112,931
7536,7520,en,Cocktail,3.536,1988-07-29,6.1,1482
7537,1644,en,The Vanishing,3.53,1993-02-05,6.1,510
7538,427900,en,Home Again,3.537,2017-09-07,6.1,1201
7539,77944,it,The Worst Week of My Life,3.533,2011-10-27,6.1,446
7540,53182,en,300: Rise of an Empire,4.074,2014-03-05,6.111,6588
7541,11123,en,Earthquake,3.53,1974-11-15,6.1,328
7542,8989,en,Harry and the Hendersons,4.03,1987-06-05,6.1,685
7543,609972,en,Paranormal Activity: Next of Kin,3.547,2021-10-29,6.11,681
7544,137094,en,Jack Ryan: Shadow Recruit,3.828,2014-01-15,6.11,2874
7545,57201,en,The Lone Ranger,3.785,2013-07-03,6.11,5872
7546,10068,en,Nine 1/2 Weeks,3.533,1986-02-09,6.1,1024
7547,9395,en,Above the Law,3.53,1988-04-08,6.1,715
7548,4806,en,Runaway Bride,3.569,1999-07-30,6.11,2024
7549,780609,en,Men,3.801,2022-05-20,6.109,1144
7550,471014,en,Wheelman,3.537,2017-10-20,6.1,635
7551,44603,en,Hereafter,3.782,2010-10-22,6.1,1689
7552,14128,en,Cinderella II: Dreams Come True,3.571,2002-02-23,6.109,1465
7553,10665,en,The Strangers,3.782,2008-05-29,6.1,2445
7554,10395,en,Wolf,3.53,1994-06-17,6.1,928
7555,9610,en,Conan the Destroyer,4.031,1984-06-29,6.108,1507
7556,424121,en,Apostle,3.539,2018-09-21,6.1,1445
7557,419704,en,Ad Astra,1.752,2019-09-17,6.109,6710
7558,339792,en,David Brent: Life on the Road,3.535,2016-08-19,6.1,367
7559,295151,en,Let It Snow,3.578,2019-11-08,6.108,1167
7560,134411,en,Snitch,3.534,2013-02-21,6.1,2361
7561,48171,en,The Rite,4.328,2011-01-28,6.108,2098
7562,28211,en,Chloe,3.533,2010-02-25,6.1,1730
7563,872709,fr,Smoking Causes Coughing,3.557,2022-11-30,6.1,352
7564,843794,ko,JUNG_E,3.845,2023-01-12,6.1,609
7565,296100,en,The Night Before,3.535,2015-11-20,6.1,1712
7566,157834,en,The Zero Theorem,4.039,2013-09-20,6.107,1225
7567,84204,en,Grabbers,3.533,2012-08-10,6.1,458
7568,10945,en,Jumpin' Jack Flash,3.53,1986-10-09,6.1,361
7569,192132,en,Palo Alto,3.571,2013-12-29,6.106,872
7570,190955,en,Blood Ties,3.827,2013-08-22,6.106,475
7571,152748,en,Ain't Them Bodies Saints,3.533,2013-07-03,6.1,434
7572,11858,en,Renaissance Man,3.53,1994-06-03,6.106,301
7573,787298,pl,Squared Love,3.544,2021-02-11,6.105,315
7574,474764,en,The Lodge,3.541,2020-01-16,6.1,1282
7575,284296,en,Top Five,3.534,2014-12-12,6.1,456
7576,254904,en,The November Man,6.132,2014-08-27,6.105,1492
7577,121936,fr,Happiness Never Comes Alone,3.827,2012-06-27,6.105,423
7578,59108,en,Tower Heist,4.328,2011-11-02,6.104,2993
7579,8818,en,Evita,3.53,1996-12-14,6.1,482
7580,4970,en,Gothika,3.532,2003-11-21,6.105,2305
7581,295830,ja,Attack on Titan,3.538,2015-08-01,6.1,758
7582,291356,en,In a Valley of Violence,3.536,2016-10-21,6.104,589
7583,37652,fr,Didier,3.823,1997-01-29,6.104,608
7584,10173,en,Marked for Death,3.531,1990-10-05,6.104,534
7585,9730,en,Friday the 13th: The Final Chapter,3.818,1984-04-13,6.1,1351
7586,173897,en,Resident Evil: The Final Chapter,0.151,2016-12-23,6.1,3225
7587,111190,en,Adore,3.534,2013-04-03,6.1,980
7588,11228,en,Daylight,3.78,1996-12-06,6.103,1554
7589,10833,en,Heartbreakers,3.574,2001-03-23,6.103,912
7590,951,en,Kindergarten Cop,1.632,1990-12-21,6.103,2538
7591,262504,en,Allegiant,3.83,2016-03-09,6.102,6673
7592,60672,fr,Crimson Rivers II: Angels of the Apocalypse,3.825,2004-02-18,6.102,727
7593,15413,en,Don't Tell Mom the Babysitter's Dead,3.535,1991-06-07,6.1,436
7594,10641,en,Autumn in New York,3.531,2000-08-11,6.102,718
7595,283601,en,Galveston,3.538,2018-10-10,6.1,510
7596,70577,en,Faces in the Crowd,3.533,2011-10-25,6.1,488
7597,10720,en,Down with Love,3.531,2003-05-08,6.1,725
7598,9286,en,Final Destination 3,3.821,2006-02-09,6.102,3939
7599,64807,en,Grudge Match,3.533,2013-12-25,6.1,1294
7600,1738,en,Next,3.534,2007-04-25,6.1,2995
7601,979924,en,On the Line,3.555,2022-10-31,6.1,508
7602,708577,it,Like a Cat on a Highway 2,3.546,2021-08-14,6.099,340
7603,575417,en,On the Rocks,3.543,2020-10-02,6.099,700
7604,410199,en,ARQ,3.535,2016-09-16,6.1,1185
7605,278154,en,Ice Age: Collision Course,4.293,2016-06-23,6.098,4602
7606,13282,en,Death Race 2000,3.53,1975-04-30,6.1,501
7607,10606,en,The Philadelphia Experiment,3.78,1984-10-05,6.099,393
7608,10562,en,Under Suspicion,3.83,2000-08-24,6.099,468
7609,10003,en,The Saint,3.53,1997-04-03,6.1,1126
7610,340102,en,The New Mutants,3.619,2020-04-02,6.1,3466
7611,9642,fr,Asterix and the Vikings,3.531,2006-04-12,6.1,707
7612,2057,en,Original Sin,3.538,2001-05-08,6.1,830
7613,1249,en,Hollywoodland,3.531,2006-08-31,6.098,409
7614,457262,en,Rip Tide,3.537,2017-10-03,6.1,452
7615,84348,en,V/H/S,3.536,2012-07-28,6.1,1575
7616,27621,en,The Cheetah Girls: One World,3.532,2008-08-22,6.1,329
7617,13973,en,Choke,3.532,2008-09-26,6.1,396
7618,934632,en,Rebel Moon - Part Two: The Scargiver,3.615,2024-04-19,6.1,1245
7619,232572,en,A Walk in the Woods,3.79,2015-09-02,6.096,712
7620,4967,en,Keeping the Faith,3.531,2000-04-14,6.1,617
7621,262841,en,Monster Trucks,3.535,2016-12-21,6.095,859
7622,72358,en,A Thousand Words,3.576,2012-03-07,6.1,1330
7623,35056,en,Date Night,3.57,2010-04-08,6.1,2882
7624,6520,en,First Knight,3.53,1995-07-07,6.1,1227
7625,280002,en,The Remaining,3.535,2014-08-25,6.1,450
7626,55779,en,Final Destination 5,3.792,2011-08-12,6.1,3476
7627,21972,en,Like Mike,3.531,2002-07-03,6.1,522
7628,14817,en,Good Burger,3.53,1997-07-25,6.1,519
7629,14636,en,The Condemned,3.532,2007-04-27,6.1,794
7630,11077,en,Problem Child,3.532,1990-07-27,6.1,838
7631,576156,en,The Lovebirds,3.541,2020-05-22,6.093,701
7632,76544,en,Man of Tai Chi,3.533,2013-07-04,6.1,927
7633,2665,en,Airplane II: The Sequel,4.031,1982-12-10,6.093,1125
7634,567970,en,Lost Girls,3.578,2020-01-28,6.092,706
7635,228165,en,The SpongeBob Movie: Sponge Out of Water,3.792,2015-01-28,6.092,2375
7636,9946,en,End of Days,3.531,1999-11-24,6.1,1881
7637,370978,es,Kiki: Love to Love,3.535,2016-04-01,6.1,362
7638,192102,en,3 Days to Kill,3.827,2014-02-14,6.091,2177
7639,9029,en,What Happens in Vegas,3.571,2008-05-07,6.1,3081
7640,8873,en,Wayne's World 2,4.574,1993-12-10,6.091,1065
7641,740460,fr,The Wannabes,3.548,2022-02-09,6.1,317
7642,578908,en,Bad Trip,3.549,2021-03-25,6.088,535
7643,545237,en,The Nest,3.547,2020-05-08,6.1,340
7644,339846,en,Baywatch,4.118,2017-05-25,6.091,8132
7645,331313,en,Keeping Up with the Joneses,3.537,2016-10-20,6.1,2039
7646,201086,en,Cuban Fury,3.533,2014-02-14,6.1,326
7647,9637,en,Scooby-Doo,4.108,2002-06-14,6.088,4487
7648,10013,en,Peggy Sue Got Married,3.531,1986-10-10,6.1,584
7649,261392,en,American Ultra,3.784,2015-08-19,6.088,2787
7650,62213,en,Dark Shadows,4.191,2012-05-09,6.088,7253
7651,38073,en,Going the Distance,3.782,2010-08-27,6.1,727
7652,13937,en,Raising Cain,3.53,1992-08-07,6.1,354
7653,315837,en,Ghost in the Shell,4.538,2017-03-29,6.087,8098
7654,166271,en,Haunter,3.826,2013-10-17,6.087,574
7655,9397,en,Evolution,4.031,2001-06-08,6.1,2267
7656,8409,en,A Man Apart,3.531,2003-04-04,6.1,887
7657,404733,en,Overdrive,3.787,2017-06-16,6.088,952
7658,44040,en,Devil,3.569,2010-09-16,6.086,2900
7659,37861,en,Valhalla Rising,3.533,2009-09-04,6.1,1213
7660,170354,it,The Unlikely Prince,3.533,2013-02-09,6.1,652
7661,10533,en,The Scarlet Letter,3.53,1995-10-13,6.085,485
7662,7288,en,Duplex,3.531,2003-09-26,6.1,1705
7663,198287,en,After the Dark,3.533,2013-07-06,6.084,684
7664,25642,en,Ben 10 Alien Swarm,3.782,2010-03-12,6.084,344
7665,10442,en,So I Married an Axe Murderer,3.53,1993-07-30,6.1,430
7666,37786,en,Sex and the City 2,3.57,2010-05-26,6.1,1643
7667,20106,fr,Mais qui a tué Pamela Rose ?,3.531,2003-06-04,6.1,326
7668,13243,en,Meet Bill,3.532,2007-09-07,6.082,325
7669,928381,fr,Restless,3.587,2022-02-25,6.1,382
7670,426543,en,The Nutcracker and the Four Realms,3.539,2018-10-26,6.081,2158
7671,11052,en,Yu-Gi-Oh! The Movie,3.532,2004-08-13,6.1,346
7672,829051,en,About My Father,3.817,2023-05-25,6.08,326
7673,417643,en,In Darkness,3.788,2018-05-25,6.1,492
7674,60304,en,Hansel & Gretel: Witch Hunters,3.912,2013-01-17,6.08,6789
7675,9546,en,Ricochet,3.53,1991-10-04,6.1,327
7676,539181,en,Relic,3.541,2020-07-03,6.1,749
7677,14043,en,Nancy Drew,3.532,2007-06-15,6.1,512
7678,12110,en,Dracula: Dead and Loving It,4.28,1995-12-22,6.074,994
7679,11932,en,Bride of Chucky,3.607,1998-10-15,6.079,1951
7680,1010928,fr,Wingwomen,3.826,2023-11-01,6.08,450
7681,88751,en,Journey to the Center of the Earth,4.285,2008-07-10,6.076,4863
7682,18890,en,We're Back! A Dinosaur's Story,3.53,1993-11-24,6.1,418
7683,10908,en,Inferno,3.531,1999-09-25,6.078,316
7684,6068,en,Six Days Seven Nights,3.825,1998-06-12,6.078,1489
7685,440918,en,Teen Spirit,3.539,2019-04-12,6.077,332
7686,318922,en,Kill Your Friends,3.784,2015-11-06,6.076,308
7687,296360,en,Love & Friendship,3.535,2016-05-26,6.1,545
7688,395814,en,Rememory,3.537,2017-09-08,6.1,436
7689,141052,en,Justice League,4.811,2017-11-15,6.076,13078
7690,33909,en,Wall Street: Money Never Sleeps,4.327,2010-09-20,6.076,1549
7691,13252,en,Cleaner,3.532,2007-09-11,6.1,836
7692,11024,en,Scooby-Doo 2: Monsters Unleashed,1.992,2004-03-24,6.076,2756
7693,4482,fr,French Twist,3.53,1995-01-18,6.1,304
7694,207932,en,Inferno,4.331,2016-10-13,6.076,6295
7695,76640,en,The Last Stand,3.827,2013-01-12,6.075,2802
7696,1126166,en,Flight Risk,43.199,2025-01-22,6.098,451
7697,616820,en,Halloween Ends,3.56,2022-10-12,6.1,1815
7698,492355,it,Just Believe,3.537,2018-03-29,6.073,348
7699,33518,en,Alligator,3.53,1980-07-02,6.1,336
7700,30974,fr,High Lane,3.533,2009-06-24,6.073,412
7701,11979,en,Queen of the Damned,3.531,2002-02-10,6.1,1075
7702,10157,en,Police Academy 2: Their First Assignment,3.568,1985-03-28,6.073,1570
7703,849,en,Krull,3.53,1983-07-29,6.1,557
7704,451955,fr,Double Lover,3.574,2017-05-26,6.072,530
7705,60803,en,The Suite Life Movie,3.532,2011-03-25,6.1,515
7706,14400,fr,The Heir Apparent: Largo Winch,4.076,2008-12-17,6.072,541
7707,15092,en,Crank: High Voltage,4.29,2009-04-16,6.068,2898
7708,10128,en,Alien Nation,3.53,1988-10-07,6.1,310
7709,2268,en,The Golden Compass,4.322,2007-12-04,6.069,4581
7710,342521,en,Keanu,3.541,2016-04-29,6.07,1059
7711,15657,en,Tarzan II,3.569,2005-06-13,6.1,1158
7712,13975,en,In the Electric Mist,3.532,2009-04-15,6.1,424
7713,50204,en,Burke & Hare,3.532,2010-10-29,6.1,470
7714,13570,en,Tourist Trap,3.855,1979-03-14,6.069,306
7715,9268,en,Eraser,3.531,1996-06-21,6.069,1841
7716,3563,en,I Now Pronounce You Chuck & Larry,4.045,2007-07-12,6.068,2370
7717,490445,fr,Dumped,3.831,2018-04-18,6.068,366
7718,8324,en,Fast Food Nation,3.532,2006-11-17,6.1,366
7719,5852,en,Angel Eyes,3.531,2001-05-18,6.1,440
7720,930600,en,The Deliverance,3.642,2024-08-16,6.1,465
7721,39210,en,Somewhere,3.532,2010-09-03,6.1,751
7722,10516,fr,The Gendarme and the Creatures from Outer Space,3.53,1979-01-31,6.1,617
7723,830788,en,The Invitation,3.803,2022-08-24,6.066,853
7724,664469,en,Amsterdam,3.844,2022-09-27,6.064,1571
7725,106021,en,Erased,3.533,2012-08-23,6.1,739
7726,10137,en,Stuart Little,3.536,1999-12-17,6.065,4410
7727,9208,en,Broken Arrow,3.53,1996-02-09,6.1,1536
7728,9085,en,Harlem Nights,3.53,1989-11-17,6.1,315
7729,9298,en,Ali G Indahouse,4.281,2002-03-21,6.063,1390
7730,421658,en,Final Score,3.538,2018-09-07,6.1,531
7731,10544,en,Ned Kelly,3.531,2003-03-22,6.1,366
7732,1636,en,Bedazzled,4.068,2000-10-19,6.061,1928
7733,70821,en,Cyberbully,3.533,2011-11-10,6.1,466
7734,13700,en,Home on the Range,3.532,2004-04-02,6.1,2063
7735,8850,en,The Shadow,3.53,1994-07-01,6.1,527
7736,4283,en,Primeval,3.532,2007-01-12,6.1,409
7737,667216,en,Infinity Pool,3.596,2023-01-27,6.1,825
7738,458305,en,Vivarium,3.79,2019-09-07,6.061,2179
7739,290999,en,Wyrmwood: Road of the Dead,3.534,2014-09-19,6.1,458
7740,24913,en,April Fool's Day,3.53,1986-03-27,6.1,343
7741,10396,en,Tequila Sunrise,3.53,1988-12-02,6.1,520
7742,9415,en,Murder at 1600,4.03,1997-04-18,6.056,540
7743,4961,en,Mimic,3.531,1997-08-22,6.1,1129
7744,534,en,Terminator Salvation,4.33,2009-05-20,6.061,6545
7745,6466,en,Freddy vs. Jason,3.532,2003-08-15,6.1,2641
7746,29425,en,The Crazies,3.53,1973-03-16,6.1,370
7747,25769,en,Carriers,3.532,2009-09-04,6.1,1401
7748,10093,en,The Return,3.532,2006-11-10,6.1,631
7749,10022,en,The Pacifier,3.532,2005-03-04,6.1,3067
7750,831946,en,Interceptor,3.801,2022-05-26,6.057,756
7751,152760,en,The Monuments Men,3.827,2014-01-24,6.058,3625
7752,419511,it,Mister Happiness,3.535,2017-01-01,6.1,340
7753,398920,fr,He Even Has Your Eyes,3.535,2017-01-18,6.057,505
7754,168138,es,The Last Days,3.57,2013-03-27,6.1,342
7755,35791,en,Resident Evil: Afterlife,0.164,2010-09-09,6.057,3903
7756,10478,en,Tin Cup,4.03,1996-08-16,6.054,530
7757,848538,en,Argylle,3.887,2024-01-31,6.056,1436
7758,496743,sv,Aniara,3.789,2019-05-17,6.1,348
7759,426238,en,Beach Rats,3.537,2017-08-25,6.1,535
7760,48572,en,Red State,3.533,2011-08-19,6.1,951
7761,8130,en,Desperately Seeking Susan,3.535,1985-03-29,6.055,444
7762,316023,en,Mike and Dave Need Wedding Dates,3.537,2016-07-07,6.1,2488
7763,605804,en,The Wretched,3.541,2019-12-15,6.053,634
7764,522016,en,The 355,3.55,2022-01-05,6.053,1033
7765,406761,en,Hotel Artemis,3.538,2018-06-07,6.1,1562
7766,216282,en,Into the Storm,3.534,2014-08-06,6.1,2048
7767,41505,en,6 Souls,3.533,2010-03-27,6.1,712
7768,36670,en,Never Say Never Again,3.824,1983-10-07,6.053,1471
7769,116811,en,Berberian Sound Studio,3.533,2012-08-30,6.1,359
7770,10424,en,Jennifer Eight,3.53,1992-11-06,6.1,364
7771,6217,en,Cat People,3.53,1982-04-02,6.1,518
7772,2791,en,The Chronicles of Riddick: Dark Fury,0.78,2004-06-15,6.1,316
7773,819876,en,Crimes of the Future,3.553,2022-05-25,6.1,1117
7774,718400,en,The Vanished,3.542,2020-08-21,6.1,326
7775,598133,en,The F**k-It List,3.541,2020-07-01,6.1,486
7776,335988,en,Transformers: The Last Knight,3.169,2017-06-16,6.051,6307
7777,119283,en,Parker,4.084,2013-01-23,6.051,3070
7778,56339,it,Whatsoeverly,3.532,2011-01-21,6.051,529
7779,41215,en,Black Death,3.532,2010-06-07,6.1,880
7780,12220,en,The Story of Us,3.531,1999-10-14,6.1,323
7781,1008392,en,The Blackening,3.57,2023-06-15,6.05,312
7782,652004,en,The Wolf of Snow Hollow,3.542,2020-10-23,6.0,438
7783,345922,en,Fist Fight,3.535,2017-02-16,6.0,1248
7784,183836,fr,The Brats,3.827,2013-04-17,6.05,535
7785,11099,en,The Final Cut,3.781,2004-10-15,6.05,703
7786,10663,en,The Waterboy,4.069,1998-11-06,6.048,1860
7787,37770,it,Fantozzi to the Rescue,3.535,1990-12-21,6.049,348
7788,23488,en,Dorian Gray,3.532,2009-09-09,6.049,2138
7789,10208,en,Muppets from Space,3.531,1999-07-14,6.0,328
7790,5820,en,The Sentinel,3.574,2006-04-19,6.049,815
7791,522406,en,Flashback,3.542,2020-10-08,6.0,301
7792,188161,en,A Million Ways to Die in the West,4.41,2014-05-22,6.046,4140
7793,46503,en,All Good Things,3.532,2010-12-03,6.0,919
7794,641501,fr,How I Became a Superhero,3.542,2020-11-19,6.047,506
7795,451184,en,Wasp Network,3.54,2020-01-29,6.0,381
7796,434203,en,Newness,3.537,2017-11-03,6.0,600
7797,701175,es,The Paramedic,3.543,2020-09-16,6.0,636
7798,574861,fr,No Filter,3.833,2019-04-03,6.046,303
7799,140222,en,Love and Honor,3.533,2013-03-22,6.0,349
7800,9910,en,Two for the Money,3.532,2005-10-07,6.046,651
7801,2212,en,Nightwatch,3.535,1997-01-31,6.046,398
7802,901385,en,Significant Other,3.554,2022-10-06,6.045,322
7803,486070,it,Blessed Madness,3.537,2018-01-11,6.0,382
7804,858017,en,I Saw the TV Glow,3.681,2024-05-03,6.0,429
7805,344041,en,Standoff,3.535,2016-02-26,6.0,322
7806,254194,en,Starry Eyes,3.534,2014-07-29,6.0,451
7807,48340,en,Sanctum,3.532,2011-02-03,6.0,1066
7808,9279,en,Jingle All the Way,4.068,1996-11-21,6.0,2703
7809,840882,en,The Weekend Away,3.556,2022-03-03,6.042,709
7810,524247,en,The Intruder,3.539,2019-05-03,6.0,578
7811,457955,fr,The Night Eats the World,3.554,2018-03-07,6.042,719
7812,23048,en,Hot Tub Time Machine,4.327,2010-03-26,6.0,2515
7813,9989,en,Antitrust,3.826,2001-01-11,6.042,527
7814,934756,en,Love in the Villa,3.59,2022-09-01,6.041,362
7815,292040,en,Spooks: The Greater Good,3.534,2015-04-11,6.041,579
7816,289727,en,The Rewrite,3.534,2014-06-15,6.0,602
7817,205588,en,Our Kind of Traitor,3.535,2016-05-05,6.041,557
7818,157353,en,Transcendence,4.323,2014-04-16,6.041,5442
7819,146229,en,Kristy,3.535,2014-08-07,6.041,418
7820,103620,en,Maniac,3.533,2012-12-26,6.0,940
7821,10411,en,The Distinguished Gentleman,3.53,1992-12-04,6.0,308
7822,9893,en,Sleepover,3.531,2004-07-09,6.0,483
7823,6623,en,The Peacemaker,3.531,1997-09-26,6.0,1014
7824,671043,fr,Spoiled Brats,3.546,2021-09-15,6.0,558
7825,519106,fr,The Trouble with You,3.538,2018-10-06,6.0,459
7826,437670,de,Suck Me Shakespeer 3,3.537,2017-10-26,6.039,453
7827,328595,en,Parallels,3.534,2015-03-01,6.0,362
7828,11675,en,Halloween H20: 20 Years Later,3.531,1998-08-05,6.0,1667
7829,548473,en,Color Out of Space,3.791,2019-09-07,6.038,1506
7830,508018,es,The Warning,3.537,2018-03-10,6.0,371
7831,308453,en,The Bronze,3.535,2016-01-22,6.038,372
7832,65599,en,The Woman,3.533,2011-10-14,6.0,541
7833,183,en,The Wizard,3.53,1989-12-15,6.0,313
7834,244610,en,The Den,3.533,2013-12-12,6.0,340
7835,31203,fr,Little Nicholas,3.532,2009-09-30,6.0,1118
7836,15189,en,Hotel for Dogs,3.532,2009-01-16,6.0,871
7837,10186,en,The Rocker,3.532,2008-08-20,6.037,589
7838,77883,en,The Possession,3.533,2012-08-30,6.0,1611
7839,32293,en,The Cheetah Girls,3.536,2003-08-15,6.036,475
7840,11847,cn,The Accidental Spy,1.622,2001-01-18,6.036,466
7841,735697,fr,Incredible But True,3.552,2022-06-15,6.0,382
7842,429415,en,Extinction,3.797,2018-07-15,6.035,1848
7843,109491,en,Beautiful Creatures,3.783,2013-02-13,6.0,2851
7844,16342,en,The Children,3.533,2008-12-05,6.035,391
7845,804150,en,Cocaine Bear,3.823,2023-02-22,6.035,2141
7846,347984,en,6 Days,3.537,2017-07-09,6.0,700
7847,20,en,My Life Without Me,3.531,2003-03-07,6.034,470
7848,4515,en,Lions for Lambs,3.532,2007-10-22,6.0,764
7849,763788,en,Dangerous,3.797,2021-11-05,6.034,472
7850,588001,es,Despite Everything,3.539,2019-03-16,6.0,421
7851,576004,en,Porno,3.577,2019-06-28,6.032,380
7852,531503,en,Point Blank,3.539,2019-07-12,6.0,545
7853,383709,en,Wonderstruck,3.537,2017-10-13,6.0,403
7854,133805,en,Carrie,3.571,2013-10-16,6.0,4491
7855,20850,en,Ilsa: She Wolf of the SS,1.747,1975-10-01,6.0,356
7856,13997,en,Black Sheep,3.535,1996-02-01,6.032,409
7857,12088,en,Fortress,3.53,1992-12-18,6.0,660
7858,10724,en,Firefox,3.53,1982-06-18,6.0,560
7859,1956,en,Gerry,3.531,2002-09-20,6.0,308
7860,311324,en,The Great Wall,3.799,2016-12-16,6.03,5196
7861,10351,en,Wishmaster,3.532,1997-09-19,6.0,609
7862,7342,en,Carrie,3.531,2002-11-04,6.0,495
7863,1079485,en,Winnie-the-Pooh: Blood and Honey 2,3.875,2024-03-26,6.029,344
7864,921636,en,The Out-Laws,3.567,2023-07-07,6.029,718
7865,864873,en,Hypnotic,3.547,2021-10-27,6.0,623
7866,820912,en,Persuasion,3.553,2022-07-01,6.0,594
7867,59457,en,Womb,3.532,2010-07-15,6.0,357
7868,293767,en,Billy Lynn's Long Halftime Walk,3.535,2016-11-10,6.028,566
7869,253235,en,And So It Goes,3.828,2014-07-10,6.028,459
7870,11419,en,Vegas Vacation,3.53,1997-02-13,6.0,650
7871,2575,en,The Tailor of Panama,3.531,2001-03-30,6.0,494
7872,340487,en,Certain Women,3.535,2016-09-25,6.0,350
7873,290764,en,Tracers,5.324,2015-01-15,6.0,1076
7874,76285,en,Percy Jackson: Sea of Monsters,2.145,2013-08-07,6.027,5168
7875,11777,en,I.Q.,3.53,1994-12-24,6.0,460
7876,9416,en,Money Talks,3.531,1997-08-22,6.0,389
7877,527261,en,The Silence,3.838,2019-05-16,6.025,1578
7878,382598,fr,Full Speed,3.541,2016-11-11,6.026,644
7879,309242,en,Mississippi Grind,3.822,2015-07-04,6.026,523
7880,300681,en,Replicas,3.576,2018-10-25,6.0,1383
7881,58013,it,The Santa Claus Gang,3.787,2010-12-17,6.026,1050
7882,11452,en,National Lampoon's Van Wilder,4.032,2002-03-29,6.024,1803
7883,609681,en,The Marvels,4.095,2023-11-08,6.024,2859
7884,593395,it,Diabolik,3.802,2021-12-16,6.025,589
7885,10555,en,Shark Tale,4.29,2004-09-20,6.025,6387
7886,8884,en,Franklyn,3.782,2008-10-16,6.026,359
7887,2370,en,Topaz,3.531,1969-12-17,6.0,386
7888,308531,en,Teenage Mutant Ninja Turtles: Out of the Shadows,3.863,2016-06-01,6.024,3561
7889,257091,en,Get Hard,3.535,2015-03-26,6.0,2732
7890,64689,en,Killing Them Softly,3.828,2012-07-30,6.024,2216
7891,12590,en,Below,3.531,2002-08-11,6.0,452
7892,479,en,Shaft,3.532,2000-06-15,6.024,1300
7893,461928,en,Anna and the Apocalypse,3.538,2018-11-30,6.0,392
7894,269795,en,2:22,3.537,2017-06-29,6.0,1459
7895,11428,en,Sleepwalkers,3.53,1992-04-10,6.0,553
7896,6917,en,The Gate,3.53,1987-04-21,6.0,382
7897,1642,en,The Net,3.574,1995-07-28,6.023,1383
7898,335866,en,Circle,3.573,2015-05-28,6.022,1985
7899,74944,fr,War of the Buttons,3.533,2011-09-14,6.022,413
7900,5559,en,Bee Movie,4.082,2007-10-28,6.022,4913
7901,1969,en,Bandidas,3.792,2006-01-18,6.0,1099
7902,66118,fr,Case départ,3.533,2011-07-06,6.0,501
7903,32985,en,Solomon Kane,3.575,2009-09-16,6.0,1405
7904,12589,en,Jimmy Neutron: Boy Genius,3.532,2001-12-14,6.0,925
7905,10480,en,Nurse Betty,3.531,2000-08-30,6.021,401
7906,9644,en,National Lampoon's Loaded Weapon 1,3.531,1993-02-04,6.0,729
7907,672582,en,The Deep House,3.545,2021-06-30,6.0,1004
7908,363126,en,Berlin Syndrome,3.535,2017-04-20,6.0,641
7909,278924,en,Mechanic: Resurrection,3.541,2016-08-25,6.0,3405
7910,13654,en,101 Dalmatians II: Patch's London Adventure,3.532,2003-03-02,6.0,1183
7911,10433,en,Mad Dog and Glory,3.53,1993-03-05,6.0,370
7912,1022964,en,Candy Cane Lane,3.579,2023-11-29,6.019,422
7913,565028,en,Candyman,3.585,2021-08-25,6.0,1592
7914,77805,en,Lovelace,4.078,2013-08-08,6.019,701
7915,64635,en,Total Recall,3.833,2012-08-02,6.019,5534
7916,4858,en,The Invasion,3.784,2007-08-17,6.019,1538
7917,643586,en,Willy's Wonderland,3.582,2021-02-12,6.0,1018
7918,502292,en,The Last Summer,3.539,2019-05-03,6.0,1375
7919,209249,en,The Love Punch,3.827,2014-01-13,6.018,439
7920,12834,en,Leaves of Grass,3.532,2009-09-13,6.0,421
7921,9745,en,Jack Frost,3.569,1998-11-15,6.0,1163
7922,5966,en,Along Came Polly,4.081,2004-01-16,6.016,2866
7923,14628,en,Fletch Lives,3.53,1989-03-17,6.0,300
7924,11857,en,Orange County,3.531,2002-01-11,6.0,463
7925,9493,en,Twins,3.581,1988-12-09,6.0,2307
7926,6935,fr,Yamakasi,3.531,2001-04-04,6.016,567
7927,800497,en,Werewolves Within,3.546,2021-06-25,6.015,553
7928,215211,en,Grace of Monaco,3.866,2014-04-22,6.015,594
7929,37958,en,Immortals,3.784,2011-11-10,6.015,2617
7930,294793,en,All the Old Knives,3.55,2022-04-08,6.0,554
7931,258509,en,Alvin and the Chipmunks: The Road Chip,3.786,2015-12-17,6.014,1650
7932,2539,en,Spanglish,3.613,2004-12-17,6.014,1302
7933,1901,en,In Good Company,3.568,2004-12-29,6.014,626
7934,611605,en,1BR,3.539,2019-07-18,6.0,463
7935,286521,en,5 Flights Up,3.534,2014-05-10,6.0,312
7936,242095,en,The Signal,3.536,2014-03-15,6.0,1691
7937,138697,en,Don Jon,3.828,2013-09-12,6.0,4327
7938,10922,en,The Human Stain,3.536,2003-10-29,6.013,460
7939,10740,en,Birth,3.531,2004-10-29,6.0,679
7940,10353,fr,The Visitors II: The Corridors of Time,3.825,1998-02-11,6.013,995
7941,918,en,Blind Date,3.53,1987-03-27,6.013,499
7942,508138,en,Burn,3.539,2019-08-23,6.0,300
7943,1252,en,Lonely Hearts,3.531,2006-04-30,6.012,345
7944,431075,en,Polaroid,3.538,2019-01-10,6.011,1068
7945,249660,en,God's Not Dead,3.534,2014-03-21,6.011,907
7946,26691,fr,Neuilly Yo Mama!,3.532,2009-08-12,6.011,925
7947,9997,en,Gabriel,3.532,2007-11-15,6.0,403
7948,25239,en,Day of the Woman,3.53,1978-11-02,6.0,640
7949,23827,en,Paranormal Activity,3.828,2007-09-14,6.01,5090
7950,595148,en,Irresistible,3.579,2020-07-01,6.009,450
7951,520663,en,The Woman in the Window,3.545,2021-05-13,6.007,1982
7952,366514,fr,Up for Love,3.83,2016-05-04,6.0,841
7953,73937,en,The Big Year,4.033,2011-10-13,6.013,822
7954,13092,en,How to Lose Friends & Alienate People,4.032,2008-10-02,6.007,780
7955,11678,en,Vertical Limit,4.031,2000-12-08,6.003,1041
7956,5549,en,RoboCop 2,3.536,1990-06-22,6.0,1920
7957,217,en,Indiana Jones and the Kingdom of the Crystal Skull,4.668,2008-05-21,6.009,8433
7958,615677,en,We Can Be Heroes,3.545,2020-12-25,6.008,774
7959,517909,en,The Laundromat,3.54,2019-09-27,6.006,1220
7960,11915,fr,The Gendarme and the Gendarmettes,3.53,1982-10-03,6.0,552
7961,121824,en,Stand Up Guys,3.533,2012-12-14,6.0,946
7962,66129,fr,The Tuche Family,3.827,2011-06-30,6.005,1295
7963,341689,en,How to Talk to Girls at Parties,3.537,2017-10-06,6.0,391
7964,8831,en,Timecop,3.568,1994-09-15,6.0,1182
7965,7511,en,The Last Kiss,3.531,2006-09-10,6.0,378
7966,514593,en,You Should Have Left,3.573,2020-06-18,6.003,819
7967,86597,en,The Tall Man,3.783,2012-03-19,6.003,1157
7968,8866,en,The Truth About Cats & Dogs,3.53,1996-04-26,6.0,318
7969,6472,en,Guarding Tess,3.535,1994-03-11,6.0,328
7970,284536,en,The Gambler,3.829,2014-12-25,6.002,1432
7971,228968,en,Kidnapping Mr. Heineken,3.535,2015-03-12,6.0,638
7972,49953,en,A Turtle's Tale: Sammy's Adventures,3.782,2010-08-04,6.002,644
7973,10066,en,House of Wax,3.57,2005-05-05,6.0,3065
7974,943930,es,Tin & Tina,3.56,2023-03-24,6.001,409
7975,43209,th,Ong Bak 3,3.532,2010-05-05,6.0,439
7976,9453,it,Caligula,4.031,1979-08-14,6.001,861
7977,82,en,Miami Vice,3.781,2006-07-27,6.001,1804
7978,706510,en,Desperados,3.541,2020-07-01,6.0,482
7979,427989,it,Poor but Rich,3.535,2016-12-15,6.0,415
7980,300153,en,Life,3.534,2015-09-09,6.0,351
7981,162903,en,The Fifth Estate,3.533,2013-10-11,6.0,1011
7982,11379,en,The Adventures of Buckaroo Banzai Across the 8th Dimension,4.03,1984-08-10,5.985,440
7983,9948,en,The Fox and the Hound 2,3.532,2006-11-09,6.0,656
7984,222899,en,About Last Night,3.533,2014-02-14,5.998,507
7985,60405,en,Sharpay's Fabulous Adventure,3.532,2011-04-19,6.0,546
7986,9466,en,Celebrity,3.531,1998-09-07,6.0,473
7987,579,en,Jaws 2,3.567,1978-06-16,6.0,1937
7988,800345,ko,Carter,3.554,2022-08-05,6.0,380
7989,773975,en,End of the Road,3.553,2022-09-09,5.997,328
7990,442249,en,The First Purge,4.039,2018-07-04,5.996,4023
7991,618,en,The Birth of a Nation,3.531,1915-02-08,6.0,542
7992,76494,en,What to Expect When You're Expecting,3.909,2012-05-17,5.995,1798
7993,43939,en,I'm Still Here,3.532,2010-09-10,6.0,373
7994,9449,en,The Borrowers,3.531,1997-12-05,6.0,483
7995,18502,en,The Stuff,3.53,1985-06-14,6.0,479
7996,764835,en,The Desperate Hour,3.546,2021-09-12,6.0,446
7997,55465,en,A Very Harold & Kumar Christmas,3.571,2011-11-04,5.993,974
7998,44363,en,Frozen,3.782,2010-02-05,5.993,1859
7999,13159,en,Georgia Rule,3.532,2007-05-10,6.0,439
8000,11082,en,The Seventh Sign,3.53,1988-04-01,6.0,344
8001,11317,en,My Girl 2,3.536,1994-02-11,6.0,490
8002,11133,en,Poltergeist II: The Other Side,3.53,1986-05-23,6.0,690
8003,818,en,Austin Powers in Goldmember,4.325,2002-07-26,5.992,3163
8004,483202,en,Eli,3.79,2019-10-18,5.991,1421
8005,378018,en,The Void,3.786,2016-09-22,5.989,1277
8006,343611,en,Jack Reacher: Never Go Back,4.551,2016-10-19,6.0,4956
8007,143049,en,Adult World,3.533,2014-02-14,6.0,371
8008,18239,en,The Twilight Saga: New Moon,4.391,2009-11-18,5.991,9301
8009,9566,en,The Fan,3.53,1996-08-15,5.991,800
8010,9096,en,Medicine Man,3.53,1992-02-07,6.0,384
8011,955991,en,The Offering,3.554,2022-09-23,6.0,335
8012,13683,en,Tarzan & Jane,3.531,2002-06-24,6.0,637
8013,9569,en,Hard to Kill,3.531,1990-02-09,5.99,611
8014,8452,en,The 6th Day,4.031,2000-11-17,5.988,2055
8015,1062215,en,Afraid,3.726,2024-08-28,5.978,360
8016,698128,en,Dual,3.55,2022-03-18,6.0,324
8017,497814,en,Breaking In,3.788,2018-05-05,6.0,666
8018,252512,en,While We're Young,3.534,2015-04-03,6.0,1122
8019,247218,it,A Boss in the Living Room,3.533,2014-01-01,6.0,527
8020,41439,en,Saw 3D,3.572,2010-10-22,5.989,3068
8021,15516,en,The Last House on the Left,3.53,1972-08-30,6.0,695
8022,11015,en,The Relic,3.53,1997-01-10,6.0,538
8023,10547,en,The Arrival,3.53,1996-05-31,6.0,747
8024,335777,en,The Nut Job 2: Nutty by Nature,3.537,2017-08-11,5.988,421
8025,302688,en,My Big Fat Greek Wedding 2,3.791,2016-03-23,5.988,1015
8026,80038,en,Friends with Kids,3.783,2012-03-09,6.0,469
8027,10349,en,The Dark Half,3.53,1993-04-23,6.0,414
8028,848187,en,Role Play,3.831,2023-12-14,6.0,548
8029,823999,it,Diabolik - Ginko Attacks,3.555,2022-11-17,5.987,467
8030,542224,en,Gretel & Hansel,3.578,2020-01-30,5.986,1453
8031,17336,en,Fighting,3.532,2009-04-24,6.0,708
8032,9564,fr,Asterix & Obelix Take on Caesar,3.83,1999-02-03,5.987,1905
8033,2067,en,Mission to Mars,3.781,2000-03-10,6.0,1440
8034,413857,en,Tragedy Girls,3.542,2017-10-20,6.0,317
8035,346681,en,Wilson,3.535,2017-03-24,5.986,360
8036,59861,en,Larry Crowne,3.828,2011-06-30,5.986,1323
8037,49730,en,Red Riding Hood,3.901,2011-03-10,5.986,3166
8038,36669,en,Die Another Day,4.37,2002-11-17,5.985,3572
8039,21427,fr,The Valet,3.825,2006-03-29,5.986,519
8040,14451,no,Dead Snow,3.532,2009-01-09,6.0,1127
8041,11595,en,Another 48 Hrs.,4.03,1990-06-08,6.0,885
8042,11306,en,Extreme Measures,3.78,1996-09-27,6.0,326
8043,1125311,en,Imaginary,3.844,2024-03-06,5.985,550
8044,353069,en,Mother's Day,3.542,2016-04-28,5.984,1273
8045,11638,en,Guess Who,3.536,2005-03-25,5.984,918
8046,8914,en,Deep Blue Sea,3.533,1999-07-28,6.0,2461
8047,526896,en,Morbius,4.309,2022-03-30,5.982,4394
8048,22821,en,The Boondock Saints II: All Saints Day,3.532,2009-11-24,6.0,756
8049,9894,en,The Cable Guy,4.105,1996-06-10,5.982,2466
8050,11866,en,Flight of the Phoenix,3.531,2004-12-17,6.0,877
8051,10678,en,Bringing Down the House,3.531,2003-03-07,5.982,706
8052,10571,en,Boys and Girls,3.531,2000-06-16,6.0,397
8053,10402,en,Deuce Bigalow: Male Gigolo,4.033,1999-12-10,6.0,1429
8054,785985,fr,The Takedown,3.551,2022-05-06,6.0,478
8055,146198,en,Triple 9,3.536,2016-02-19,5.981,2154
8056,58595,en,Snow White and the Huntsman,3.546,2012-05-30,6.0,7915
8057,12517,fr,Calvaire,3.531,2005-03-09,6.0,316
8058,4234,en,Scream 3,3.908,2000-02-04,5.981,3673
8059,352492,en,XOXO,3.535,2016-08-26,6.0,588
8060,13078,en,The Babysitters,3.533,2008-05-09,5.98,504
8061,7501,en,Knockaround Guys,3.532,2001-11-30,5.98,357
8062,50725,en,Take Me Home Tonight,3.532,2011-03-04,6.0,680
8063,549514,en,Fatale,3.544,2020-12-18,6.0,342
8064,274854,en,The Last Witch Hunter,3.825,2015-10-21,5.978,3635
8065,253626,en,Good Kill,3.534,2015-04-09,6.0,555
8066,39345,en,Casper Meets Wendy,3.574,1998-09-10,5.977,394
8067,9266,en,Blue Crush,3.536,2002-08-08,5.977,538
8068,550201,th,The Pool,3.538,2018-09-27,5.976,338
8069,243442,it,A Fantastic Back and Forth,3.533,2013-12-12,5.976,316
8070,183662,en,Crush,3.533,2013-03-13,6.0,348
8071,175116,it,Out of the Blue,3.533,2013-03-14,5.976,316
8072,28468,it,The Key,3.565,1983-10-19,6.0,411
8073,10538,en,Passenger 57,3.531,1992-11-06,6.0,1021
8074,209112,en,Batman v Superman: Dawn of Justice,4.682,2016-03-23,5.975,18149
8075,88042,en,Parental Guidance,3.533,2012-12-25,6.0,461
8076,8973,en,Lord of Illusions,3.78,1995-08-25,6.0,337
8077,890771,en,The Black Demon,3.563,2023-04-26,6.0,638
8078,630586,en,Wrong Turn,3.547,2021-01-26,6.0,1170
8079,9091,en,Sudden Death,3.536,1995-10-27,5.974,732
8080,320288,en,Dark Phoenix,3.836,2019-06-05,5.973,6613
8081,32823,en,Get Him to the Greek,3.82,2010-06-03,5.973,1791
8082,19994,en,Jennifer's Body,3.574,2009-09-18,5.972,3901
8083,11479,fr,"Little Indian, Big City",3.824,1994-12-14,5.973,587
8084,10900,en,Surveillance,3.532,2008-02-08,6.0,332
8085,579828,ru,Superdeep,3.544,2020-11-04,6.0,300
8086,24402,fr,Emmanuelle,4.038,1974-06-25,6.0,772
8087,10313,en,The Men Who Stare at Goats,4.284,2009-10-17,5.967,2240
8088,9406,en,An American Werewolf in Paris,3.53,1997-05-29,6.0,688
8089,7515,en,London,3.781,2005-09-03,5.972,317
8090,7090,en,Ken Park,3.781,2002-08-31,5.972,617
8091,670428,en,PG: Psycho Goreman,3.542,2020-10-29,5.971,368
8092,396806,en,Anon,3.538,2018-05-03,6.0,1594
8093,308024,en,The Overnight,3.534,2015-06-19,6.0,341
8094,44894,it,I Love You in Every Language in the World,3.531,2005-12-16,6.0,486
8095,9815,en,Goal II: Living the Dream,3.532,2007-02-09,5.97,661
8096,9645,en,Ghost Ship,3.533,2002-10-25,6.0,2435
8097,9348,en,Species,3.531,1995-07-07,6.0,1677
8098,9296,en,S1m0ne,3.532,2002-08-23,6.0,916
8099,1722,en,Captain Corelli's Mandolin,3.536,2001-04-18,6.0,532
8100,758879,en,A Castle for Christmas,3.585,2021-11-26,5.969,324
8101,333348,en,Love the Coopers,3.535,2015-11-12,6.0,809
8102,301348,en,Elvis & Nixon,3.785,2016-03-22,5.964,414
8103,14979,en,Thick as Thieves,1.979,2009-01-09,6.0,793
8104,460321,en,Close,3.539,2019-02-22,6.0,674
8105,174323,en,G.B.F.,0.151,2014-01-17,6.0,390
8106,8698,en,The League of Extraordinary Gentlemen,4.077,2003-07-11,5.968,4081
8107,45535,fr,Fatal,3.532,2010-06-16,6.0,625
8108,11199,en,Wild Hogs,4.032,2007-03-02,5.965,2308
8109,700391,en,65,3.607,2023-03-02,6.0,2500
8110,24795,en,Angels in the Outfield,3.53,1994-07-15,6.0,440
8111,12658,en,Someone Like You...,3.532,2001-03-30,6.0,387
8112,12540,en,Bring It On Again,0.151,2004-01-13,6.0,429
8113,10023,en,Dragnet,3.78,1987-06-23,5.966,490
8114,3597,en,I Know What You Did Last Summer,4.114,1997-10-17,5.966,2827
8115,584962,en,Between Two Ferns: The Movie,3.79,2019-09-20,5.962,879
8116,491473,en,Gloria Bell,3.539,2019-03-07,6.0,318
8117,187596,en,Walk of Shame,3.578,2014-05-02,5.965,1441
8118,12994,en,The Nines,3.782,2007-01-21,5.965,430
8119,955531,es,Sister Death,3.573,2023-10-05,6.0,304
8120,523936,fr,Meander,3.545,2021-07-01,6.0,419
8121,59429,ja,Paranormal Activity: Tokyo Night,3.532,2010-11-20,6.0,435
8122,16061,ja,Tokyo Gore Police,3.533,2008-10-04,6.0,332
8123,4256,en,Scary Movie 3,4.04,2003-10-24,5.962,4143
8124,785752,en,Intrusion,3.833,2021-09-22,5.963,681
8125,211067,en,The Sacrament,3.534,2013-09-02,5.963,452
8126,58224,en,Mr. Popper's Penguins,3.79,2011-06-17,5.963,2993
8127,19840,en,"I Love You, Beth Cooper",3.532,2009-07-10,6.0,890
8128,2313,en,Prime,3.568,2005-09-21,5.963,801
8129,605735,fr,10 Days with Dad,3.54,2020-02-19,6.0,302
8130,460458,en,Resident Evil: Welcome to Raccoon City,3.823,2021-11-24,5.961,2488
8131,266647,en,Pan,4.078,2015-09-24,5.962,2736
8132,11374,en,EDtv,4.031,1999-03-26,5.957,640
8133,414190,en,iBoy,3.535,2017-01-27,6.0,1154
8134,301502,en,Blonde,3.555,2022-09-16,5.961,1386
8135,123109,en,No One Lives,3.534,2013-03-09,6.0,622
8136,27579,en,The American,3.864,2010-08-31,5.961,1373
8137,8069,en,Barbarella,3.532,1968-10-10,6.0,751
8138,125490,en,Antiviral,3.533,2012-09-19,5.96,398
8139,81446,en,The Baytown Outlaws,3.827,2012-08-27,5.96,314
8140,38780,en,Rampage,3.532,2009-09-27,6.0,439
8141,37821,en,Killers,3.82,2010-06-04,5.96,2207
8142,13460,en,Doomsday,3.532,2008-03-14,6.0,1303
8143,321258,en,The Boy,3.536,2016-01-22,5.959,3774
8144,257088,en,Point Break,3.54,2015-12-03,6.0,2308
8145,215830,en,Open Grave,3.533,2013-08-13,6.0,716
8146,8780,en,Baby Mama,3.533,2008-04-25,5.959,659
8147,14372,en,Leviathan,3.536,1989-03-17,6.0,502
8148,13825,en,The Lazarus Project,3.532,2008-10-24,6.0,356
8149,13279,en,Lakeview Terrace,3.782,2008-09-19,5.958,1073
8150,11429,en,Beyond Re-Animator,3.531,2003-04-04,6.0,365
8151,8975,en,The Marine,3.531,2006-10-13,6.0,769
8152,749274,en,Cry Macho,3.546,2021-09-16,6.0,1040
8153,97051,en,Would You Rather,3.571,2013-02-08,5.957,932
8154,74945,fr,War of the Buttons,3.533,2011-09-21,6.0,470
8155,19724,en,Imagine That,3.532,2009-06-19,6.0,566
8156,13477,en,When in Rome,3.569,2010-01-29,5.957,1215
8157,9021,en,The Santa Clause 2,3.569,2002-09-29,6.0,1330
8158,356842,en,The Ones Below,3.541,2016-03-11,6.0,351
8159,257440,en,Term Life,3.535,2016-04-29,6.0,308
8160,97614,en,Deadfall,3.533,2012-11-08,6.0,677
8161,17037,en,I'll Be Home for Christmas,3.531,1998-11-13,6.0,334
8162,1077280,en,Die Hart,3.559,2023-02-22,5.955,456
8163,664574,en,Silent Night,3.547,2021-12-03,6.0,508
8164,39227,en,When in Rome,3.536,2002-11-26,5.955,325
8165,1043565,en,Mindcage,3.624,2022-12-16,6.0,345
8166,559581,en,Stowaway,3.796,2021-06-24,5.954,550
8167,266294,en,Sisters,3.54,2015-12-18,6.0,1384
8168,220286,en,Grand Piano,3.533,2013-10-11,5.954,511
8169,9448,en,The Big Hit,3.531,1998-04-24,6.0,427
8170,1001311,fr,Under Paris,3.634,2024-06-04,5.953,1256
8171,611914,en,The Courier,3.54,2019-11-22,6.0,541
8172,597890,en,Voyagers,3.546,2021-04-08,5.953,885
8173,12556,en,Ghosts of Girlfriends Past,3.57,2009-05-01,6.0,2316
8174,533642,en,Child's Play,3.789,2019-06-19,5.952,1929
8175,487083,en,Paradise Hills,3.789,2019-08-29,5.959,539
8176,245906,en,She's Funny That Way,3.534,2015-04-22,6.0,672
8177,351964,en,The Escort,3.534,2015-11-05,6.0,416
8178,85041,it,The Immature: The Trip,3.533,2012-01-04,5.951,605
8179,50321,en,Mars Needs Moms,3.57,2011-03-09,6.0,708
8180,12245,en,The Oxford Murders,3.532,2008-01-18,6.0,649
8181,267193,en,Grimsby,3.791,2016-02-24,5.95,2318
8182,11078,en,National Security,3.531,2003-01-17,6.0,992
8183,531306,en,Rim of the World,3.539,2019-05-24,5.949,965
8184,228066,en,Victor Frankenstein,3.859,2015-11-10,5.949,2150
8185,18147,en,Unaccompanied Minors,3.538,2006-12-08,5.9,311
8186,2029,fr,Tanguy,3.825,2001-11-21,5.949,468
8187,1483,en,Begotten,3.53,1991-06-05,5.936,312
8188,382517,en,Open Season: Scared Silly,3.534,2015-12-18,5.948,346
8189,10680,en,D3: The Mighty Ducks,3.53,1996-10-04,5.948,453
8190,415010,fr,Ravenous,3.537,2017-09-23,5.9,429
8191,586592,en,Come to Daddy,3.789,2019-04-25,5.946,540
8192,337154,en,The Meddler,3.541,2016-04-05,5.9,350
8193,9275,en,Death to Smoochy,3.531,2002-03-29,5.9,399
8194,340402,en,Almost Christmas,3.535,2016-11-11,5.9,365
8195,228973,en,Backcountry,3.534,2015-03-20,5.9,664
8196,24056,en,The Tournament,3.532,2009-05-01,5.9,631
8197,1410,en,Dark Star,3.53,1974-03-30,5.9,574
8198,12572,en,"New York, I Love You",3.782,2008-09-06,5.946,542
8199,16113,en,The Delta Force,3.53,1986-02-14,5.9,439
8200,13018,en,Deception,3.532,2008-04-24,5.9,663
8201,9383,en,Hollow Man,4.037,2000-08-04,5.941,2556
8202,454699,en,Monster Family,3.537,2017-08-24,5.942,345
8203,299687,en,The 5th Wave,3.539,2016-01-14,5.9,5790
8204,168055,fr,Love Is in the Air,3.833,2013-04-02,5.942,420
8205,34494,it,Sorry if I Love You,3.532,2008-01-25,5.942,708
8206,7451,en,xXx,3.49,2002-08-09,5.941,4365
8207,895744,en,Studio 666,3.55,2022-02-24,5.9,304
8208,509730,en,The Queen's Corgi,3.539,2019-02-13,5.9,429
8209,258193,en,Alien Abduction,3.54,2014-04-04,5.941,381
8210,602734,en,Spiral: From the Book of Saw,3.546,2021-05-12,5.94,2066
8211,503619,en,The Package,3.538,2018-08-10,5.94,1202
8212,24831,en,Piranha,3.567,1978-08-03,5.9,679
8213,14248,en,Igor,4.032,2008-09-19,5.935,564
8214,11718,en,Who's Harry Crumb?,3.53,1989-02-03,5.9,326
8215,11152,en,The Ruins,3.532,2008-04-02,5.9,1291
8216,1966,en,Alexander,3.832,2004-11-21,5.94,3298
8217,445954,en,Acts of Vengeance,3.787,2017-10-27,5.9,570
8218,91314,en,Transformers: Age of Extinction,3.84,2014-06-25,5.9,8258
8219,11775,en,Intolerable Cruelty,4.113,2003-09-02,5.939,1516
8220,7091,en,Vampire's Kiss,3.53,1989-06-02,5.9,419
8221,4923,en,Zardoz,3.567,1974-02-06,5.9,456
8222,2749,en,15 Minutes,3.531,2001-03-01,5.9,734
8223,470114,en,24 Hours to Live,3.537,2017-10-26,5.9,656
8224,460019,en,Truth or Dare,3.577,2018-04-12,5.9,4046
8225,458005,en,Zoe,3.538,2018-07-19,5.938,405
8226,310133,en,Cop Car,3.784,2015-07-08,5.938,860
8227,139038,en,A Haunted House,3.533,2013-01-11,5.9,1921
8228,136835,en,No Good Deed,5.326,2014-09-10,5.9,633
8229,112200,en,Thanks for Sharing,3.608,2013-09-19,5.938,553
8230,590869,it,Hammamet,3.54,2020-01-09,5.9,403
8231,87101,en,Terminator Genisys,6.046,2015-06-23,5.9,8490
8232,1690,en,Hostel,3.819,2005-09-17,5.936,3666
8233,98357,en,Broken City,3.827,2013-01-18,5.936,1477
8234,81796,en,Lockout,3.827,2012-04-12,5.936,1854
8235,10765,en,Private Benjamin,3.53,1980-10-06,5.9,386
8236,10714,en,The Jungle Book,3.53,1994-12-23,5.9,468
8237,10204,en,Around the World in 80 Days,4.281,2004-06-16,5.934,2537
8238,39386,fr,The Corsican File,3.531,2004-10-06,5.9,374
8239,10357,en,Volcano,3.531,1997-04-25,5.932,1549
8240,9597,fr,Vidocq,3.825,2001-09-18,5.932,533
8241,2018,en,The Wedding Planner,3.568,2001-01-26,5.9,1711
8242,565413,it,The King's Musketeers,3.543,2018-12-27,5.931,390
8243,452507,en,1922,3.538,2017-10-20,5.931,2756
8244,13962,en,Blank Check,3.53,1994-02-11,5.9,504
8245,13668,en,Catch and Release,3.532,2006-10-20,5.9,572
8246,10488,en,Nim's Island,3.533,2008-04-03,5.9,1134
8247,8555,en,Creep,3.531,2004-08-10,5.9,758
8248,328720,it,Ma che bella sorpresa,3.534,2015-03-11,5.9,402
8249,19384,en,Dark Angel,3.53,1990-01-26,5.9,323
8250,12500,en,American Ninja,3.568,1985-08-30,5.93,434
8251,6073,en,The Mexican,4.031,2001-03-01,5.929,1478
8252,12819,en,Alpha and Omega,3.532,2010-09-16,5.929,513
8253,52067,en,Cedar Rapids,3.532,2011-02-11,5.9,431
8254,49010,en,Hobo with a Shotgun,3.569,2011-05-06,5.928,631
8255,38541,en,The Divide,3.533,2012-01-13,5.928,669
8256,37905,fr,The Horde,3.782,2010-02-10,5.927,468
8257,354251,en,Southbound,3.534,2015-09-17,5.9,618
8258,10145,en,The Forgotten,3.532,2004-09-24,5.9,1140
8259,395,en,AVP: Alien vs. Predator,2.385,2004-08-12,5.9,4521
8260,324542,en,Sleepless,3.535,2017-01-12,5.925,1262
8261,291870,en,Dirty Grandpa,3.787,2016-01-20,5.925,4405
8262,172533,en,Drinking Buddies,3.533,2013-08-23,5.925,817
8263,158907,en,Breathe In,3.533,2013-01-18,5.9,315
8264,64639,en,Straw Dogs,3.789,2011-09-16,5.925,575
8265,68728,en,Oz the Great and Powerful,4.378,2013-03-07,5.9,6551
8266,800937,en,Senior Year,3.552,2022-05-11,5.9,848
8267,270487,en,"Hail, Caesar!",4.836,2016-02-05,5.923,3802
8268,11674,en,101 Dalmatians,3.606,1996-11-27,5.9,3427
8269,11011,en,Ri¢hie Ri¢h,4.037,1994-12-19,5.9,2291
8270,640923,it,Kidz,3.54,2020-01-23,5.9,373
8271,617505,en,Hubie Halloween,3.549,2020-10-07,5.9,1657
8272,10366,en,Universal Soldier: The Return,3.537,1999-08-05,5.9,1273
8273,9923,en,Domino,4.042,2005-10-14,5.916,1214
8274,563907,it,All You Need is Crime,3.788,2019-01-10,5.921,462
8275,346709,en,Line of Duty,3.54,2019-12-25,5.9,331
8276,34069,de,Cargo,3.532,2009-09-24,5.9,390
8277,501395,en,True History of the Kelly Gang,3.54,2019-11-23,5.9,320
8278,462148,fr,Love Addict,3.787,2018-04-18,5.92,350
8279,9825,en,Lake Placid,3.531,1999-07-15,5.9,1149
8280,9073,en,Free Willy 2: The Adventure Home,3.53,1995-07-19,5.92,588
8281,785516,fr,Stuck Together,3.547,2021-10-20,5.9,407
8282,505707,en,Waiting for the Barbarians,3.54,2019-09-06,5.9,381
8283,297761,en,Suicide Squad,2.934,2016-08-03,5.918,21295
8284,11157,en,She-Devil,3.53,1989-12-08,5.9,394
8285,2103,en,Solaris,4.031,2002-11-27,5.919,1323
8286,62764,en,Mirror Mirror,3.539,2012-03-15,5.9,3169
8287,39053,en,Cyrus,3.532,2010-06-18,5.9,419
8288,32856,en,Valentine's Day,3.571,2010-02-10,5.918,3060
8289,423949,en,Unicorn Store,3.537,2017-09-11,5.9,849
8290,311667,en,Manhattan Night,3.785,2016-05-20,5.9,387
8291,270302,en,The Riot Club,3.534,2014-09-19,5.9,980
8292,146223,en,Closed Circuit,3.533,2013-08-28,5.9,459
8293,2176,en,The Glass House,3.568,2001-09-14,5.917,993
8294,399019,en,The Beguiled,3.537,2017-06-23,5.9,2161
8295,340676,fr,Personal Shopper,3.786,2016-12-14,5.915,1238
8296,10748,en,St. Trinian's,3.569,2007-12-21,5.916,471
8297,673593,en,Mean Girls,3.586,2024-01-10,5.9,591
8298,174675,en,The Machine,3.783,2013-04-25,5.91,810
8299,9895,en,Man of the Year,3.536,2006-10-09,5.9,460
8300,805320,es,Bird Box Barcelona,3.568,2023-07-14,5.9,720
8301,448194,en,Pyewacket,3.537,2017-12-08,5.9,315
8302,98566,en,Teenage Mutant Ninja Turtles,6.481,2014-08-07,5.913,6844
8303,14648,fr,Podium,3.531,2004-02-11,5.9,439
8304,182560,en,Dark Places,3.784,2015-04-08,5.913,1287
8305,74998,en,Seeking Justice,3.533,2011-09-02,5.9,1008
8306,9005,en,The Ice Harvest,3.531,2005-11-23,5.9,307
8307,2687,en,Memoirs of an Invisible Man,4.03,1992-02-28,5.905,598
8308,501979,en,Bill & Ted Face the Music,4.298,2020-08-27,5.907,967
8309,87516,en,Oldboy,3.535,2013-11-14,5.9,1985
8310,38031,en,You Will Meet a Tall Dark Stranger,3.532,2010-09-22,5.9,857
8311,479455,en,Men in Black: International,4.041,2019-06-12,5.91,4980
8312,353569,en,Table 19,3.573,2017-03-03,5.91,965
8313,495766,it,I'm Back,3.537,2018-02-01,5.909,561
8314,306952,en,Naomi and Ely's No Kiss List,3.534,2015-09-18,5.9,1070
8315,45649,fr,Rubber,3.532,2010-11-09,5.9,1032
8316,10985,en,The New Guy,3.531,2002-05-10,5.909,596
8317,10136,en,The Golden Child,4.068,1986-12-12,5.908,1089
8318,996821,en,You're Cordially Invited,4.597,2025-01-29,5.9,305
8319,258489,en,The Legend of Tarzan,4.075,2016-06-29,5.909,6265
8320,146381,en,Justin and the Knights of Valour,3.533,2013-08-09,5.908,315
8321,99579,fr,"Farewell, My Queen",3.533,2012-03-21,5.9,306
8322,13006,en,Split Second,3.53,1992-05-01,5.9,320
8323,9431,en,Bordello of Blood,3.53,1996-08-16,5.9,380
8324,7548,en,The Libertine,3.531,2004-09-16,5.907,454
8325,1970,en,The Grudge,3.569,2004-10-22,5.9,2977
8326,496704,en,Tremors: A Cold Day in Hell,3.538,2018-05-01,5.9,417
8327,375588,en,Robin Hood,3.576,2018-11-03,5.906,2993
8328,169219,en,The Dyatlov Pass Incident,3.533,2013-02-27,5.9,667
8329,86828,en,Absolutely Anything,3.822,2015-02-13,5.9,1475
8330,18823,en,Clash of the Titans,4.073,2010-03-26,5.907,6317
8331,9973,en,Air Buddies,3.532,2006-12-12,5.9,329
8332,7364,en,Sahara,4.074,2005-04-06,5.904,1509
8333,1093231,en,Mother of the Bride,3.605,2024-05-08,5.9,304
8334,808023,en,The Virtuoso,3.545,2021-04-30,5.9,388
8335,555974,en,Brahms: The Boy II,3.54,2020-02-20,5.9,1242
8336,513409,en,Earthquake Bird,3.54,2019-11-01,5.905,441
8337,2636,en,The Specialist,3.531,1994-10-07,5.905,1316
8338,36691,en,Solitary Man,3.532,2009-09-07,5.9,319
8339,10640,en,Futureworld,3.53,1976-08-13,5.903,324
8340,9417,en,Wrongfully Accused,3.531,1998-07-23,5.9,439
8341,2310,en,Beowulf,3.533,2007-11-05,5.9,2870
8342,464504,en,A Madea Family Funeral,3.539,2019-03-01,5.9,483
8343,290555,en,Wolves,3.534,2014-08-28,5.9,302
8344,9072,en,Little Man,3.547,2006-08-31,5.9,1758
8345,974453,en,Absolution,6.443,2024-10-31,5.913,360
8346,151960,en,Planes,3.536,2013-08-09,5.901,1710
8347,418437,en,Unforgettable,3.578,2017-03-06,5.9,647
8348,362637,it,Opposites Attract,3.534,2015-10-08,5.9,302
8349,334527,en,Criminal Activities,3.534,2015-11-20,5.899,303
8350,238603,en,Earth to Echo,3.534,2014-06-14,5.899,584
8351,27414,en,"Silent Night, Deadly Night",3.53,1984-11-09,5.9,381
8352,10495,en,The Karate Kid Part III,3.781,1989-06-16,5.9,1643
8353,862551,en,Me Time,3.554,2022-08-26,5.898,917
8354,807172,en,The Exorcist: Believer,3.575,2023-10-04,5.9,1087
8355,10280,en,Thinner,3.53,1996-10-25,5.9,615
8356,5137,en,Sky Captain and the World of Tomorrow,4.281,2004-09-17,5.892,1269
8357,1995,en,Lara Croft: Tomb Raider,4.827,2001-06-11,5.897,6147
8358,167032,en,Curse of Chucky,3.534,2013-10-08,5.896,1581
8359,53399,it,The Solitude of Prime Numbers,3.532,2010-09-10,5.9,383
8360,14873,en,The Jungle Book 2,3.531,2003-02-07,5.896,1144
8361,10708,en,Daddy Day Care,3.569,2003-05-09,5.896,2134
8362,235271,en,Addicted,3.573,2014-10-10,5.895,417
8363,39285,en,Beauty & the Briefcase,3.569,2010-07-20,5.895,408
8364,11968,en,Into the Blue,3.531,2005-09-30,5.9,1508
8365,9982,en,Chicken Little,3.783,2005-11-04,5.895,3931
8366,1884,en,The Ewok Adventure,3.567,1984-11-25,5.895,382
8367,2022,en,Mr. Deeds,4.284,2002-06-28,5.893,2313
8368,829557,pl,365 Days: This Day,3.936,2022-04-26,5.893,1671
8369,457962,en,Shimmer Lake,3.537,2017-06-09,5.9,425
8370,390584,en,King Cobra,3.573,2016-10-21,5.893,469
8371,54540,en,Beverly Hills Chihuahua 2,3.532,2011-02-01,5.893,395
8372,643550,en,Nocturne,3.542,2020-10-13,5.9,459
8373,446131,en,Madame,3.537,2017-08-17,5.9,302
8374,439079,en,The Nun,3.547,2018-09-05,5.892,6745
8375,254473,en,Brick Mansions,3.535,2014-04-22,5.9,1525
8376,203665,fr,Paris or Perish,3.533,2013-07-15,5.9,302
8377,147868,it,The Worst Christmas of My Life,3.533,2012-12-22,5.891,524
8378,13389,en,Righteous Kill,3.532,2008-09-11,5.9,1251
8379,9767,en,The Break-Up,3.857,2006-06-01,5.892,2688
8380,505436,fr,Serial (Bad) Weddings 2,3.576,2019-01-30,5.89,1271
8381,346672,en,Underworld: Blood Wars,3.537,2016-11-24,5.89,3705
8382,460648,zh,Bleeding Steel,3.537,2017-12-18,5.9,515
8383,416234,en,Winchester,3.537,2018-02-02,5.9,1751
8384,10030,en,Good Luck Chuck,3.589,2007-09-21,5.9,1529
8385,184125,en,Assault on Wall Street,3.54,2013-06-30,5.888,466
8386,693113,en,Midnight in the Switchgrass,3.59,2021-07-23,5.887,432
8387,192145,en,Third Person,3.534,2014-06-20,5.9,604
8388,62838,en,New Year's Eve,4.109,2011-12-08,5.889,2152
8389,16558,en,Duplicity,3.532,2009-03-18,5.9,796
8390,9907,en,Barnyard,4.032,2006-08-04,5.886,1107
8391,811656,en,Monstrous,3.551,2022-05-13,5.9,303
8392,649087,sv,Red Dot,3.544,2021-02-11,5.9,700
8393,89492,en,This Is 40,3.851,2012-12-20,5.885,2184
8394,23514,en,The Rum Diary,3.783,2011-10-13,5.9,1248
8395,13067,en,In the Land of Women,3.532,2007-04-20,5.885,492
8396,72571,en,Paranormal Activity 3,3.534,2011-10-19,5.884,2208
8397,476764,en,The Front Runner,3.538,2018-11-06,5.9,358
8398,283445,en,Sinister 2,3.784,2015-08-19,5.883,2151
8399,28597,en,Problem Child 2,3.53,1991-07-03,5.9,613
8400,22894,en,Legion,3.609,2010-01-21,5.883,2660
8401,11648,en,Must Love Dogs,3.568,2005-07-21,5.883,467
8402,6439,en,Racing Stripes,3.568,2005-01-06,5.9,618
8403,671039,fr,Rogue City,3.88,2020-10-30,5.882,592
8404,340945,en,USS Indianapolis: Men of Courage,3.535,2016-09-22,5.9,612
8405,333674,en,Intruders,3.534,2015-06-12,5.882,479
8406,14140,en,Herbie Goes to Monte Carlo,3.53,1977-06-24,5.9,321
8407,2084,en,Birthday Girl,3.531,2001-09-06,5.9,406
8408,34480,en,The Descent: Part 2,3.533,2009-10-14,5.881,1177
8409,284289,en,Beyond the Reach,5.324,2014-09-06,5.9,364
8410,20829,en,Funny People,3.532,2009-07-30,5.9,1315
8411,11187,en,Child's Play 3,3.53,1991-08-30,5.9,1606
8412,9030,en,The Eye,3.532,2008-02-01,5.9,1068
8413,216015,en,Fifty Shades of Grey,4.301,2015-02-11,5.879,11904
8414,57331,fr,Largo Winch II,4.076,2011-02-16,5.88,366
8415,12596,en,Pushing Tin,3.531,1999-04-23,5.879,400
8416,318,en,The Million Dollar Hotel,3.531,2000-02-09,5.9,342
8417,241843,en,Cooties,3.534,2014-10-10,5.9,752
8418,17134,en,12 Rounds,3.532,2009-03-19,5.9,791
8419,471507,en,Destroyer,3.538,2018-12-25,5.9,726
8420,37707,en,Splice,3.534,2010-06-03,5.9,2275
8421,395458,en,Suburbicon,3.787,2017-10-26,5.876,1716
8422,208763,ru,Forbidden Empire,3.533,2014-01-30,5.9,311
8423,1257,en,Because I Said So,3.537,2007-02-02,5.875,641
8424,97020,en,RoboCop,3.786,2014-01-30,5.874,5538
8425,615658,en,Awake,3.545,2021-06-09,5.873,1081
8426,9582,en,A Guy Thing,3.568,2003-01-17,5.873,346
8427,249070,en,Hitman: Agent 47,3.61,2015-08-20,5.9,3087
8428,175574,en,Free Birds,3.534,2013-10-30,5.871,792
8429,79697,en,Butter,3.533,2012-10-05,5.9,400
8430,20414,it,"Grande, grosso e Verdone",3.537,2008-03-07,5.9,383
8431,780154,pl,All My Friends Are Dead,3.544,2020-12-28,5.9,350
8432,206296,en,The Last Five Years,3.534,2014-11-03,5.9,342
8433,15379,en,Missing in Action,3.53,1984-11-16,5.9,498
8434,7978,en,The Wolfman,3.534,2010-02-10,5.9,2016
8435,432618,fr,Coexister,3.537,2017-10-11,5.9,392
8436,340022,en,Gringo,3.574,2018-03-08,5.869,754
8437,10061,en,Escape from L.A.,4.036,1996-08-09,5.867,1467
8438,9728,en,Friday the 13th Part III,3.607,1982-08-13,5.9,1434
8439,306,en,Beverly Hills Cop III,4.069,1994-05-24,5.869,1938
8440,383785,zh,Kung Fu Yoga,3.535,2017-01-27,5.9,385
8441,48838,en,London Boulevard,3.532,2010-11-10,5.868,753
8442,11630,en,3 Men and a Little Lady,3.53,1990-11-21,5.9,536
8443,147441,en,Exodus: Gods and Kings,6.139,2014-12-03,5.867,4585
8444,9530,en,RV,3.532,2006-04-28,5.867,1689
8445,429460,en,Muse,3.537,2017-11-09,5.9,357
8446,15019,en,I Could Never Be Your Woman,3.532,2007-05-11,5.9,421
8447,679989,fr,Simply Black,3.835,2020-07-08,5.865,429
8448,38961,en,Tamara Drewe,3.532,2010-07-14,5.9,448
8449,14138,en,Black Water,3.532,2007-06-01,5.865,349
8450,1450,en,Blood: The Last Vampire,3.532,2009-04-02,5.9,381
8451,419522,it,Ignorance Is Bliss,3.535,2017-02-23,5.864,449
8452,18476,en,Horsemen,3.532,2009-02-06,5.9,551
8453,6723,en,The Rookie,3.78,1990-12-07,5.864,562
8454,2144,en,One Night at McCool's,3.531,2001-04-19,5.864,343
8455,661791,es,La Abuela (The Grandmother),3.548,2022-01-28,5.863,452
8456,277547,en,Playing It Cool,5.675,2014-09-26,5.862,765
8457,133698,fr,A Perfect Plan,3.827,2012-10-29,5.863,622
8458,50022,en,Super Troopers 2,3.537,2018-04-19,5.9,471
8459,19286,en,Leprechaun 3,3.573,1995-06-27,5.9,322
8460,11851,en,The Presidio,3.53,1988-06-10,5.863,339
8461,8398,en,The Hitcher,3.532,2007-01-19,5.863,935
8462,377275,fr,In Bed with Victoria,3.535,2016-09-14,5.9,486
8463,23172,en,The Spy Next Door,3.533,2010-01-15,5.9,1312
8464,16866,en,Planet 51,4.033,2009-11-19,5.861,2044
8465,84200,en,"For a Good Time, Call...",3.533,2012-08-31,5.9,306
8466,52077,fr,Nothing to Declare,3.532,2010-12-20,5.9,1127
8467,44833,en,Battleship,3.832,2012-04-11,5.861,5579
8468,30618,en,Bunraku,3.532,2010-09-01,5.9,321
8469,793723,fr,Sentinelle,3.544,2021-03-05,5.9,596
8470,650783,en,The Comeback Trail,3.542,2020-11-12,5.9,317
8471,59965,en,Abduction,3.833,2011-09-22,5.859,2888
8472,45772,en,Gnomeo & Juliet,3.82,2011-01-13,5.859,1972
8473,9099,en,Sgt. Bilko,4.03,1996-03-29,5.852,358
8474,9988,en,Beerfest,3.531,2006-08-25,5.9,555
8475,27583,en,Greenberg,3.532,2010-03-26,5.9,571
8476,10379,en,Drop Dead Fred,4.03,1991-04-19,5.847,375
8477,9678,en,Little Nicky,4.282,2000-11-10,5.856,1840
8478,36648,en,Blade: Trinity,3.571,2004-12-08,5.9,3948
8479,9413,en,Picture Perfect,3.567,1997-08-01,5.857,428
8480,5,en,Four Rooms,3.53,1995-12-09,5.9,2677
8481,740925,en,No One Gets Out Alive,3.547,2021-09-29,5.9,648
8482,114478,en,Starship Troopers: Invasion,3.533,2012-08-28,5.9,400
8483,87567,en,The Big Wedding,3.94,2013-04-25,5.856,1172
8484,12277,en,Undercover Brother,4.031,2002-05-31,5.849,384
8485,503,en,Poseidon,3.532,2006-05-03,5.9,2157
8486,487702,en,F the Prom,3.537,2017-12-05,5.9,411
8487,12139,en,Dennis the Menace,3.53,1993-06-09,5.9,1475
8488,69778,en,A Good Old Fashioned Orgy,3.533,2011-09-02,5.9,329
8489,27573,en,The Bounty Hunter,3.57,2010-03-16,5.854,2865
8490,12138,en,3000 Miles to Graceland,3.826,2001-02-23,5.854,648
8491,3682,en,54,3.568,1998-08-28,5.854,481
8492,418078,en,It Comes at Night,3.537,2017-06-09,5.853,2397
8493,9312,en,Mortal Kombat,3.538,1995-08-18,5.9,2311
8494,3512,en,Under Siege 2: Dark Territory,4.03,1995-07-13,5.85,926
8495,500922,en,A Score to Settle,3.539,2019-08-01,5.9,496
8496,11870,en,Big Fat Liar,3.531,2002-02-08,5.852,822
8497,11074,en,Striking Distance,3.53,1993-09-17,5.9,825
8498,152259,en,Phantom,3.533,2013-01-03,5.9,323
8499,109431,en,Identity Thief,3.828,2013-02-07,5.851,3346
8500,18457,fr,Dead Weight,3.531,2002-04-10,5.9,378
8501,521935,en,Cam,3.538,2018-10-01,5.8,1483
8502,335791,en,When the Bough Breaks,3.535,2016-09-09,5.8,403
8503,334538,en,Into the Forest,3.536,2016-06-03,5.8,676
8504,93828,en,Welcome to the Punch,3.539,2013-03-15,5.85,658
8505,81005,en,Jack the Giant Slayer,4.119,2013-02-27,5.85,4952
8506,28941,en,Chopping Mall,3.53,1986-03-21,5.8,370
8507,10131,en,A Nightmare on Elm Street 4: The Dream Master,3.568,1988-08-19,5.8,1454
8508,440708,it,Mom or Dad?,3.535,2017-02-14,5.849,631
8509,315319,it,We Accept Miracles,3.534,2015-01-02,5.8,427
8510,262543,en,Automata,5.674,2014-10-09,5.849,1664
8511,238215,en,The Cobbler,3.536,2014-09-11,5.849,1674
8512,14161,en,2012,4.586,2009-10-10,5.848,12073
8513,509874,en,Lying and Stealing,3.539,2019-07-12,5.8,356
8514,20606,en,Doghouse,3.532,2009-06-11,5.8,365
8515,72207,en,The Five-Year Engagement,3.827,2012-04-27,5.847,1337
8516,34803,en,Death at a Funeral,3.532,2010-04-15,5.8,986
8517,14536,en,New in Town,3.533,2009-01-30,5.847,493
8518,9957,en,The Benchwarmers,3.532,2006-04-07,5.8,883
8519,431185,en,He's Out There,3.538,2018-10-25,5.8,309
8520,192134,en,Dom Hemingway,3.533,2013-11-14,5.8,510
8521,768334,it,A Classic Horror Story,3.545,2021-07-01,5.8,964
8522,557946,en,Last Looks,3.548,2022-01-27,5.8,304
8523,25643,en,Love Happens,3.532,2009-09-18,5.844,671
8524,10317,en,Our Brand Is Crisis,3.534,2015-09-11,5.8,495
8525,334536,en,The Blackcoat's Daughter,3.785,2017-03-31,5.844,687
8526,101173,en,Coriolanus,3.532,2011-02-14,5.8,455
8527,11258,en,Hard Rain,3.826,1998-01-16,5.843,722
8528,437626,en,Stockholm,3.539,2019-04-12,5.842,398
8529,8849,en,Alfie,3.531,2004-10-22,5.841,821
8530,284537,en,Welcome to Me,3.534,2014-09-05,5.84,304
8531,4327,en,Charlie's Angels,4.075,2000-11-02,5.84,4214
8532,9491,en,Blue Steel,3.53,1990-03-16,5.8,412
8533,4442,en,The Brothers Grimm,3.782,2005-08-26,5.8,2773
8534,256474,en,In the Blood,3.534,2014-04-04,5.8,355
8535,214030,en,Fading Gigolo,3.533,2013-09-07,5.8,585
8536,192149,en,The Two Faces of January,3.54,2014-05-16,5.838,684
8537,24418,en,Cirque du Freak: The Vampire's Assistant,3.532,2009-10-23,5.8,1107
8538,12096,en,The Pink Panther,3.532,2006-02-10,5.8,1959
8539,10596,en,Replicant,3.531,2001-05-11,5.839,480
8540,539885,en,Ava,3.541,2020-07-02,5.838,2614
8541,12569,en,Extract,3.532,2009-09-03,5.8,616
8542,517412,en,Tesla,3.793,2020-08-14,5.836,335
8543,461053,en,S.W.A.T.: Under Siege,3.537,2017-08-01,5.8,372
8544,353979,en,Pet,3.785,2016-09-24,5.837,667
8545,157823,en,Night Moves,3.534,2014-04-23,5.8,339
8546,14223,en,Wind Chill,3.533,2007-04-27,5.8,479
8547,5375,en,Fred Claus,3.533,2007-11-09,5.836,862
8548,1961,en,My Name Is Bruce,3.532,2007-10-01,5.8,341
8549,348060,fr,Antigang,3.828,2015-08-19,5.835,342
8550,156717,en,Death Race: Inferno,3.534,2013-01-04,5.835,771
8551,44982,en,13,3.569,2010-03-12,5.835,821
8552,13690,en,Open Season 2,3.538,2008-09-24,5.835,1227
8553,11517,en,Money Train,3.53,1995-11-21,5.835,779
8554,291264,en,The Family Fang,3.535,2016-04-16,5.834,329
8555,250349,fr,Barbecue,3.834,2014-04-30,5.834,699
8556,150202,en,The Haunting in Connecticut 2: Ghosts of Georgia,3.533,2013-02-01,5.8,520
8557,4942,en,Leatherheads,3.532,2008-03-24,5.8,457
8558,748167,en,Uglies,3.66,2024-09-12,5.8,741
8559,77987,en,Only God Forgives,3.533,2013-05-30,5.8,2446
8560,14211,en,Prey,3.532,2007-05-18,5.8,381
8561,9396,en,Crocodile Dundee II,4.036,1988-05-19,5.832,1114
8562,413992,en,Sweet Virginia,3.537,2017-11-17,5.8,309
8563,342878,fr,One Wild Moment,3.829,2015-06-24,5.831,1037
8564,270010,en,A Hologram for the King,3.573,2016-04-22,5.831,1151
8565,49524,en,R.I.P.D.,3.537,2013-07-18,5.831,4042
8566,772515,es,Huesera: The Bone Woman,3.559,2023-02-10,5.8,333
8567,438650,en,Cold Pursuit,3.539,2019-02-07,5.8,2618
8568,60281,en,To the Wonder,3.859,2013-02-22,5.83,495
8569,9570,en,The Black Hole,3.531,1979-12-18,5.83,496
8570,8457,en,Drillbit Taylor,3.533,2008-02-04,5.8,1039
8571,1691,en,Hostel: Part II,3.784,2007-06-07,5.83,2049
8572,675327,en,Shadow in the Cloud,3.544,2020-12-31,5.8,988
8573,74777,en,Absentia,3.532,2011-03-03,5.829,340
8574,71679,en,Resident Evil: Retribution,0.33,2012-09-12,5.829,4034
8575,26953,en,Puppet Master,3.53,1989-10-12,5.8,353
8576,957452,en,The Crow,4.29,2024-08-21,5.8,978
8577,663866,en,Censor,3.545,2021-06-11,5.828,395
8578,411873,en,The Little Hours,3.537,2017-06-30,5.828,577
8579,107811,en,21 & Over,3.533,2013-03-01,5.8,1534
8580,13555,en,The Funhouse,3.53,1981-03-13,5.8,395
8581,9070,en,Mighty Morphin Power Rangers: The Movie,3.53,1995-06-30,5.8,711
8582,174751,en,Jane Got a Gun,3.534,2015-12-31,5.827,811
8583,6877,en,Failure to Launch,3.568,2006-03-10,5.827,1677
8584,1097549,en,Babygirl,6.2,2024-12-25,5.8,555
8585,244761,en,The Captive,5.327,2014-09-05,5.8,1095
8586,927107,en,The Bricklayer,3.58,2023-12-14,5.8,306
8587,37414,en,The Killer Inside Me,3.532,2010-02-19,5.825,588
8588,9980,en,Maximum Overdrive,3.78,1986-07-13,5.825,767
8589,619979,en,Deep Water,3.555,2022-03-18,5.824,1433
8590,547388,fr,New Biz in the Hood,3.539,2019-02-27,5.8,312
8591,323676,en,The Boss,3.823,2016-04-07,5.824,1343
8592,77953,en,The Campaign,4.327,2012-08-09,5.821,1754
8593,9824,en,Mystery Men,4.031,1999-08-06,5.821,842
8594,9754,en,Firewall,3.531,2006-02-08,5.8,954
8595,412546,en,Antrum,3.539,2018-10-14,5.822,320
8596,23367,en,Bandslam,3.537,2009-08-06,5.822,460
8597,11856,en,Air America,4.03,1990-08-10,5.818,600
8598,9932,en,Analyze That,4.281,2002-12-06,5.819,1263
8599,240916,en,Reasonable Doubt,3.533,2014-01-17,5.8,561
8600,10768,en,The Final Conflict,3.531,1981-03-20,5.82,578
8601,8836,en,The X Files: I Want to Believe,3.569,2008-07-24,5.821,1521
8602,502416,en,Ma,4.04,2019-05-29,5.821,2262
8603,325848,fr,The Parisian Bitch,3.534,2015-04-29,5.8,472
8604,325133,en,Neighbors 2: Sorority Rising,3.574,2016-05-04,5.82,4430
8605,87428,en,That's My Boy,3.877,2012-06-14,5.82,1990
8606,41171,en,Noel,3.536,2004-11-12,5.8,300
8607,19904,en,The Stepfather,3.532,2009-10-16,5.82,902
8608,17127,en,The Object of My Affection,3.531,1998-04-17,5.82,308
8609,354861,en,Father Figures,3.787,2017-12-21,5.819,634
8610,58547,en,10 Years,3.533,2012-09-14,5.8,551
8611,595743,en,SAS: Red Notice,3.546,2021-08-11,5.8,546
8612,393345,en,Cult of Chucky,3.537,2017-10-12,5.8,1303
8613,41665,it,Fantozzi in Heaven,3.53,1993-12-21,5.8,368
8614,38321,en,Priest,3.544,2011-05-05,5.818,2295
8615,2099,en,Raw Deal,3.53,1986-06-06,5.8,790
8616,368940,de,Robinson Crusoe,3.535,2016-02-04,5.8,334
8617,38262,it,Department Store,3.567,1986-06-06,5.816,302
8618,461992,en,Hostile,3.537,2018-03-08,5.8,371
8619,84105,en,Frenemies,3.533,2012-01-13,5.815,433
8620,60049,it,Come tu mi vuoi,3.532,2007-10-09,5.8,567
8621,9482,en,Judge Dredd,4.03,1995-06-30,5.813,2512
8622,11806,en,Beethoven,3.573,1992-04-03,5.8,2095
8623,11519,en,1941,3.541,1979-12-14,5.8,630
8624,14035,en,Meatballs,3.531,1979-06-28,5.813,323
8625,13056,en,Punisher: War Zone,3.533,2008-12-05,5.8,1169
8626,492621,en,The Midnight Man,3.535,2016-09-30,5.812,417
8627,9600,en,Big Momma's House,3.531,2000-05-31,5.8,2330
8628,423087,en,6 Below: Miracle on the Mountain,3.537,2017-10-12,5.8,367
8629,57157,en,Young Adult,3.533,2011-11-11,5.8,1266
8630,9341,en,The Core,4.032,2003-03-28,5.808,1916
8631,9384,en,Starsky & Hutch,4.033,2004-03-05,5.81,2346
8632,433627,en,7 Days in Entebbe,3.537,2018-03-15,5.8,417
8633,70706,en,Very Good Girls,3.533,2013-01-22,5.8,434
8634,14906,en,Saludos Amigos,3.531,1942-08-24,5.8,472
8635,10862,en,Bounce,3.531,2000-11-15,5.8,390
8636,737568,en,The Doorman,3.543,2020-10-01,5.8,425
8637,8869,en,Eight Legged Freaks,3.568,2002-07-17,5.808,1253
8638,320316,it,Italiano medio,3.784,2015-01-29,5.805,480
8639,718840,en,A Nice Girl Like You,3.541,2020-07-18,5.806,351
8640,429202,en,Vox Lux,3.581,2018-09-07,5.806,490
8641,51620,en,Death Race 2,3.533,2010-11-12,5.806,1114
8642,359412,en,Marauders,3.785,2016-07-01,5.802,658
8643,10172,en,Are We Done Yet?,3.532,2007-04-04,5.8,623
8644,6477,en,Alvin and the Chipmunks,3.572,2007-12-13,5.805,4490
8645,987686,en,A Family Affair,3.682,2024-06-27,5.804,613
8646,61630,it,Suddenly Heaven,3.531,2003-12-19,5.8,350
8647,11632,en,Vanity Fair,3.568,2004-09-01,5.8,340
8648,10054,en,Spy Kids,3.788,2001-03-18,5.803,3481
8649,621707,en,The Vigil,3.541,2020-07-01,5.8,394
8650,489064,en,3 from Hell,3.54,2019-09-16,5.803,487
8651,305932,en,Expelled,3.784,2014-12-12,5.8,449
8652,271718,en,Trainwreck,5.341,2015-07-17,5.803,2594
8653,35626,en,Return to Sleepaway Camp,3.532,2008-11-04,5.8,320
8654,12118,en,Police Academy 3: Back in Training,3.605,1986-03-20,5.803,1245
8655,485942,ja,Batman Ninja,3.54,2018-06-15,5.8,871
8656,377264,en,Morgan,3.535,2016-09-01,5.8,1494
8657,190469,en,Redirected,3.827,2014-01-10,5.802,373
8658,11962,en,Joe's Apartment,3.53,1996-07-26,5.8,348
8659,334394,tr,Baskin,3.535,2015-12-31,5.801,309
8660,82505,en,House at the End of the Street,3.571,2012-09-21,5.8,1805
8661,451877,en,I Think We're Alone Now,3.538,2018-09-14,5.8,406
8662,94380,en,Bad Ass,3.533,2012-04-12,5.8,407
8663,73499,en,The Double,3.827,2011-10-27,5.8,671
8664,299551,en,The Atticus Institute,3.534,2015-01-05,5.798,325
8665,44943,en,Battle: Los Angeles,4.076,2011-03-08,5.798,3484
8666,10406,en,Encino Man,3.53,1992-05-22,5.8,654
8667,10069,en,Stay Alive,3.531,2006-03-24,5.795,760
8668,4248,en,Scary Movie 2,4.036,2001-07-04,5.796,4729
8669,456165,fr,Family Is Family,3.831,2018-02-28,5.797,735
8670,12193,en,Four Christmases,3.57,2008-11-26,5.797,1163
8671,9981,en,Kicking & Screaming,3.531,2005-05-13,5.797,636
8672,403119,en,47 Meters Down,4.037,2017-05-25,5.798,2744
8673,13836,en,Race to Witch Mountain,3.782,2009-03-13,5.8,1718
8674,11451,en,Herbie Fully Loaded,3.532,2005-06-22,5.795,2313
8675,24001,en,The Hills Run Red,3.532,2009-09-29,5.8,307
8676,11141,en,Laws of Attraction,3.781,2004-04-04,5.8,424
8677,739413,en,Mother/Android,3.548,2021-12-17,5.8,765
8678,227783,en,The Nut Job,4.033,2014-01-17,5.791,974
8679,56906,en,Husk,3.533,2011-01-28,5.8,342
8680,52451,en,The Three Musketeers,3.533,2011-08-31,5.8,2641
8681,10599,it,Pinocchio,3.536,2002-10-11,5.8,764
8682,19064,en,Once Bitten,3.53,1985-11-15,5.8,319
8683,11397,en,Not Another Teen Movie,3.827,2001-12-07,5.791,2109
8684,862552,en,The Ritual Killer,3.56,2023-03-09,5.791,320
8685,615469,en,Spiderhead,3.565,2022-06-17,5.79,1565
8686,539537,en,Fantasy Island,3.584,2020-02-12,5.8,2493
8687,422715,ru,The Bride,3.535,2017-01-19,5.79,354
8688,10035,en,100 Girls,3.531,2000-09-01,5.8,464
8689,9095,en,Mary Reilly,3.53,1996-02-23,5.788,319
8690,275601,en,Ricki and the Flash,3.784,2015-07-10,5.787,708
8691,10877,en,Exit Wounds,3.531,2001-03-16,5.8,496
8692,10733,en,The Alamo,3.531,2004-04-07,5.8,337
8693,1408,en,Cutthroat Island,3.53,1995-12-22,5.8,563
8694,323368,en,Hangman,3.574,2017-12-22,5.8,597
8695,255157,en,The Forger,3.534,2014-09-10,5.8,375
8696,76489,en,The Three Stooges,3.533,2012-04-13,5.783,593
8697,45650,en,The Hole,3.532,2009-09-09,5.783,723
8698,10861,en,Maximum Risk,4.068,1996-09-13,5.783,509
8699,9738,en,Fantastic Four,4.616,2005-06-29,5.783,9417
8700,9304,en,Multiplicity,3.567,1996-07-19,5.8,548
8701,7183,en,Perfect Stranger,3.532,2007-04-11,5.8,938
8702,184315,en,Hercules,4.858,2014-07-23,5.8,4119
8703,62206,en,30 Minutes or Less,3.533,2011-08-11,5.8,1720
8704,332704,en,Backtrack,3.534,2015-07-25,5.8,377
8705,256569,en,Trespass Against Us,3.535,2016-10-14,5.8,327
8706,129139,en,The To Do List,3.533,2013-07-24,5.8,1020
8707,56014,it,Men Vs Women,3.532,2010-10-27,5.8,690
8708,18896,fr,The French Kissers,3.532,2009-06-10,5.8,443
8709,81836,en,To Rome with Love,3.79,2012-04-20,5.782,2012
8710,3489,en,88 Minutes,3.532,2007-02-14,5.8,1091
8711,333663,en,War on Everyone,3.535,2016-10-07,5.8,427
8712,311539,en,A Christmas Horror Story,3.534,2015-07-20,5.8,341
8713,42949,fr,Arthur 3: The War of the Two Worlds,3.569,2010-08-22,5.778,1533
8714,13505,en,The Perfect Score,3.531,2004-01-30,5.8,468
8715,10092,en,Cry_Wolf,3.531,2005-09-16,5.8,545
8716,550385,en,Christmas with a View,3.575,2018-11-01,5.777,307
8717,10829,en,Tremors 3: Back to Perfection,3.531,2001-10-02,5.8,640
8718,1452,en,Superman Returns,3.544,2006-06-28,5.8,4248
8719,112454,en,Clown,3.534,2014-11-13,5.8,1383
8720,85038,it,Welcome to the North,3.783,2012-01-18,5.775,1309
8721,14869,en,G.I. Joe: The Rise of Cobra,4.079,2009-08-03,5.776,4653
8722,3603,en,Black Sheep,3.532,2007-03-29,5.8,759
8723,250546,en,Annabelle,3.354,2014-10-02,5.776,6172
8724,119698,en,The Dinosaur Project,3.533,2012-08-09,5.8,304
8725,357096,en,I Spit on Your Grave III: Vengeance Is Mine,3.535,2015-10-01,5.8,967
8726,46261,en,Don't Be Afraid of the Dark,3.533,2010-11-06,5.773,1048
8727,40817,it,Kiss Me Again,3.532,2010-01-29,5.773,374
8728,10014,en,A Nightmare on Elm Street Part 2: Freddy's Revenge,3.569,1985-11-01,5.8,1908
8729,12090,en,Just Married,3.568,2003-01-08,5.771,1366
8730,661930,fr,The Swarm,3.545,2021-04-09,5.8,472
8731,622420,en,The Jack in the Box,3.54,2019-11-09,5.77,445
8732,72477,en,Texas Killing Fields,3.533,2011-10-14,5.8,485
8733,50359,en,Hop,3.532,2011-03-30,5.769,1285
8734,45657,en,The Ward,3.533,2010-09-13,5.769,1212
8735,10694,en,The Chase,3.53,1994-03-04,5.8,355
8736,9074,en,The Man,3.531,2005-09-08,5.769,565
8737,499726,fr,MILF,3.832,2018-05-02,5.768,557
8738,322240,en,Nine Lives,3.536,2016-08-03,5.764,1077
8739,13536,en,City by the Sea,3.531,2002-09-06,5.8,356
8740,1375,en,Rocky V,3.781,1990-11-16,5.768,3229
8741,11478,en,The Skulls,3.531,2000-03-31,5.8,553
8742,1010600,en,The Strangers: Chapter 1,4.223,2024-05-15,5.8,478
8743,560204,en,Arkansas,3.541,2020-05-05,5.766,320
8744,412988,en,The Happytime Murders,3.539,2018-08-22,5.766,1008
8745,234004,en,Ratchet & Clank,4.035,2016-04-13,5.762,615
8746,17169,en,Any Which Way You Can,3.53,1980-12-17,5.8,337
8747,41513,en,The Smurfs,4.535,2011-07-29,5.8,3791
8748,41668,it,Fantozzi The Return,3.53,1996-12-20,5.8,380
8749,14123,en,Bratz,3.532,2007-08-03,5.8,444
8750,11456,en,Domestic Disturbance,3.531,2001-10-28,5.764,437
8751,1717,en,All the King's Men,3.531,2006-09-10,5.8,307
8752,347754,en,Curve,3.536,2015-08-31,5.8,491
8753,18176,en,Assassination of a High School President,3.569,2008-01-17,5.763,304
8754,11908,en,Hatchet,3.531,2006-04-27,5.8,653
8755,123105,en,The Bay,3.533,2012-09-13,5.8,772
8756,489929,en,Destination Wedding,3.538,2018-08-02,5.8,761
8757,50671,en,The Resident,3.826,2011-02-10,5.761,628
8758,433251,en,Naked,3.537,2017-08-11,5.8,1281
8759,353491,en,The Dark Tower,3.546,2017-08-03,5.76,5171
8760,41436,en,Paranormal Activity 2,3.532,2010-10-20,5.8,2461
8761,9884,en,Collateral Damage,3.531,2002-02-06,5.8,1387
8762,273169,fr,French Women,3.828,2014-06-04,5.758,370
8763,12123,en,Chain Reaction,4.03,1996-08-02,5.756,1099
8764,869,en,Planet of the Apes,4.403,2001-07-25,5.757,4135
8765,355008,en,Special Correspondents,3.535,2016-04-22,5.757,524
8766,13498,en,Man of the House,3.531,2005-02-25,5.8,468
8767,8867,en,The Punisher,3.567,1989-10-05,5.753,609
8768,1683,en,The Reaping,3.57,2007-04-05,5.8,832
8769,11565,en,Big Momma's House 2,3.537,2006-01-26,5.756,1609
8770,9886,en,Johnny Mnemonic,3.53,1995-05-26,5.8,1383
8771,9616,en,The Order,3.568,2003-09-05,5.8,359
8772,8676,en,Fool's Gold,3.57,2008-02-07,5.756,1485
8773,6641,en,Love and Other Disasters,3.531,2006-09-09,5.8,330
8774,10996,en,Stuart Little 2,3.568,2002-07-19,5.755,2425
8775,9669,ja,Ring 2,3.531,1999-01-23,5.8,416
8776,380124,en,Boo! A Madea Halloween,3.535,2016-10-21,5.8,417
8777,224141,en,Into the Woods,3.535,2014-12-24,5.753,4257
8778,339396,en,True Memoirs of an International Assassin,3.535,2016-11-11,5.752,801
8779,10040,en,Miss Congeniality 2: Armed and Fabulous,3.568,2005-03-11,5.8,1859
8780,582186,en,"Oh, Ramona!",3.539,2019-02-14,5.8,411
8781,575322,en,Project Gemini,3.548,2022-01-06,5.8,458
8782,306964,en,Tales of Halloween,3.534,2015-10-16,5.8,499
8783,182,en,The Good German,3.532,2006-12-15,5.8,315
8784,53172,en,Henry's Crime,3.532,2010-01-14,5.8,342
8785,13812,en,Quarantine,3.532,2008-10-10,5.8,1258
8786,1996,en,Lara Croft: Tomb Raider - The Cradle of Life,3.243,2003-07-21,5.75,4258
8787,437425,fr,You Choose!,3.535,2017-03-15,5.7,308
8788,72331,en,Abraham Lincoln: Vampire Hunter,3.571,2012-06-20,5.7,3357
8789,2122,en,The Whole Ten Yards,3.825,2004-04-07,5.748,961
8790,167810,en,Lost River,3.534,2015-04-08,5.747,608
8791,159128,en,We Are What We Are,3.533,2013-09-27,5.7,557
8792,390051,en,Aftermath,3.535,2017-02-28,5.7,909
8793,77931,en,The Smurfs 2,4.284,2013-07-30,5.742,2226
8794,10053,en,When a Stranger Calls,3.569,2006-02-03,5.7,1049
8795,1214509,en,In a Violent Nature,3.899,2024-05-31,5.742,318
8796,2124,en,Color of Night,3.53,1994-08-19,5.7,578
8797,271969,en,Ben-Hur,3.786,2016-08-17,5.743,1679
8798,223702,en,Sausage Party,4.287,2016-07-11,5.742,7355
8799,39106,ja,Dragon Ball Z: Bio-Broly,3.535,1994-07-09,5.743,525
8800,13207,en,Friday the 13th,3.533,2009-02-11,5.7,2646
8801,276488,en,Let Us Prey,3.534,2014-04-17,5.742,328
8802,257344,en,Pixels,6.085,2015-07-16,5.741,7613
8803,213681,en,Masterminds,3.543,2016-09-29,5.7,1751
8804,46221,en,The Tunnel,3.532,2011-05-19,5.7,384
8805,772272,en,Tall Girl 2,3.549,2022-02-11,5.7,375
8806,13742,fr,Satan,3.531,2006-02-01,5.741,357
8807,10320,en,The Ring Two,3.532,2005-03-10,5.741,2294
8808,614911,en,The Midnight Sky,3.83,2020-12-10,5.74,1865
8809,9906,en,The Ant Bully,4.281,2006-07-28,5.738,1388
8810,9683,en,Bubble Boy,4.031,2001-08-24,5.735,580
8811,826749,en,Fortress,3.548,2021-12-17,5.7,339
8812,704673,en,Trigger Warning,3.643,2024-06-20,5.739,512
8813,266396,en,The Gunman,3.534,2015-02-16,5.7,962
8814,2565,en,Joe Versus the Volcano,3.53,1990-03-09,5.7,535
8815,376865,en,High Life,3.788,2018-09-26,5.738,1110
8816,57165,en,Wrath of the Titans,3.868,2012-03-28,5.738,4249
8817,52214,it,A Beautiful Wife,3.532,2007-12-14,5.7,474
8818,17335,en,Obsessed,3.532,2009-02-26,5.7,651
8819,20068,it,The Manual of Love,3.536,2005-03-18,5.7,317
8820,68179,en,Escape from Planet Earth,4.033,2012-10-09,5.732,762
8821,34636,de,The NeverEnding Story II: The Next Chapter,4.03,1990-10-25,5.731,808
8822,10805,en,Staying Alive,3.53,1983-07-11,5.7,468
8823,9038,en,The Heartbreak Kid,3.533,2007-10-05,5.7,1624
8824,276902,en,Cut Bank,3.534,2014-10-04,5.7,325
8825,16000,en,Ben 10: Race Against Time,3.569,2008-02-11,5.7,324
8826,248574,en,Barely Lethal,3.534,2015-04-23,5.7,1059
8827,157433,en,Pet Sematary,3.833,2019-04-04,5.733,3233
8828,9424,en,Disturbing Behavior,3.781,1998-07-24,5.745,375
8829,15159,en,The Pink Panther 2,3.532,2009-02-06,5.733,1143
8830,10799,fr,Empire of the Wolves,3.531,2005-04-20,5.7,301
8831,9966,en,The Messengers,3.543,2007-02-02,5.7,811
8832,365177,en,Borderlands,5.123,2024-08-07,5.722,1063
8833,10679,en,Iron Sky,3.533,2012-04-04,5.7,1631
8834,2334,fr,Taxi 3,3.531,2003-01-29,5.7,1526
8835,844417,en,Marlowe,3.853,2023-02-15,5.731,381
8836,469916,en,Downrange,3.538,2018-05-25,5.7,316
8837,265010,en,The Canal,3.534,2014-10-10,5.731,422
8838,10823,en,Children of the Corn,3.53,1984-03-09,5.7,1014
8839,291328,en,Rules Don't Apply,3.536,2016-11-23,5.7,472
8840,56903,it,Three Steps Over Heaven,3.531,2004-03-12,5.7,692
8841,2087,en,The Getaway,3.53,1994-02-11,5.7,348
8842,492611,en,The Turning,3.54,2020-01-23,5.7,981
8843,459202,en,Boo 2! A Madea Halloween,3.537,2017-10-20,5.7,479
8844,449459,en,The Vanishing,3.538,2019-01-04,5.7,730
8845,209189,en,Life of Crime,5.672,2013-09-14,5.7,391
8846,3513,en,Legionnaire,3.568,1998-12-03,5.7,550
8847,215379,en,Young Ones,3.534,2014-06-28,5.7,300
8848,14098,en,100 Feet,3.532,2008-07-22,5.7,313
8849,11649,en,Masters of the Universe,3.786,1987-08-07,5.727,908
8850,26505,fr,Arthur and the Revenge of Maltazard,3.575,2009-11-26,5.726,1696
8851,486103,it,My Big Gay Italian Wedding,3.537,2018-03-01,5.7,307
8852,628917,en,An American Pickle,3.541,2020-08-06,5.7,512
8853,382597,fr,R.A.I.D. Special Unit,3.83,2017-02-01,5.724,911
8854,115348,en,Paranoia,3.827,2013-08-14,5.7,852
8855,287084,en,The Town that Dreaded Sundown,3.534,2014-10-16,5.7,467
8856,85435,en,A Few Best Men,3.533,2011-10-14,5.7,432
8857,10771,en,The Tuxedo,4.031,2002-09-27,5.7,1985
8858,268920,en,Hot Pursuit,3.572,2015-05-08,5.722,1621
8859,27726,en,Q,3.53,1982-09-08,5.7,468
8860,9809,en,Let's Go to Prison,3.532,2006-11-17,5.7,303
8861,144789,es,I'm So Excited!,3.533,2013-03-08,5.719,681
8862,14289,en,Fire Down Below,3.531,1997-09-05,5.7,358
8863,9562,en,Timeline,3.533,2003-11-26,5.7,1078
8864,631060,en,Things Heard & Seen,3.871,2021-04-29,5.715,975
8865,463053,en,Ibiza,3.538,2018-05-25,5.7,1167
8866,94363,en,Hick,3.533,2011-09-10,5.7,425
8867,389053,en,The Do-Over,3.536,2016-05-27,5.715,1504
8868,10661,en,You Don't Mess with the Zohan,4.035,2008-06-05,5.713,3823
8869,1441,en,The Contract,3.531,2006-04-05,5.7,509
8870,487004,fr,The Full House,3.537,2018-03-21,5.7,301
8871,11067,en,Major League II,3.53,1994-03-30,5.7,336
8872,8920,en,Garfield,4.108,2004-06-10,5.711,4047
8873,4597,en,Armored,3.532,2009-12-04,5.7,653
8874,413998,en,My Cousin Rachel,3.537,2017-06-08,5.7,584
8875,310126,it,"The Rich, the Pauper and the Butler",3.784,2014-12-11,5.711,853
8876,253161,en,Madame Bovary,3.54,2015-06-04,5.711,401
8877,15681,it,Ex,3.537,2009-02-06,5.711,453
8878,38778,en,Dinner for Schmucks,3.532,2010-07-30,5.71,1796
8879,172,en,Star Trek V: The Final Frontier,3.531,1989-06-09,5.7,1189
8880,416051,fr,Based on a True Story,3.537,2017-11-01,5.7,500
8881,385360,en,Billionaire Boys Club,3.538,2018-07-19,5.709,480
8882,23410,en,The Thaw,3.532,2009-08-30,5.7,311
8883,11472,en,Nine Months,3.53,1995-07-12,5.7,649
8884,9877,en,Urban Legend,3.568,1998-09-25,5.7,1310
8885,171424,en,The Green Inferno,3.533,2013-09-08,5.7,1457
8886,71672,en,Wrong Turn 4: Bloody Beginnings,3.536,2011-10-17,5.7,1111
8887,13476,en,Win a Date with Tad Hamilton!,3.531,2004-01-23,5.7,492
8888,13713,fr,Jean-Philippe,3.531,2006-04-05,5.7,311
8889,520725,fr,The Lost Prince,3.54,2020-02-12,5.706,349
8890,36599,en,Prom Night,3.53,1980-07-18,5.7,439
8891,19698,en,Porky's II: The Next Day,3.53,1983-06-24,5.706,316
8892,347945,en,Synchronicity,3.534,2015-07-22,5.705,375
8893,3050,en,Doctor Dolittle,4.356,1998-06-26,5.705,3097
8894,304372,en,The Perfect Guy,3.534,2015-09-11,5.7,326
8895,48988,en,Hall Pass,3.833,2011-02-25,5.704,1984
8896,10327,en,"Legally Blonde 2: Red, White & Blonde",3.574,2003-07-02,5.7,1609
8897,960258,en,Shark Bait,3.551,2022-05-13,5.7,332
8898,312831,en,The Hallow,3.784,2015-11-06,5.703,634
8899,60747,en,Red Dawn,3.832,2012-03-15,5.703,1637
8900,26263,en,Death Wish 4: The Crackdown,3.53,1987-06-11,5.703,311
8901,8870,en,Red Planet,3.531,2000-11-10,5.7,1046
8902,788752,no,Viking Wolf,3.593,2022-11-18,5.7,325
8903,109513,en,Hit & Run,3.783,2012-08-22,5.702,543
8904,2928,en,Michael,4.03,1996-12-25,5.698,635
8905,70435,en,Haywire,3.828,2011-11-01,5.7,1371
8906,18501,en,Gamer,3.532,2009-09-03,5.7,2413
8907,760195,en,Separation,3.545,2021-04-30,5.7,303
8908,270774,en,Skiptrace,3.536,2016-07-21,5.7,706
8909,28665,en,Fame,3.532,2009-09-23,5.7,363
8910,95516,en,Cleanskin,3.533,2012-03-08,5.7,326
8911,55301,en,Alvin and the Chipmunks: Chipwrecked,3.783,2011-12-14,5.699,2206
8912,50037,en,Beyond the Black Rainbow,3.532,2010-12-03,5.7,357
8913,8860,en,Metro,4.03,1997-01-16,5.702,566
8914,86835,en,Knight of Cups,3.534,2015-09-10,5.7,660
8915,41517,hi,Ra.One,3.533,2011-10-24,5.7,338
8916,514277,en,Mara,3.544,2018-08-22,5.697,390
8917,485811,en,Redcon-1,3.538,2018-09-07,5.7,312
8918,312669,en,Maggie's Plan,3.535,2016-04-27,5.7,383
8919,12192,en,Pathology,3.532,2008-04-11,5.697,472
8920,10169,en,Men at Work,3.53,1990-08-24,5.7,390
8921,49014,en,Cosmopolis,3.539,2012-05-25,5.7,1260
8922,18298,fr,The Three Kings,3.531,2001-12-12,5.696,324
8923,10723,en,Bulletproof,4.03,1996-09-06,5.695,588
8924,480105,en,47 Meters Down: Uncaged,4.039,2019-08-15,5.698,1426
8925,11467,en,America's Sweethearts,3.568,2001-07-17,5.7,838
8926,394830,en,The Crucifixion,3.537,2017-04-27,5.7,494
8927,15566,en,Surviving Christmas,3.531,2004-09-21,5.7,546
8928,59115,en,Quarantine 2: Terminal,3.57,2011-06-16,5.693,561
8929,11398,en,The Art of War,4.031,2000-08-25,5.687,497
8930,748853,en,In the Earth,3.545,2021-04-16,5.7,363
8931,559401,fr,Sibyl,3.539,2019-05-24,5.7,465
8932,4954,en,Drop Zone,3.53,1994-12-08,5.7,403
8933,1705,en,Battle for the Planet of the Apes,3.869,1973-06-15,5.69,963
8934,430040,en,The Hurricane Heist,3.537,2018-02-28,5.7,1023
8935,12120,en,My Stepmother Is an Alien,4.03,1988-12-09,5.681,526
8936,2155,en,Reindeer Games,3.531,2000-02-25,5.7,664
8937,384682,en,Office Christmas Party,3.786,2016-11-25,5.7,2088
8938,20856,en,Aliens in the Attic,3.532,2009-07-30,5.7,997
8939,440597,en,Wish Upon,3.788,2017-07-07,5.7,1382
8940,25137,en,Beyond a Reasonable Doubt,3.532,2009-02-05,5.7,311
8941,11547,en,Cabin Fever,3.531,2003-08-15,5.7,1312
8942,114606,en,Cockneys vs Zombies,3.533,2012-08-31,5.685,413
8943,10891,en,Tremors 4: The Legend Begins,3.531,2004-01-02,5.7,467
8944,371608,en,The Strangers: Prey at Night,3.574,2018-03-07,5.7,1388
8945,2959,en,License to Wed,3.532,2007-07-04,5.7,858
8946,85735,fr,Love Lasts Three Years,3.827,2011-12-10,5.682,404
8947,9890,en,The Stepford Wives,3.901,2004-06-10,5.681,1331
8948,16643,en,Life or Something Like It,3.531,2002-04-24,5.7,497
8949,11132,en,Confessions of a Teenage Drama Queen,3.531,2004-02-17,5.7,904
8950,10344,en,The Fly II,3.53,1989-02-10,5.7,667
8951,10154,en,Mickey Blue Eyes,4.086,1999-08-16,5.682,559
8952,440762,en,Jay and Silent Bob Reboot,3.54,2019-10-15,5.7,548
8953,124459,en,The Incredible Burt Wonderstone,3.571,2013-03-14,5.678,1435
8954,9292,en,Hudson Hawk,4.03,1991-05-23,5.679,1007
8955,541560,en,The Wind,3.538,2018-05-05,5.7,327
8956,397422,en,Rough Night,3.537,2017-06-15,5.677,2005
8957,265208,en,Wild Card,6.119,2015-01-14,5.677,1802
8958,1534,en,Pathfinder,3.533,2007-01-11,5.676,728
8959,10756,en,The Haunted Mansion,3.569,2003-11-26,5.675,2046
8960,193687,en,Z for Zachariah,3.784,2015-08-13,5.675,941
8961,49787,en,The Reef,3.782,2010-05-15,5.674,554
8962,336890,en,Goon: Last of the Enforcers,3.535,2017-03-17,5.7,313
8963,86834,en,Noah,3.788,2014-03-07,5.673,6262
8964,346808,en,Momentum,3.534,2015-10-15,5.7,544
8965,139567,en,Fire with Fire,4.077,2012-08-31,5.672,683
8966,54445,en,S.W.A.T.: Firefight,3.533,2011-03-01,5.7,364
8967,410554,en,First Kill,3.787,2017-07-21,5.7,561
8968,167575,en,Hatchet III,3.533,2013-06-14,5.7,354
8969,9009,en,Dark Water,3.532,2005-07-08,5.7,1028
8970,469876,it,Addio fottuti musi verdi,3.537,2017-11-09,5.7,389
8971,152790,en,The Angriest Man in Brooklyn,3.534,2014-05-23,5.7,501
8972,38358,en,The Last Exorcism,3.532,2010-08-27,5.7,1026
8973,23823,en,Wrong Turn 3: Left for Dead,3.537,2009-10-08,5.7,1176
8974,11569,en,Hellraiser III: Hell on Earth,3.78,1992-09-11,5.7,759
8975,5552,fr,Immortal,3.818,2004-03-13,5.67,411
8976,16235,en,Amityville II: The Possession,3.53,1982-09-24,5.7,350
8977,334074,en,Survivor,5.326,2015-05-21,5.7,1019
8978,77875,en,Playing for Keeps,3.533,2012-11-29,5.7,683
8979,10878,en,Saving Silverman,3.531,2001-02-09,5.7,548
8980,16314,en,3 Ninjas,3.53,1992-08-07,5.7,442
8981,475220,en,In Fabric,3.538,2018-12-06,5.7,325
8982,441384,en,The Beach Bum,3.54,2019-03-21,5.666,513
8983,429476,en,Hell Fest,3.788,2018-09-27,5.666,817
8984,10134,en,Cyborg,3.53,1989-04-07,5.7,736
8985,205584,en,Gods of Egypt,4.074,2016-02-25,5.664,4102
8986,370567,en,Sherlock Gnomes,3.537,2018-03-15,5.662,718
8987,342474,en,Jenny's Wedding,3.572,2015-07-31,5.662,417
8988,12620,en,The House Bunny,3.538,2008-08-22,5.7,1912
8989,111440,en,The Pact,3.534,2012-05-25,5.661,481
8990,9757,en,Norbit,3.826,2007-02-08,5.661,2421
8991,2800,en,Rumor Has It...,3.568,2005-12-22,5.66,1169
8992,336011,en,White Girl,3.536,2016-09-02,5.7,466
8993,118957,en,Bait,3.533,2012-09-05,5.7,754
8994,438,en,Cube Zero,3.532,2004-10-10,5.7,1051
8995,653601,en,Horse Girl,3.54,2020-01-27,5.7,557
8996,480414,en,The Curse of La Llorona,3.54,2019-04-17,5.657,2472
8997,11637,en,Are We There Yet?,3.536,2005-01-20,5.7,992
8998,11066,en,Boomerang,3.567,1992-06-30,5.657,575
8999,9927,en,The Ringer,3.531,2005-12-23,5.7,329
9000,8277,en,American Pie Presents: Beta House,3.573,2007-12-26,5.7,1906
9001,604563,fr,OSS 117: From Africa with Love,3.546,2021-08-04,5.655,794
9002,19173,es,Diary of a Nymphomaniac,3.537,2008-10-17,5.7,327
9003,9381,en,Babylon A.D.,3.784,2008-08-20,5.7,2123
9004,827931,en,Time Cut,3.705,2024-10-29,5.7,452
9005,400710,en,Flatliners,3.538,2017-09-28,5.7,2282
9006,9622,en,Beverly Hills Ninja,4.03,1997-01-17,5.641,771
9007,6071,en,Kiss of Death,3.53,1995-04-21,5.652,325
9008,383869,fr,Back to Mom's,3.535,2016-06-01,5.7,453
9009,253344,en,Some Kind of Beautiful,3.534,2015-07-16,5.651,576
9010,231001,en,All Hallows' Eve,3.826,2013-10-29,5.644,563
9011,230222,en,Tarzan,3.571,2013-10-17,5.65,602
9012,332411,en,I Am Wrath,3.536,2016-04-14,5.6,664
9013,9574,en,Flubber,4.068,1997-11-26,5.646,2376
9014,624808,en,Love Wedding Repeat,3.541,2020-04-10,5.6,705
9015,490448,fr,Our Happy Holiday,3.538,2018-09-15,5.645,389
9016,39451,en,Little Fockers,4.077,2010-12-21,5.645,3259
9017,999722,de,Old People,3.555,2022-10-07,5.643,300
9018,301372,en,Voice from the Stone,3.537,2017-04-28,5.6,468
9019,146238,en,Runner Runner,3.827,2013-09-24,5.639,1244
9020,18480,en,Brüno,4.069,2009-07-08,5.635,1747
9021,6058,en,The Patriot,3.531,1998-07-10,5.6,374
9022,16337,en,The Texas Chainsaw Massacre 2,3.53,1986-08-22,5.6,894
9023,420950,fr,Alone,3.535,2017-02-08,5.636,507
9024,9327,en,The Nutty Professor,4.067,1996-06-28,5.636,2942
9025,429471,en,Captive State,3.539,2019-03-15,5.6,1172
9026,336455,en,Viral,3.535,2016-02-18,5.6,516
9027,484437,en,The Hole in the Ground,3.539,2019-03-01,5.6,692
9028,340584,en,Lavender,3.535,2016-11-04,5.6,343
9029,13596,en,My Best Friend's Girl,3.821,2008-09-19,5.639,754
9030,302150,en,The Hunter's Prayer,3.537,2017-06-08,5.6,395
9031,346910,en,The Predator,3.87,2018-09-05,5.6,4734
9032,254302,en,High-Rise,3.535,2015-11-22,5.6,1180
9033,13260,en,Semi-Pro,3.538,2008-02-28,5.6,796
9034,9488,en,Spy Kids 2: The Island of Lost Dreams,3.787,2002-08-07,5.6,2211
9035,373314,en,Misconduct,3.535,2016-02-05,5.6,572
9036,10200,en,The Day the Earth Stood Still,4.071,2008-12-10,5.628,3444
9037,6171,en,Dreamcatcher,3.532,2003-03-21,5.6,1754
9038,929,en,Godzilla,4.281,1998-05-20,5.6,3944
9039,72559,en,G.I. Joe: Retaliation,3.83,2013-03-27,5.629,5516
9040,9676,en,The Black Dahlia,3.826,2006-09-15,5.629,1119
9041,866413,en,You People,3.559,2023-01-20,5.628,718
9042,24271,en,The Maiden Heist,3.532,2009-05-09,5.6,341
9043,9623,en,The Juror,3.78,1996-02-02,5.625,393
9044,9447,en,Babe: Pig in the City,3.786,1998-11-25,5.626,1248
9045,22825,en,The Box,3.569,2009-10-29,5.6,1776
9046,14239,en,Cool World,3.53,1992-07-10,5.6,739
9047,542917,es,Twin Murders: The Silence of the White City,3.54,2019-10-25,5.6,325
9048,345914,en,The House,3.537,2017-06-29,5.6,918
9049,12662,en,Psycho III,3.53,1986-04-02,5.6,389
9050,237756,en,Kill Me Three Times,3.534,2015-04-10,5.6,536
9051,49849,en,Cowboys & Aliens,3.829,2011-07-29,5.621,5093
9052,23398,en,Alvin and the Chipmunks: The Squeakquel,3.784,2009-12-21,5.621,2935
9053,19366,en,Josie and the Pussycats,3.531,2001-04-06,5.6,317
9054,10603,en,George of the Jungle,3.53,1997-07-15,5.621,2107
9055,9969,en,Deck the Halls,3.533,2006-11-22,5.6,724
9056,658777,de,Freaks - You're One of Us,3.58,2020-09-02,5.62,341
9057,531499,en,The Tax Collector,3.543,2020-08-07,5.6,484
9058,806,en,The Omen,3.531,2006-06-06,5.619,1084
9059,659986,en,The Owners,3.543,2020-08-27,5.618,395
9060,11056,en,Darkness,3.531,2002-10-11,5.618,395
9061,1819,en,"You, Me and Dupree",3.568,2006-07-13,5.6,1356
9062,271185,en,Ask Me Anything,3.54,2014-04-19,5.617,409
9063,51170,en,Open Season 3,3.532,2010-10-21,5.616,616
9064,958196,en,Inside,3.848,2023-03-09,5.614,399
9065,68684,en,Detention,3.533,2012-04-06,5.6,374
9066,384521,en,The Cloverfield Paradox,3.539,2018-02-04,5.6,3309
9067,2900,en,The Astronaut's Wife,3.531,1999-08-27,5.6,924
9068,8202,en,Æon Flux,4.042,2005-11-30,5.611,2258
9069,384798,en,Kill Command,3.593,2016-05-13,5.6,584
9070,83770,en,On the Road,3.783,2012-05-22,5.611,848
9071,692969,no,Cadaver,3.542,2020-10-22,5.6,639
9072,11888,en,Snow Dogs,3.531,2002-01-18,5.6,734
9073,412105,en,You Get Me,3.537,2017-06-19,5.609,1685
9074,144340,en,Admission,3.539,2013-03-21,5.609,617
9075,830764,en,Pet Sematary: Bloodlines,3.574,2023-09-23,5.6,365
9076,479040,en,Acts of Violence,3.537,2018-01-12,5.6,411
9077,244516,it,Indovina chi viene a Natale?,3.533,2013-12-19,5.6,362
9078,13803,en,Amusement,3.532,2008-10-09,5.6,355
9079,10762,en,Without a Paddle,3.531,2004-08-20,5.6,655
9080,354287,en,War Machine,3.537,2017-05-26,5.607,1146
9081,106747,en,Machete Kills,3.783,2013-09-12,5.607,1912
9082,50135,de,Animals United,3.532,2010-10-07,5.6,326
9083,9954,en,The Covenant,3.531,2006-09-07,5.607,1022
9084,46837,en,Kaboom,3.532,2010-10-06,5.6,330
9085,291272,en,We Are Still Here,3.54,2015-06-05,5.605,480
9086,70074,en,Bullet to the Head,3.533,2012-11-14,5.6,1285
9087,28510,en,Universal Soldier: Regeneration,3.532,2009-10-01,5.6,466
9088,434555,en,The Possession of Hannah Grace,3.794,2018-11-29,5.606,1365
9089,231474,en,The Hunters,3.533,2013-10-25,5.6,342
9090,73936,en,Retreat,3.533,2011-10-14,5.604,303
9091,1979,en,Fantastic Four: Rise of the Silver Surfer,4.616,2007-06-13,5.603,7923
9092,718444,en,Rogue,3.549,2020-08-20,5.6,696
9093,414191,en,Our House,3.538,2018-07-27,5.6,332
9094,300665,en,Leatherface,4.048,2017-09-14,5.601,1335
9095,118289,en,Diana,3.533,2013-09-19,5.6,486
9096,10163,en,The Lawnmower Man,3.53,1992-03-05,5.599,755
9097,219318,fr,The Volcano,3.827,2013-10-02,5.598,648
9098,174316,en,A Case of You,3.533,2013-11-06,5.6,305
9099,74461,en,Knights of Badassdom,3.533,2013-01-21,5.6,415
9100,10610,en,The Medallion,3.531,2003-08-15,5.6,1103
9101,703745,en,Deep Blue Sea 3,3.543,2020-08-25,5.6,315
9102,164251,en,Serena,3.54,2014-10-12,5.597,1029
9103,82687,en,The Guilt Trip,4.077,2012-12-19,5.597,715
9104,82679,en,Fun Size,3.533,2012-10-24,5.6,427
9105,52449,en,Bad Teacher,3.907,2011-05-16,5.596,4722
9106,10727,en,Darkness Falls,3.531,2003-01-24,5.596,604
9107,9703,en,The Last Legion,3.532,2007-04-19,5.6,803
9108,575479,fr,An Easy Girl,3.54,2019-08-28,5.593,353
9109,457943,en,Slaughterhouse Rulez,3.575,2018-10-31,5.6,456
9110,180296,en,They Came Together,3.534,2014-06-27,5.6,414
9111,602654,en,Horizon Line,3.542,2020-10-29,5.6,387
9112,11045,en,Taxi,3.538,2004-10-06,5.6,1068
9113,146375,fr,On the Other Side of the Tracks,3.827,2012-12-15,5.591,668
9114,11804,en,White Noise,3.531,2005-01-07,5.6,814
9115,9794,en,Employee of the Month,3.569,2006-10-06,5.591,640
9116,2335,fr,Taxi 4,3.532,2007-02-10,5.6,1236
9117,27,en,9 Songs,3.534,2004-07-16,5.6,522
9118,1091181,fr,Family Pack,3.694,2024-10-22,5.6,407
9119,144336,en,Sabotage,3.535,2014-03-28,5.6,1427
9120,10206,en,Buffy the Vampire Slayer,3.53,1992-07-24,5.59,827
9121,174321,en,The English Teacher,3.533,2013-05-16,5.589,359
9122,354282,en,Science Fiction Volume One: The Osiris Child,3.535,2016-02-17,5.6,496
9123,185341,es,[REC]⁴ Apocalypse,3.535,2014-10-31,5.6,1169
9124,11377,en,House on Haunted Hill,3.531,1999-10-29,5.6,879
9125,7227,en,Airport '77,3.53,1977-03-11,5.6,300
9126,241257,en,Regression,3.534,2015-10-01,5.6,1799
9127,57431,en,The Sitter,3.827,2011-12-09,5.585,948
9128,19912,en,The Final Destination,3.831,2009-08-26,5.585,3326
9129,2210,en,Earth Girls Are Easy,3.53,1988-09-08,5.6,377
9130,80035,en,The Watch,3.828,2012-07-26,5.584,2325
9131,40805,en,The Green Hornet,4.077,2011-01-12,5.583,3263
9132,890656,en,Fistful of Vengeance,3.548,2022-02-17,5.6,305
9133,9334,en,The Scorpion King,4.031,2002-04-18,5.581,3164
9134,433630,en,Inconceivable,3.537,2017-06-30,5.6,341
9135,306523,it,Ogni maledetto Natale,3.534,2014-11-27,5.6,320
9136,382511,fr,Penny Pincher!,3.83,2016-09-28,5.579,912
9137,9513,en,Garfield: A Tail of Two Kitties,3.569,2006-06-15,5.6,2221
9138,7341,en,The Rage: Carrie 2,3.531,1999-03-12,5.6,410
9139,458109,en,Spinning Man,3.537,2018-04-06,5.578,449
9140,12521,en,Shocker,3.53,1989-03-23,5.6,430
9141,9849,en,My Favorite Martian,3.531,1999-02-11,5.6,312
9142,485504,en,El Camino Christmas,3.537,2017-12-08,5.6,321
9143,2698,en,Evan Almighty,4.038,2007-06-09,5.576,4323
9144,1072342,en,Night Swim,3.623,2024-01-03,5.6,664
9145,560144,en,Skylines,3.542,2020-10-25,5.6,554
9146,1250,en,Ghost Rider,4.323,2007-01-15,5.573,6024
9147,17047,en,Agent Cody Banks 2: Destination London,3.536,2004-03-12,5.574,630
9148,456740,en,Hellboy,3.792,2019-04-10,5.6,3475
9149,10956,en,Joe Dirt,3.532,2001-04-10,5.6,734
9150,823461,en,Good on Paper,3.545,2021-06-23,5.572,312
9151,20483,en,Catch That Kid,3.531,2004-02-06,5.572,302
9152,500916,en,Primal,3.541,2019-12-27,5.571,381
9153,369776,fr,The Tuche Family: The American Dream,3.829,2016-02-03,5.571,976
9154,11811,en,Leprechaun,3.568,1993-01-08,5.6,784
9155,10375,en,D-Tox,3.531,2002-01-04,5.6,657
9156,7233,en,Rebound,3.568,2005-07-01,5.6,334
9157,15671,en,Picture This,3.532,2008-07-13,5.6,306
9158,286567,en,Max Steel,3.785,2016-10-14,5.568,786
9159,22787,en,Whiteout,3.532,2009-09-09,5.6,761
9160,421792,en,Down a Dark Hall,3.538,2018-08-01,5.6,689
9161,401371,en,Mute,3.537,2018-02-23,5.567,1074
9162,346671,en,Little Evil,3.537,2017-08-08,5.6,927
9163,13025,en,Diary of the Dead,3.532,2007-05-26,5.6,802
9164,41515,en,Yogi Bear,3.532,2010-12-17,5.566,890
9165,10802,en,Showgirls,4.575,1995-09-22,5.563,1257
9166,9586,en,The Bonfire of the Vanities,3.53,1990-12-21,5.6,484
9167,42441,it,Tifosi,3.531,1999-10-01,5.563,341
9168,335788,en,Renegades,3.537,2017-08-21,5.6,339
9169,20737,en,Air Bud,3.53,1997-08-01,5.6,472
9170,11812,en,The Sweetest Thing,3.543,2002-04-12,5.6,1104
9171,6519,en,The Dukes of Hazzard,4.038,2005-08-05,5.559,1198
9172,8080,en,Suspect Zero,3.531,2004-08-27,5.6,319
9173,13572,en,Twisted,3.531,2004-02-27,5.6,539
9174,1927,en,Hulk,4.081,2003-06-19,5.558,5879
9175,27475,en,The Slumber Party Massacre,3.53,1982-09-10,5.6,347
9176,10984,en,Valentine,3.531,2001-02-02,5.6,550
9177,10075,en,Blood and Chocolate,3.532,2007-01-26,5.6,306
9178,10885,en,Shutter,3.534,2008-03-21,5.6,742
9179,9793,en,The Hills Have Eyes 2,3.533,2007-03-22,5.6,1477
9180,9022,en,All the Boys Love Mandy Lane,3.531,2006-09-09,5.6,660
9181,475430,en,Artemis Fowl,3.791,2020-05-29,5.553,1665
9182,368031,en,Friend Request,3.536,2016-01-07,5.554,1249
9183,100042,en,Dumb and Dumber To,6.38,2014-11-12,5.552,3211
9184,19899,en,Couples Retreat,3.572,2009-09-19,5.554,1986
9185,10329,en,Congo,3.531,1995-06-09,5.6,896
9186,10008,en,An American Haunting,3.531,2005-05-05,5.6,494
9187,18009,en,Leprechaun 2,3.568,1994-04-08,5.6,331
9188,744594,en,White Noise,3.556,2022-11-25,5.6,702
9189,532710,en,Firestarter,3.552,2022-05-12,5.6,715
9190,54054,en,One for the Money,3.57,2012-01-26,5.6,961
9191,9697,en,Lady in the Water,3.531,2006-07-20,5.551,1401
9192,1665,en,Last Days,3.531,2005-06-12,5.55,372
9193,364116,en,The Other Side of the Door,3.535,2016-02-25,5.5,841
9194,101179,en,Truth or Dare,3.533,2012-08-05,5.5,374
9195,23742,en,Cop Out,3.827,2010-02-26,5.549,1520
9196,49012,en,Arthur,3.532,2011-04-08,5.5,742
9197,16300,en,Down to Earth,3.536,2001-02-16,5.548,406
9198,8859,en,"Dude, Where's My Car?",4.282,2000-12-15,5.547,1900
9199,122857,en,Universal Soldier: Day of Reckoning,3.533,2012-10-04,5.5,436
9200,9879,en,Striptease,4.036,1996-06-28,5.5,1089
9201,11037,en,Iron Eagle,3.53,1986-01-17,5.5,308
9202,1125510,es,The Platform 2,4.021,2024-09-27,5.544,1127
9203,523139,en,In the Tall Grass,3.828,2019-09-20,5.5,2237
9204,301846,en,Howl,3.534,2015-10-01,5.5,506
9205,5851,en,Showtime,3.568,2002-03-14,5.543,988
9206,602211,en,Fatman,3.543,2020-10-19,5.542,863
9207,22949,en,Old Dogs,3.569,2009-11-24,5.542,746
9208,14435,en,My Bloody Valentine,3.613,2009-01-16,5.5,1212
9209,314385,en,By the Sea,3.534,2015-11-12,5.5,596
9210,76649,en,Pompeii,3.865,2014-02-18,5.54,3254
9211,587496,en,The Rental,3.541,2020-07-23,5.5,907
9212,134366,en,Grave Encounters 2,3.534,2012-10-12,5.5,921
9213,13043,fr,Camping,3.825,2006-04-26,5.537,860
9214,6589,en,Underdog,3.533,2007-08-03,5.5,716
9215,83,en,Open Water,3.781,2003-10-26,5.542,1069
9216,82390,en,The Paperboy,3.533,2012-09-14,5.5,754
9217,13767,en,The Santa Clause 3: The Escape Clause,3.57,2006-11-02,5.5,1092
9218,13160,en,Over Her Dead Body,3.532,2008-02-01,5.5,466
9219,7839,en,Wedding Daze,3.531,2006-09-09,5.5,369
9220,397415,en,Vengeance: A Love Story,3.535,2017-03-16,5.5,311
9221,47327,en,Drive Angry,3.864,2011-02-24,5.532,1879
9222,14175,en,Valiant,4.031,2005-03-25,5.528,906
9223,582607,en,See You Yesterday,3.539,2019-05-03,5.5,535
9224,469721,en,The Cured,3.537,2017-11-24,5.5,373
9225,340103,en,The Monster,3.535,2016-11-11,5.5,565
9226,255798,en,Burying the Ex,3.535,2014-09-04,5.5,484
9227,9904,en,The Wild,3.531,2006-04-06,5.5,1068
9228,38322,en,"Big Mommas: Like Father, Like Son",3.533,2011-02-16,5.5,1237
9229,17350,fr,The Brice Man,3.825,2005-03-30,5.527,1241
9230,10438,en,Beethoven's 2nd,3.567,1993-12-14,5.5,991
9231,13401,en,The Accidental Husband,3.571,2008-02-29,5.5,550
9232,467673,fr,Budapest,3.538,2018-06-27,5.524,443
9233,277685,en,Unfriended,3.535,2014-10-22,5.5,3357
9234,150117,en,I Give It a Year,3.533,2013-02-08,5.524,760
9235,12618,en,Random Hearts,3.781,1999-10-08,5.536,392
9236,525657,en,Daughter of the Wolf,3.539,2019-06-14,5.5,325
9237,399131,en,Dude,3.538,2018-04-20,5.5,745
9238,46441,en,Mirrors 2,3.532,2010-10-18,5.5,411
9239,23437,en,A Nightmare on Elm Street,3.859,2010-04-30,5.5,2728
9240,11523,en,View from the Top,3.568,2003-03-21,5.522,557
9241,10546,en,The Crow: City of Angels,3.53,1996-08-29,5.5,546
9242,339547,en,Jeruzalem,3.535,2016-01-22,5.5,596
9243,195590,en,Collide,3.535,2016-06-10,5.5,586
9244,61012,en,Silent Hill: Revelation 3D,3.534,2012-10-10,5.52,1651
9245,77663,en,Killing Season,3.534,2013-07-12,5.519,978
9246,19556,en,Miss March,3.532,2009-03-13,5.5,357
9247,14365,en,Killing Me Softly,3.536,2002-05-10,5.5,327
9248,10197,en,Nine,3.575,2009-12-03,5.518,600
9249,9456,en,The Crow: Salvation,3.531,2000-01-23,5.5,360
9250,1975,en,The Grudge 2,3.782,2006-10-12,5.5,1036
9251,339988,en,The Circle,3.537,2017-04-27,5.5,4434
9252,313943,en,Revolt,3.537,2017-07-01,5.5,373
9253,282035,en,The Mummy,2.547,2017-06-06,5.513,7278
9254,26688,en,Sorority Row,3.532,2009-09-09,5.5,571
9255,842934,en,Poker Face,3.555,2022-11-16,5.5,321
9256,277355,en,Everly,3.535,2014-09-20,5.512,595
9257,222936,en,Aloha,3.534,2015-05-29,5.5,2053
9258,70578,en,Trespass,3.827,2011-10-13,5.512,1147
9259,68737,en,Seventh Son,5.329,2014-12-12,5.5,2514
9260,8275,en,American Pie Presents: The Naked Mile,3.785,2006-12-01,5.511,2059
9261,89008,en,The Oranges,3.533,2011-09-09,5.5,489
9262,77234,en,The Numbers Station,3.533,2013-04-18,5.5,567
9263,58444,it,Women Vs Men,3.537,2011-02-04,5.5,622
9264,210860,en,Mortdecai,5.75,2015-01-21,5.509,2660
9265,43919,en,Hatchet II,3.532,2010-10-01,5.5,370
9266,19918,en,Spread,3.532,2009-01-16,5.509,873
9267,10923,en,Agent Cody Banks,3.536,2003-03-14,5.509,1085
9268,890541,it,7 Women and a Murder,3.548,2021-12-25,5.508,359
9269,343173,en,The Rezort,3.822,2015-06-15,5.508,382
9270,266639,en,Jem and the Holograms,3.572,2015-10-22,5.508,386
9271,36355,en,Flipper,3.567,1996-05-17,5.508,319
9272,287948,en,The Transporter Refueled,3.537,2015-09-02,5.5,1500
9273,97430,en,The Man with the Iron Fists,3.533,2012-11-02,5.5,1128
9274,613911,en,Bliss,3.831,2021-02-05,5.506,618
9275,612152,en,Secret Obsession,3.545,2019-07-18,5.505,1113
9276,246403,en,Tusk,3.534,2014-09-19,5.5,1434
9277,201088,en,Blackhat,5.674,2015-01-13,5.505,2050
9278,11817,en,Bulletproof Monk,4.031,2003-03-28,5.503,933
9279,248507,fr,Superchondriac,3.827,2014-02-26,5.504,1076
9280,339530,en,Tremors 5: Bloodlines,3.534,2015-10-06,5.5,423
9281,520360,en,King of Thieves,3.538,2018-09-04,5.5,425
9282,385332,en,Terminal,3.538,2018-05-10,5.5,818
9283,10587,en,Police Academy 4: Citizens on Patrol,3.567,1987-04-02,5.501,1171
9284,9531,en,Superman III,3.53,1983-06-17,5.5,1722
9285,13761,en,Pocahontas II: Journey to a New World,2.347,1998-08-04,5.5,1356
9286,50647,en,Wanderlust,3.827,2012-02-23,5.499,1258
9287,43931,en,My Soul to Take,3.532,2010-10-08,5.5,519
9288,466622,en,The Rhythm Section,3.541,2020-01-31,5.5,611
9289,444902,en,Dirty Dancing,3.537,2017-05-24,5.5,433
9290,867,en,Sliver,3.536,1993-05-21,5.5,706
9291,10481,en,102 Dalmatians,3.536,2000-10-07,5.5,1375
9292,345067,it,Torno indietro e cambio vita,3.534,2015-06-18,5.5,310
9293,265016,en,Extraterrestrial,3.534,2014-10-17,5.5,514
9294,615678,en,Thunder Force,3.545,2021-04-09,5.492,1244
9295,420245,en,Don't Knock Twice,3.535,2017-01-12,5.5,748
9296,1735,en,The Mummy: Tomb of the Dragon Emperor,3.827,2008-07-01,5.492,4491
9297,442064,en,Proud Mary,3.537,2018-01-12,5.488,504
9298,75198,fr,Welcome Aboard,3.533,2011-10-05,5.491,522
9299,9271,en,Virtuosity,3.53,1995-08-04,5.5,549
9300,11607,en,DeepStar Six,3.567,1989-01-13,5.5,307
9301,437,en,Cube 2: Hypercube,3.532,2002-04-15,5.5,1470
9302,419700,en,Sandy Wexler,3.535,2017-04-14,5.5,553
9303,411144,en,We Have Always Lived in the Castle,3.539,2019-05-17,5.5,302
9304,348537,es,Spanish Affair 2,3.535,2015-11-20,5.5,411
9305,11237,en,Anacondas: The Hunt for the Blood Orchid,3.533,2004-08-25,5.5,990
9306,230179,en,Big Game,3.534,2015-03-19,5.487,1162
9307,11335,en,Popeye,4.03,1980-12-12,5.487,637
9308,399173,en,The Assignment,3.535,2016-06-08,5.486,519
9309,12121,en,Made in America,4.03,1993-01-06,5.481,362
9310,9356,en,Look Who's Talking Too,4.036,1990-12-14,5.483,1398
9311,1161048,sv,The Conference,3.574,2023-10-13,5.5,345
9312,10342,en,Teaching Mrs. Tingle,3.531,1999-08-11,5.484,337
9313,513083,en,Wine Country,3.539,2019-05-08,5.5,506
9314,23047,en,Season of the Witch,3.864,2011-01-07,5.483,2445
9315,7840,en,"10,000 BC",3.533,2008-03-04,5.5,2986
9316,889737,en,Joker: Folie à Deux,4.991,2024-10-01,5.479,2205
9317,456750,en,"Game Over, Man!",3.537,2018-03-23,5.5,925
9318,244566,en,Life After Beth,3.534,2014-08-15,5.5,679
9319,86868,fr,Would I Lie to You? 3,3.827,2012-01-31,5.481,335
9320,4257,en,Scary Movie 4,3.534,2006-04-12,5.481,3302
9321,52124,it,Me & Marilyn,3.532,2009-12-17,5.5,409
9322,97434,en,Gambit,3.533,2012-04-25,5.477,682
9323,9592,en,Open Water 2: Adrift,3.781,2006-07-10,5.479,683
9324,7182,en,Venom,3.531,2005-09-16,5.5,343
9325,420808,en,Peter Pan & Wendy,3.602,2023-04-20,5.5,691
9326,3132,en,Bad Company,3.781,2002-06-07,5.475,784
9327,9471,en,Charlie's Angels: Full Throttle,4.3,2003-06-25,5.475,3081
9328,615177,en,Coffee & Kareem,3.542,2020-04-03,5.473,414
9329,253310,en,Premature,3.54,2014-07-02,5.5,448
9330,2752,en,40 Days and 40 Nights,2.522,2002-03-01,5.5,1125
9331,330947,en,Song to Song,3.535,2017-03-17,5.5,870
9332,239573,en,Unfinished Business,3.534,2015-03-05,5.5,810
9333,190847,en,The Last Days on Mars,3.533,2013-08-11,5.472,825
9334,11618,en,The Haunting,3.863,1999-07-23,5.472,1377
9335,16258,en,The Butterfly Effect 3: Revelations,3.576,2009-01-09,5.5,561
9336,581644,en,The Misfits,3.551,2021-06-03,5.47,455
9337,450179,fr,Problemos,3.537,2017-05-10,5.5,405
9338,73861,sr,A Serbian Film,3.818,2010-06-16,5.471,2024
9339,23023,en,Tooth Fairy,3.533,2010-01-14,5.469,1994
9340,9796,en,Turistas,3.532,2006-12-01,5.5,834
9341,63207,en,Intruders,3.533,2011-09-12,5.467,518
9342,4551,en,Be Cool,3.825,2005-03-04,5.467,899
9343,641790,en,Trauma Center,3.54,2019-12-06,5.5,385
9344,76617,en,Texas Chainsaw 3D,3.58,2013-01-03,5.5,1700
9345,8274,en,American Pie Presents: Band Camp,3.531,2005-10-31,5.5,2091
9346,127493,en,Stolen,3.902,2012-09-06,5.464,1033
9347,87368,fr,17 Girls,3.533,2011-06-13,5.5,315
9348,10824,en,Candyman: Farewell to the Flesh,3.567,1995-03-17,5.5,382
9349,124470,en,Exists,3.534,2014-03-17,5.5,337
9350,54309,it,The Night Before the Exams Today,3.533,2007-02-14,5.461,673
9351,1499,en,Teenage Mutant Ninja Turtles III,3.568,1993-03-17,5.5,835
9352,75622,en,Rampart,3.827,2011-11-23,5.458,369
9353,613377,fr,30 Days Max,3.792,2020-10-14,5.452,365
9354,76757,en,Jupiter Ascending,5.757,2015-02-04,5.456,6798
9355,13493,en,College Road Trip,3.532,2008-03-07,5.5,390
9356,104755,en,The Lords of Salem,3.534,2013-04-18,5.5,860
9357,11249,en,Seed of Chucky,3.531,2004-11-12,5.5,1627
9358,262338,en,Good People,3.534,2014-08-12,5.453,462
9359,182219,fr,Serial Teachers,0.164,2013-04-17,5.452,1206
9360,19585,en,G-Force,3.569,2009-07-24,5.452,1889
9361,10281,en,Friday the 13th Part VII: The New Blood,3.53,1988-05-13,5.5,1080
9362,16991,en,Observe and Report,3.533,2009-04-10,5.5,683
9363,957304,en,Drive-Away Dolls,3.59,2024-02-22,5.5,421
9364,50217,en,From Prada to Nada,3.532,2011-01-28,5.5,323
9365,465109,en,The Week Of,3.538,2018-04-27,5.449,799
9366,14034,en,What's the Worst That Could Happen?,3.531,2001-05-31,5.4,301
9367,178809,en,The Colony,3.787,2013-04-12,5.447,1162
9368,10007,en,See No Evil,3.531,2006-05-19,5.4,656
9369,9842,en,School for Scoundrels,3.531,2006-09-29,5.4,361
9370,326,en,Snakes on a Plane,3.569,2006-08-17,5.4,1802
9371,452832,en,Serenity,3.538,2019-01-24,5.442,1538
9372,284564,en,31,3.535,2016-09-15,5.4,799
9373,850018,en,Windfall,3.55,2022-03-11,5.438,425
9374,516043,it,Here Come the Teachers,3.538,2018-05-01,5.4,381
9375,413471,en,The Late Bloomer,3.573,2016-10-07,5.438,340
9376,395841,en,Hold the Dark,3.575,2018-09-22,5.438,968
9377,362826,en,Wildling,3.537,2018-04-13,5.4,357
9378,414,en,Batman Forever,4.625,1995-06-16,5.436,5232
9379,488113,en,Christmas Wedding Planner,3.537,2017-12-14,5.4,417
9380,241258,en,Incarnate,3.535,2016-12-01,5.435,565
9381,535581,en,The Dead Don't Die,3.79,2019-05-15,5.434,2604
9382,39346,en,Casper: A Spirited Beginning,3.568,1997-09-09,5.4,319
9383,12597,en,Hellraiser: Inferno,3.531,2000-10-31,5.4,474
9384,10048,en,Stealth,3.531,2005-07-27,5.4,1063
9385,9264,en,Poison Ivy,3.53,1992-05-08,5.4,364
9386,9067,en,Tank Girl,3.53,1995-03-31,5.4,510
9387,2274,en,The Seeker: The Dark Is Rising,3.532,2007-10-05,5.4,418
9388,92182,en,Silent House,3.532,2011-01-21,5.4,407
9389,37931,en,MacGruber,3.532,2010-05-21,5.4,553
9390,378236,en,The Emoji Movie,3.788,2017-07-23,5.428,3128
9391,125509,en,Wrong Turn 5: Bloodlines,3.537,2012-10-18,5.4,956
9392,121856,en,Assassin's Creed,3.356,2016-12-21,5.4,7779
9393,531949,en,Father of the Year,3.538,2018-07-20,5.4,475
9394,323674,en,6 Years,3.534,2015-03-14,5.426,713
9395,454283,en,Action Point,3.538,2018-06-01,5.424,344
9396,19794,en,Labor Pains,3.576,2009-06-19,5.424,427
9397,10012,en,Cursed,3.531,2005-02-25,5.4,710
9398,8944,en,What Just Happened,3.533,2008-10-17,5.4,450
9399,96936,en,The Bling Ring,3.827,2013-06-12,5.423,3032
9400,18162,en,Land of the Lost,3.614,2009-06-05,5.423,1324
9401,1641,en,Forces of Nature,3.569,1999-03-12,5.4,555
9402,276839,en,Home Sweet Hell,3.534,2015-03-13,5.4,458
9403,9838,en,King Solomon's Mines,3.53,1985-11-22,5.4,421
9404,9612,en,Coneheads,4.03,1993-07-23,5.424,931
9405,401905,en,Fahrenheit 451,3.544,2018-05-12,5.421,870
9406,203834,en,Jessabelle,3.535,2014-11-07,5.4,797
9407,38317,en,Zookeeper,3.54,2011-07-06,5.4,1674
9408,286873,en,Northmen: A Viking Saga,3.534,2014-10-23,5.4,342
9409,10336,en,Spawn,3.574,1997-07-31,5.418,1368
9410,465086,en,The Grudge,3.829,2019-12-31,5.421,1223
9411,14560,en,Paul Blart: Mall Cop,3.539,2009-01-15,5.4,2542
9412,10063,en,The Breed,3.568,2006-05-17,5.415,382
9413,453201,en,The 15:17 to Paris,3.792,2018-02-07,5.4,1608
9414,338964,en,Bad Santa 2,3.823,2016-11-23,5.413,803
9415,10906,en,Pet Sematary II,3.53,1992-08-28,5.4,545
9416,10658,en,Howard the Duck,4.03,1986-08-01,5.4,1031
9417,530081,en,The Man Who Killed Hitler and Then the Bigfoot,3.539,2019-02-08,5.4,445
9418,340677,en,I.T.,3.785,2016-09-09,5.41,643
9419,9042,en,The Cave,3.781,2005-08-26,5.409,940
9420,717728,en,Jeepers Creepers: Reborn,3.555,2022-09-15,5.4,1000
9421,43593,en,Piranha 3D,3.532,2010-08-20,5.4,2239
9422,15709,fr,Changing Sides,3.532,2009-01-07,5.406,302
9423,10165,en,Fear and Desire,3.536,1953-03-31,5.4,511
9424,11425,en,"Honey, We Shrunk Ourselves",3.535,1997-03-18,5.405,677
9425,1063422,en,The Strays,3.559,2023-02-17,5.4,371
9426,82990,en,Paranormal Activity 4,3.533,2012-10-17,5.404,1899
9427,560192,en,Grand Isle,3.54,2019-12-06,5.4,313
9428,252607,fr,Junior,3.866,2014-03-12,5.403,669
9429,84174,en,Bachelorette,3.533,2012-01-23,5.4,1200
9430,434355,fr,Taxi 5,3.537,2018-04-07,5.4,1019
9431,225886,en,Sex Tape,6.119,2014-07-17,5.402,4069
9432,9423,en,Virus,3.536,1999-01-14,5.4,620
9433,2157,en,Lost in Space,3.531,1998-04-03,5.402,1221
9434,523077,en,Running with the Devil,4.039,2019-08-29,5.395,315
9435,9278,en,Freejack,3.53,1992-01-17,5.4,317
9436,227348,en,Paranormal Activity: The Marked Ones,3.533,2014-01-01,5.4,1443
9437,58428,en,The Innkeepers,3.534,2011-08-18,5.4,656
9438,12767,en,Cold Creek Manor,3.531,2003-09-19,5.4,494
9439,8427,en,I Spy,4.031,2002-10-31,5.396,955
9440,811072,es,Two,3.546,2021-07-23,5.4,327
9441,500904,en,A Vigilante,3.539,2019-03-29,5.4,378
9442,10372,en,Ewoks: The Battle for Endor,4.074,1985-11-24,5.399,316
9443,8645,en,The Happening,4.071,2008-06-11,5.401,3671
9444,290637,en,Pay the Ghost,3.534,2015-09-16,5.4,766
9445,254191,en,Honeymoon,3.534,2014-09-12,5.398,588
9446,10160,en,A Nightmare on Elm Street: The Dream Child,3.568,1989-08-11,5.397,1295
9447,480042,en,Escape Plan: The Extractors,2.564,2019-06-20,5.394,863
9448,426285,ja,Fullmetal Alchemist,3.537,2017-12-01,5.4,551
9449,401561,en,Mom and Dad,3.537,2018-01-19,5.4,1007
9450,112160,fr,Sexual Chronicles of a French Family,3.553,2012-05-09,5.4,371
9451,19824,en,Van Wilder: Freshman Year,3.532,2009-06-02,5.4,329
9452,169209,en,Empire State,3.539,2013-09-03,5.4,694
9453,517764,en,The Farm,3.539,2019-04-19,5.4,350
9454,347882,en,Sleight,1.981,2016-04-28,5.39,519
9455,253414,en,Rock the Kasbah,3.572,2015-10-22,5.389,347
9456,9625,en,The Glimmer Man,3.53,1996-10-04,5.4,395
9457,6933,en,One Missed Call,3.532,2008-01-04,5.4,758
9458,11026,en,Exorcist: The Beginning,2.347,2004-08-20,5.4,813
9459,447665,en,Kickboxer: Retaliation,3.795,2018-01-26,5.385,301
9460,263472,en,Knock Knock,3.54,2015-06-26,5.4,3250
9461,10642,en,Loser,3.531,2000-07-21,5.4,439
9462,512025,en,There's Someone Inside Your House,3.547,2021-09-24,5.382,684
9463,287424,en,Maggie,5.675,2015-05-08,5.4,1590
9464,259072,en,Wrong Turn 6: Last Resort,1.981,2014-08-22,5.4,893
9465,204349,en,Contracted,3.533,2013-07-07,5.4,502
9466,193726,en,ABCs of Death 2,3.534,2014-10-02,5.381,318
9467,24438,en,Did You Hear About the Morgans?,3.782,2009-12-17,5.38,984
9468,10535,en,Spy Hard,4.03,1996-05-24,5.379,677
9469,339404,en,The Layover,3.537,2017-09-01,5.4,693
9470,49950,en,The Roommate,3.532,2011-02-04,5.4,941
9471,13051,en,Max Payne,3.533,2008-10-15,5.4,2091
9472,10992,en,Cats & Dogs,3.537,2001-07-04,5.4,1646
9473,14405,en,Beverly Hills Chihuahua,3.532,2008-10-03,5.4,1063
9474,634492,en,Madame Web,4.613,2024-02-14,5.373,2132
9475,21583,en,Management,3.532,2009-02-08,5.374,333
9476,1977,en,The Grudge 3,3.783,2009-05-12,5.4,598
9477,42194,en,Tekken,3.532,2010-03-20,5.4,691
9478,333386,en,The Duel,3.535,2016-06-24,5.4,345
9479,12771,en,Serving Sara,3.531,2002-08-23,5.372,321
9480,12657,en,Soul Plane,3.532,2004-05-28,5.37,436
9481,13121,en,Teeth,3.532,2008-01-18,5.4,747
9482,80304,en,Casa de Mi Padre,3.533,2012-03-15,5.4,307
9483,9827,en,Phantoms,3.536,1998-01-23,5.4,357
9484,12448,en,The Hunchback of Notre Dame II,3.531,2002-02-06,5.4,803
9485,301337,en,Downsizing,3.788,2017-12-22,5.365,3847
9486,463684,en,Velvet Buzzsaw,3.539,2019-02-01,5.364,1901
9487,80015,fr,Hollywoo,3.827,2011-12-07,5.363,594
9488,11231,en,The Next Karate Kid,3.53,1994-07-18,5.4,1030
9489,11950,en,Cannonball Run II,3.53,1984-06-29,5.4,324
9490,17918,en,Swamp Thing,3.568,1982-01-01,5.36,403
9491,244316,en,Into the Grizzly Maze,3.534,2015-02-27,5.4,300
9492,180948,en,Vehicle 19,3.533,2013-03-07,5.4,498
9493,3600,en,I Still Know What You Did Last Summer,3.826,1998-11-13,5.356,1506
9494,100241,en,"I, Frankenstein",3.827,2014-01-22,5.355,1941
9495,751237,en,Umma,3.55,2022-03-18,5.354,301
9496,9651,en,Supergirl,3.786,1984-07-01,5.4,608
9497,50838,en,Wrecked,3.532,2010-04-01,5.4,361
9498,288281,en,A Good Marriage,3.541,2014-10-03,5.35,466
9499,11469,en,Black Knight,4.031,2001-11-21,5.347,1119
9500,417830,en,Diary of a Wimpy Kid: The Long Haul,3.537,2017-05-19,5.349,483
9501,77948,en,The Cold Light of Day,4.077,2012-04-04,5.349,913
9502,43074,en,Ghostbusters,4.288,2016-07-14,5.349,6474
9503,9626,en,Red Sonja,3.53,1985-04-09,5.3,848
9504,373569,en,Snatched,3.538,2017-05-03,5.3,798
9505,14846,en,Little Black Book,3.531,2004-08-06,5.3,346
9506,12700,en,Dominion: Prequel to The Exorcist,3.531,2005-05-20,5.3,377
9507,24150,en,Halloween II,3.532,2009-08-28,5.3,1421
9508,11982,en,Look Who's Talking Now!,3.53,1993-11-05,5.341,1033
9509,353686,en,Visions,3.534,2015-08-28,5.3,429
9510,528085,en,2067,3.543,2020-10-01,5.3,845
9511,481762,fr,"Neuilly sa mère, sa mère !",3.538,2018-08-08,5.339,333
9512,888,en,The Flintstones,4.031,1994-05-27,5.337,2477
9513,463602,en,Slumber,3.537,2017-12-01,5.3,349
9514,157544,en,The Vatican Tapes,3.876,2015-07-23,5.338,763
9515,78383,en,Nurse 3-D,3.572,2013-09-28,5.3,473
9516,226486,en,Tammy,3.534,2014-07-02,5.3,1222
9517,408381,en,Monolith,3.536,2016-05-12,5.3,369
9518,341392,fr,Lolo,4.078,2015-09-03,5.334,376
9519,1792,en,Stuck on You,3.531,2003-12-10,5.3,667
9520,47933,en,Independence Day: Resurgence,4.058,2016-06-22,5.331,6107
9521,10118,en,Material Girls,3.568,2006-08-18,5.331,458
9522,277368,fr,Nicholas on Holiday,3.828,2014-07-09,5.33,458
9523,47964,en,A Good Day to Die Hard,3.409,2013-02-06,5.328,6446
9524,203835,en,Amityville: The Awakening,3.542,2017-06-30,5.327,1031
9525,226140,en,See No Evil 2,2.731,2014-10-21,5.3,307
9526,186759,en,Get a Job,3.535,2016-03-17,5.3,664
9527,37498,en,Knock Off,3.574,1998-09-04,5.322,365
9528,611468,de,Kidnapping Stella,3.539,2019-06-29,5.321,414
9529,64586,en,Sleeping Beauty,3.533,2011-06-10,5.3,621
9530,325844,fr,Serial Teachers 2,3.866,2015-07-01,5.32,916
9531,234212,en,Demonic,3.534,2015-02-12,5.3,493
9532,38319,en,Your Highness,3.532,2011-04-08,5.3,1342
9533,317091,en,November Criminals,3.537,2017-11-07,5.3,654
9534,11361,en,Halloween 5: The Revenge of Michael Myers,3.53,1989-10-12,5.319,1221
9535,10064,en,Edison,3.531,2005-07-29,5.3,333
9536,8487,en,Wild Wild West,4.07,1999-06-30,5.316,3348
9537,500919,en,211,3.538,2018-05-30,5.3,460
9538,43552,en,Vanishing on 7th Street,3.533,2010-09-11,5.3,579
9539,23966,en,Deadgirl,3.782,2008-09-06,5.311,349
9540,476926,en,The Titan,3.537,2018-03-30,5.3,1244
9541,12702,en,Critters 3,3.53,1991-12-11,5.3,413
9542,433244,en,Clinical,3.535,2017-01-13,5.3,407
9543,242076,en,The Bag Man,3.784,2014-02-28,5.3,351
9544,298614,fr,Do Not Disturb,3.828,2014-12-31,5.307,361
9545,37430,en,Conan the Barbarian,3.827,2011-08-17,5.307,1880
9546,282813,en,The Pyramid,3.534,2014-12-04,5.3,1068
9547,50357,en,Apollo 18,3.783,2011-07-20,5.3,1005
9548,11540,fr,Arsène Lupin,3.536,2004-10-13,5.305,343
9549,10808,en,Dr. Dolittle 2,3.606,2001-06-22,5.3,1681
9550,25018,en,Leatherface: The Texas Chainsaw Massacre III,3.53,1990-01-12,5.3,565
9551,42888,en,How Do You Know,3.575,2010-12-17,5.302,997
9552,11284,en,Freddy's Dead: The Final Nightmare,3.53,1991-09-05,5.3,1349
9553,329981,en,Shut In,3.785,2016-11-11,5.301,697
9554,426962,fr,Room(h)ates,3.83,2017-04-19,5.3,390
9555,71469,en,The Darkest Hour,3.79,2011-12-22,5.299,1484
9556,665828,fr,Bigbug,3.798,2022-02-11,5.299,417
9557,37534,en,The New Daughter,3.569,2009-12-18,5.299,345
9558,595985,en,Cold Blood,3.539,2019-05-15,5.297,406
9559,430528,fr,If I Were a Boy,3.535,2017-02-22,5.3,374
9560,259018,en,Behaving Badly,3.537,2014-04-14,5.3,585
9561,44564,en,The Dilemma,3.826,2011-01-13,5.296,859
9562,9446,en,Jungle 2 Jungle,3.53,1997-03-04,5.3,474
9563,323020,fr,Bis,3.829,2015-02-18,5.295,551
9564,10628,en,Kangaroo Jack,3.532,2003-01-17,5.295,933
9565,592831,en,Megalopolis,4.176,2024-09-25,5.3,717
9566,525460,en,Welcome Home,3.538,2018-11-16,5.293,333
9567,146301,en,Paranormal Activity: The Ghost Dimension,3.534,2015-10-21,5.3,1384
9568,80280,es,[REC]³ Genesis,3.534,2012-03-30,5.3,1498
9569,14113,en,Zoom,3.531,2006-08-11,5.3,607
9570,339103,en,Gotti,3.539,2018-06-14,5.292,610
9571,15028,en,Clockstoppers,3.781,2002-03-29,5.3,327
9572,242310,en,Rage,3.828,2014-05-09,5.288,754
9573,93856,en,Chernobyl Diaries,3.571,2012-05-24,5.287,1587
9574,11453,en,Deuce Bigalow: European Gigolo,3.57,2005-08-12,5.3,936
9575,8766,en,Hellraiser: Bloodline,3.78,1996-03-08,5.3,534
9576,475210,en,How It Ends,3.788,2018-07-13,5.3,1928
9577,9557,en,Boat Trip,3.536,2002-10-01,5.3,651
9578,9876,en,Stop! Or My Mom Will Shoot,3.53,1992-02-21,5.281,1026
9579,328429,en,Approaching the Unknown,3.535,2016-06-03,5.28,313
9580,271404,en,Beyond Skyline,1.625,2017-10-26,5.3,1033
9581,44113,en,Stone,3.532,2010-10-07,5.3,689
9582,42446,it,Christmas Vacation 2000,3.531,1999-12-17,5.28,350
9583,838484,en,Choose or Die,3.55,2022-04-15,5.3,803
9584,243940,en,The Lazarus Effect,3.536,2015-01-29,5.3,1425
9585,13256,en,Mutant Chronicles,3.532,2008-08-07,5.3,461
9586,11260,en,Meet Dave,3.569,2008-07-08,5.279,1448
9587,109091,en,The Counselor,3.827,2013-10-25,5.275,1870
9588,17684,fr,Chouchou,3.531,2003-03-19,5.3,460
9589,9713,en,Holy Man,4.031,1998-10-08,5.268,428
9590,9714,en,Home Alone 3,4.032,1997-12-12,5.271,3061
9591,11597,en,Toys,4.03,1992-12-18,5.269,547
9592,11310,en,City Slickers II: The Legend of Curly's Gold,4.28,1994-06-10,5.27,318
9593,9480,en,Daredevil,3.624,2003-02-14,5.27,5135
9594,12208,en,Casino Royale,3.531,1967-04-13,5.3,744
9595,11158,en,"Honey, I Blew Up the Kid",3.535,1992-07-16,5.265,1183
9596,10718,en,Torque,3.532,2004-01-16,5.265,586
9597,316154,en,The Bad Batch,3.537,2017-06-23,5.3,1090
9598,295011,en,Patient Zero,3.538,2018-09-14,5.3,373
9599,359790,en,Blackway,3.534,2015-10-03,5.261,380
9600,10577,en,Dracula 2000,3.531,2000-12-22,5.3,680
9601,10588,en,The Cat in the Hat,3.781,2003-11-21,5.3,1668
9602,9826,en,The Phantom,3.53,1996-06-06,5.3,575
9603,26123,en,American Pie Presents: The Book of Love,3.536,2009-12-07,5.3,1748
9604,9731,en,Friday the 13th: A New Beginning,3.569,1985-03-22,5.3,1173
9605,13924,en,The Adventures of André and Wally B.,3.535,1984-12-17,5.256,310
9606,681019,pl,Nobody Sleeps in the Woods Tonight,3.541,2020-03-20,5.3,660
9607,430365,fr,With Open Arms,3.541,2017-04-05,5.255,465
9608,424619,fr,The Magic Tuche,3.831,2018-01-31,5.255,800
9609,109099,en,Passion,3.533,2013-02-13,5.3,417
9610,102207,fr,HOUBA! On the Trail of the Marsupilami,3.533,2012-04-03,5.3,844
9611,86467,en,Bel Ami,3.533,2012-03-09,5.3,516
9612,17825,fr,The 11 Commandments,3.531,2004-02-04,5.255,440
9613,11918,en,Superhero Movie,3.576,2008-03-28,5.3,1851
9614,11568,en,Blues Brothers 2000,4.036,1998-02-05,5.254,687
9615,288158,en,The Woman in Black 2: Angel of Death,3.823,2014-12-30,5.252,1022
9616,17130,en,Crossroads,3.542,2002-02-15,5.2,635
9617,329010,en,Emelie,3.535,2016-03-04,5.249,646
9618,364067,en,A Very Murray Christmas,3.534,2015-12-04,5.2,423
9619,11933,en,Nothing but Trouble,3.53,1991-02-15,5.2,365
9620,560362,en,Rattlesnake,3.54,2019-10-25,5.243,426
9621,51481,en,Mean Girls 2,3.532,2011-01-23,5.2,1245
9622,38579,en,Marmaduke,3.782,2010-06-03,5.243,756
9623,18238,en,Lesbian Vampire Killers,3.532,2009-03-16,5.2,389
9624,9053,en,DOA: Dead or Alive,3.781,2006-09-07,5.24,842
9625,1087822,en,Hellboy: The Crooked Man,3.659,2024-08-29,5.2,376
9626,41413,it,Sorry if I Want to Marry You,3.532,2010-02-12,5.239,381
9627,14695,en,Havoc,3.531,2005-10-16,5.2,314
9628,9711,en,Species III,3.531,2004-11-26,5.2,419
9629,10306,en,Poltergeist III,3.53,1988-06-10,5.2,493
9630,9750,en,Balls of Fury,2.537,2007-08-29,5.2,539
9631,9360,en,Anaconda,3.569,1997-04-11,5.2,2524
9632,301728,en,Infini,3.534,2015-04-11,5.2,357
9633,122081,en,Spring Breakers,3.783,2013-03-06,5.2,3855
9634,280391,fr,Animal Kingdom: Let's Go Ape,3.534,2015-04-08,5.2,353
9635,505177,en,10x10,3.537,2018-03-16,5.2,562
9636,329440,en,The Forest,3.785,2016-01-07,5.222,1755
9637,210908,en,All Cheerleaders Die,3.533,2013-10-31,5.2,392
9638,33107,en,And Soon the Darkness,3.537,2010-02-25,5.2,379
9639,42432,it,Natale sul Nilo,3.531,2002-12-20,5.2,567
9640,37169,lt,The Human Centipede (First Sequence),3.533,2009-10-31,5.2,2214
9641,13613,en,Day of the Dead,3.532,2008-04-08,5.2,390
9642,580630,en,Girl on the Third Floor,3.54,2019-10-25,5.2,312
9643,42425,it,A Walk in Time,3.53,1996-12-13,5.2,330
9644,351211,en,Blair Witch,3.786,2016-09-15,5.219,1920
9645,342281,fr,Family for Rent,3.828,2015-08-19,5.219,422
9646,9959,en,Freedomland,3.574,2006-02-17,5.217,338
9647,11375,en,Hollywood Homicide,3.531,2003-06-09,5.2,646
9648,9978,en,Stormbreaker,3.536,2006-07-21,5.2,648
9649,534072,en,Great White,3.545,2021-05-07,5.2,385
9650,372343,en,The Snowman,3.537,2017-08-24,5.2,2249
9651,10676,en,Halloween III: Season of the Witch,3.537,1982-10-22,5.2,1407
9652,2395,fr,Asterix at the Olympic Games,3.538,2008-01-25,5.211,2004
9653,9920,en,Ultraviolet,3.781,2006-03-03,5.21,1600
9654,336445,en,Army of One,3.535,2016-11-04,5.2,300
9655,243938,en,Hot Tub Time Machine 2,3.534,2015-02-20,5.2,924
9656,11217,en,Club Dread,3.531,2004-02-27,5.2,369
9657,345915,en,Once Upon a Time in Venice,3.537,2017-06-08,5.2,649
9658,9290,en,Crocodile Dundee in Los Angeles,3.536,2001-04-12,5.205,617
9659,243688,en,Poltergeist,5.325,2015-05-20,5.2,2287
9660,30178,en,Stuart Little 3: Call of the Wild,3.568,2005-07-14,5.204,497
9661,531735,fr,Ibiza,3.539,2019-07-03,5.2,330
9662,277558,en,Final Girl,3.786,2015-04-14,5.202,684
9663,347969,en,The Ridiculous 6,3.541,2015-12-11,5.201,1425
9664,38745,en,Gulliver's Travels,4.326,2010-12-23,5.201,2415
9665,248390,fr,Le Crocodile du Botswanga,3.533,2014-02-19,5.199,345
9666,39691,en,Cats & Dogs: The Revenge of Kitty Galore,3.533,2010-07-29,5.199,642
9667,345923,en,All I See Is You,3.537,2017-08-10,5.2,587
9668,169020,fr,Vive la France,3.827,2013-02-20,5.195,379
9669,13184,en,Bangkok Dangerous,3.538,2008-08-21,5.2,1016
9670,11825,en,Police Academy 5: Assignment Miami Beach,3.567,1988-03-17,5.2,920
9671,632727,en,Texas Chainsaw Massacre,3.837,2022-02-18,5.193,1484
9672,444149,en,Hellraiser: Judgment,3.537,2018-02-13,5.19,316
9673,13376,en,Eight Crazy Nights,3.532,2002-11-27,5.2,332
9674,24169,it,The Cosmos on the Commode,3.569,2008-12-19,5.186,858
9675,94348,en,Alex Cross,3.533,2012-10-18,5.2,725
9676,82700,en,After Earth,3.865,2013-05-30,5.184,6583
9677,2020,en,The Bachelor,3.531,1999-11-05,5.2,311
9678,382589,fr,Rock'n Roll,3.535,2017-02-15,5.2,747
9679,10461,en,Get Carter,3.531,2000-10-06,5.18,582
9680,9624,en,On Deadly Ground,3.53,1994-02-18,5.18,473
9681,14199,en,The Adventures of Sharkboy and Lavagirl,3.535,2005-06-10,5.2,1520
9682,320048,en,Ratter,3.784,2015-01-24,5.174,322
9683,24476,en,Beethoven's 3rd,3.568,2000-07-25,5.2,356
9684,6280,en,Junior,4.073,1994-11-22,5.2,1507
9685,9037,en,Grease 2,3.53,1982-06-11,5.177,687
9686,139455,en,Silent Night,3.534,2012-11-30,5.176,307
9687,440,en,Aliens vs Predator: Requiem,3.613,2007-12-25,5.2,2993
9688,13788,en,The Unborn,3.532,2009-01-09,5.2,1362
9689,44912,en,Green Lantern,4.079,2011-06-14,5.17,7291
9690,301608,en,The Trust,3.535,2016-04-29,5.2,489
9691,134375,en,Home Alone: The Holiday Heist,3.534,2012-12-03,5.2,436
9692,70868,en,I Don't Know How She Does It,3.533,2011-09-16,5.2,395
9693,4723,en,Southland Tales,3.532,2007-11-14,5.2,555
9694,292280,en,The Bye Bye Man,3.573,2017-01-12,5.2,1235
9695,763164,en,Apex,3.547,2021-11-12,5.2,575
9696,10216,en,Species II,3.532,1998-04-10,5.2,717
9697,256961,en,Paul Blart: Mall Cop 2,5.344,2015-04-16,5.2,1580
9698,9656,en,Black Christmas,3.533,2006-12-15,5.2,562
9699,522444,en,Black Water: Abyss,3.542,2020-07-09,5.2,437
9700,8814,en,Doom,3.531,2005-10-20,5.154,2264
9701,10987,en,Halloween: The Curse of Michael Myers,3.568,1995-09-29,5.2,1130
9702,440471,en,Escape Plan 2: Hades,3.576,2018-06-05,5.149,1462
9703,242512,en,Ouija,5.324,2014-10-24,5.1,2668
9704,619592,en,Force of Nature,3.541,2020-07-02,5.1,524
9705,123103,es,Aftershock,3.533,2012-09-12,5.1,331
9706,9405,en,Double Team,3.78,1997-04-04,5.1,768
9707,10016,en,Ghosts of Mars,3.537,2001-08-24,5.14,1116
9708,293771,en,Dead Rising: Watchtower,3.534,2015-03-27,5.1,357
9709,43554,it,Paparazzi,3.531,1998-12-18,5.1,328
9710,1024530,en,Grimcutty,3.554,2022-10-10,5.1,382
9711,11510,en,Repossessed,3.53,1990-09-14,5.1,318
9712,11895,en,Police Academy 6: City Under Siege,3.567,1989-03-09,5.132,864
9713,302349,en,Iron Sky: The Coming Race,3.539,2019-01-25,5.1,407
9714,582885,fr,Cuties,3.542,2020-08-19,5.125,443
9715,42434,it,Christmas in Miami,3.531,2005-12-16,5.1,506
9716,185460,en,Willow Creek,3.533,2013-05-02,5.1,312
9717,10944,en,In the Cut,3.531,2003-10-22,5.1,427
9718,4474,en,My Super Ex-Girlfriend,4.031,2006-07-20,5.118,1449
9719,354979,en,Dog Eat Dog,3.535,2016-11-04,5.1,354
9720,12279,en,Spy Kids 3-D: Game Over,3.786,2003-07-25,5.1,2233
9721,27902,en,Love Wrecked,3.574,2005-11-01,5.118,500
9722,11252,en,Psycho,3.531,1998-12-04,5.1,976
9723,23685,en,Monkeybone,3.531,2001-02-23,5.117,328
9724,430354,en,Bushwick,3.537,2017-08-25,5.1,479
9725,10167,en,Half Past Dead,3.532,2002-11-15,5.113,355
9726,11090,en,The Animal,4.318,2001-06-01,5.111,1263
9727,10685,en,The Watcher,3.826,2000-09-08,5.112,501
9728,492336,en,Deep Blue Sea 2,3.537,2018-04-17,5.1,525
9729,193612,en,The Quiet Ones,3.534,2014-04-25,5.1,649
9730,13741,fr,2 Alone in Paris,3.532,2008-06-25,5.1,319
9731,346651,en,Pandemic,3.535,2016-02-26,5.1,356
9732,18843,en,Dr. Dolittle 3,3.531,2006-04-25,5.1,451
9733,289720,en,Outcast,5.674,2014-09-26,5.107,474
9734,43555,it,Body Guards,3.531,2000-12-22,5.1,303
9735,2486,en,Eragon,3.576,2006-12-14,5.106,3288
9736,13972,en,The Women,3.532,2008-09-12,5.1,340
9737,8998,en,Friends with Money,3.531,2006-04-07,5.1,579
9738,12158,en,Vampire in Brooklyn,3.53,1995-10-26,5.1,586
9739,99770,fr,Asterix & Obelix: God Save Britannia,3.833,2012-10-17,5.094,1319
9740,57089,en,Hoodwinked Too! Hood VS. Evil,3.532,2011-04-29,5.092,541
9741,441614,es,Loving,0.305,2017-04-21,5.09,508
9742,42437,it,Natale a Rio,3.532,2008-12-19,5.1,455
9743,10477,en,Driven,3.532,2001-04-27,5.087,732
9744,151368,en,Open Windows,3.534,2014-07-04,5.1,443
9745,11859,en,Fair Game,3.53,1995-11-03,5.1,301
9746,646683,en,The Exorcism,4.112,2024-05-30,5.072,311
9747,74536,en,The Son of No One,3.533,2011-11-04,5.1,312
9748,586333,es,Who Would You Take to a Deserted Island?,3.539,2019-03-22,5.1,372
9749,5458,en,Cruel Intentions 2,3.532,2000-11-09,5.1,393
9750,71670,en,Hostel: Part III,3.783,2011-12-22,5.1,1199
9751,9722,en,Bewitched,3.606,2005-06-21,5.1,1557
9752,407451,en,A Wrinkle in Time,3.537,2018-03-08,5.063,1799
9753,75736,en,Catch.44,3.827,2011-12-08,5.061,343
9754,11679,en,xXx: State of the Union,3.783,2005-04-27,5.054,1875
9755,77941,it,The Usual Idiots: The Movie,3.533,2011-11-04,5.1,374
9756,13257,en,Mr. Woodcock,3.532,2007-09-14,5.05,453
9757,146227,en,Getaway,3.533,2013-08-29,5.049,635
9758,429467,en,The Lodgers,3.537,2017-10-05,5.0,492
9759,89691,en,ATM,3.533,2012-02-17,5.0,614
9760,10032,en,Van Wilder 2: The Rise of Taj,3.532,2006-12-01,5.0,400
9761,9682,en,Pulse,3.531,2006-08-11,5.0,532
9762,980078,en,Winnie the Pooh: Blood and Honey,1.994,2023-01-26,5.0,1419
9763,65055,en,Shark Night 3D,3.603,2011-09-02,5.0,557
9764,354556,ru,Guardians,3.535,2017-02-14,5.0,773
9765,12525,en,Critters 4,3.53,1992-08-20,5.0,306
9766,9947,en,Elektra,3.82,2005-01-13,5.0,2470
9767,5393,en,Happily N'Ever After,3.532,2007-01-05,5.0,427
9768,8617,en,Prom Night,3.532,2008-04-10,5.0,732
9769,325358,en,Superfast!,3.536,2015-03-05,5.0,456
9770,17680,en,The Girlfriend Experience,3.534,2009-05-22,5.0,307
9771,2830,en,My Boss's Daughter,3.531,2003-08-21,5.0,692
9772,385448,en,The Little Mermaid,3.538,2018-08-02,5.0,837
9773,308529,en,Kickboxer: Vengeance,3.535,2016-07-14,5.0,408
9774,123229,fr,Porn in the Hood,3.827,2012-07-11,5.027,350
9775,523638,en,Prisoners of the Ghostland,3.546,2021-08-31,5.0,587
9776,35169,en,Furry Vengeance,3.532,2010-04-30,5.0,605
9777,246320,fr,The Three Brothers: The Return,3.539,2014-02-12,5.017,446
9778,133469,fr,The Dream Team,3.827,2012-09-26,5.016,699
9779,205724,en,Welcome to the Jungle,3.533,2013-04-27,5.015,429
9780,42684,en,Skyline,3.57,2010-11-11,5.0,1639
9781,71676,en,Ghost Rider: Spirit of Vengeance,4.581,2011-12-10,5.005,3832
9782,8494,en,Weekend at Bernie's II,3.53,1993-07-09,5.0,301
9783,3093,en,Basic Instinct 2,3.532,2006-03-29,5.005,774
9784,2149,en,Body of Evidence,3.53,1993-01-15,5.0,309
9785,297160,en,XX,3.536,2017-02-17,5.0,433
9786,2182,en,Attack of the Killer Tomatoes!,3.567,1978-10-01,5.0,300
9787,14564,en,Rings,3.825,2017-02-01,4.998,2501
9788,429422,en,Capone,3.541,2020-06-26,5.0,383
9789,12107,en,Nutty Professor II: The Klumps,4.069,2000-07-27,4.989,1326
9790,481375,en,Malevolent,3.543,2018-12-13,5.0,488
9791,157424,en,Cabin Fever: Patient Zero,3.533,2014-02-05,5.0,319
9792,42941,en,30 Days of Night: Dark Days,3.532,2010-10-04,5.0,524
9793,480572,en,Bullet Head,3.537,2017-12-07,4.984,521
9794,495673,fr,Belleville Cop,3.538,2018-10-17,5.0,364
9795,37265,it,All Ladies Do It,1.622,1992-02-21,5.0,389
9796,17610,en,Year One,4.033,2009-06-18,4.965,1886
9797,284674,en,Air,3.534,2015-08-14,5.0,434
9798,724989,en,Hard Kill,3.542,2020-09-04,5.0,643
9799,44918,en,Titanic II,3.533,2010-08-07,5.0,424
9800,42435,it,Natale a New York,3.532,2006-12-15,5.0,516
9801,802443,en,Deadly Illusions,3.544,2021-03-18,5.0,327
9802,277839,fr,"Good Guys Go to Heaven, Bad Guys Go to Pattaya",3.829,2016-02-24,4.959,489
9803,11246,en,Hellraiser: Hellseeker,3.531,2002-10-15,5.0,354
9804,3177,ja,Battle Royale II: Requiem,3.531,2003-07-05,5.0,485
9805,23706,en,All About Steve,3.532,2009-08-06,5.0,999
9806,433249,en,IO,3.538,2019-01-18,4.953,1374
9807,269173,en,The Anomaly,3.534,2014-06-19,5.0,330
9808,87436,en,The ABCs of Death,3.533,2013-03-08,4.951,597
9809,10384,en,Supernova,3.531,2000-01-14,5.0,392
9810,8968,en,Boogeyman,3.569,2005-02-04,4.9,762
9811,20533,en,Jonah Hex,3.533,2010-06-18,4.945,1443
9812,14620,en,The Butterfly Effect 2,3.788,2006-08-17,4.944,917
9813,42436,it,Natale in crociera,3.532,2007-12-14,4.9,410
9814,323262,en,Holidays,3.535,2016-04-22,4.9,492
9815,68637,fr,Ducoboo,3.533,2011-06-22,4.935,400
9816,10283,en,Friday the 13th Part VIII: Jason Takes Manhattan,3.53,1989-07-28,4.9,1085
9817,254474,en,Zombeavers,3.54,2014-10-20,4.9,712
9818,10213,en,From Dusk Till Dawn 3: The Hangman's Daughter,3.531,2000-01-18,4.9,355
9819,329833,en,Zoolander 2,3.786,2016-02-06,4.922,2258
9820,299245,en,The Gallows,3.534,2015-07-09,4.9,938
9821,520901,en,Doom: Annihilation,3.54,2019-09-30,4.9,421
9822,57876,en,Area 51,3.534,2015-05-15,4.9,593
9823,82657,en,Flight 7500,3.535,2014-05-16,4.905,555
9824,241254,en,The Prince,5.324,2014-08-22,4.9,490
9825,293572,en,The Houses October Built,3.534,2014-10-10,4.899,335
9826,654974,en,Home Sweet Home Alone,3.548,2021-11-11,4.897,636
9827,241251,en,The Boy Next Door,2.368,2015-01-23,4.895,2041
9828,55341,en,Jeepers Creepers 3,3.537,2017-09-26,4.895,908
9829,14125,en,Captivity,3.532,2007-03-01,4.893,430
9830,226936,it,Aspirante vedovo,3.539,2013-10-10,4.9,406
9831,416160,en,The Vault,3.537,2017-09-01,4.9,394
9832,351819,en,Fifty Shades of Black,3.536,2016-01-28,4.9,1353
9833,11802,en,Space Chimps,3.569,2008-06-25,4.9,459
9834,29426,en,Survival of the Dead,3.532,2010-05-06,4.9,462
9835,10067,en,The Shaggy Dog,3.531,2006-03-09,4.9,565
9836,331962,en,Exposed,3.535,2016-01-22,4.9,536
9837,10710,en,Envy,3.531,2004-04-30,4.876,511
9838,505225,en,The Last Thing He Wanted,3.54,2020-02-14,4.9,509
9839,10763,en,Dr. T & the Women,3.531,2000-09-13,4.9,329
9840,9306,en,The Island of Dr. Moreau,3.535,1996-08-23,4.9,517
9841,11058,en,Godsend,3.531,2004-04-30,4.9,491
9842,12212,en,Urban Legends: Final Cut,3.531,2000-09-22,4.9,481
9843,643215,fr,Asterix & Obelix: The Middle Kingdom,4.109,2023-02-01,4.861,1023
9844,6116,en,Spice World,4.068,1997-12-18,4.852,471
9845,70586,en,Setup,3.533,2011-10-17,4.9,417
9846,11470,en,Jason X,3.537,2001-11-09,4.9,1389
9847,11127,en,Starship Troopers 3: Marauder,3.569,2008-07-19,4.9,537
9848,42433,it,Natale in India,3.531,2003-12-19,4.856,543
9849,14456,en,Shrooms,3.532,2007-08-16,4.856,375
9850,267806,en,V/H/S: Viral,3.535,2014-11-21,4.8,621
9851,10077,en,A Sound of Thunder,3.531,2005-05-15,4.8,396
9852,5550,en,RoboCop 3,3.78,1993-01-21,4.839,1304
9853,14324,en,Virgin Territory,3.537,2007-12-17,4.8,332
9854,590706,en,Jiu Jitsu,3.543,2020-11-20,4.8,616
9855,3134,fr,Baise-moi,3.531,2000-06-28,4.8,444
9856,38277,fr,Camping 2,3.826,2010-04-21,4.817,634
9857,456048,en,The Humanity Bureau,3.542,2017-07-11,4.816,367
9858,12211,en,Highlander: Endgame,3.531,2000-09-01,4.8,415
9859,437739,fr,The Mansion,3.537,2017-06-21,4.8,475
9860,21943,it,I Want You,3.532,2007-03-09,4.8,355
9861,459616,fr,The Brand New Adventures of Aladdin,3.575,2018-10-03,4.8,388
9862,4258,en,Scary Movie 5,3.536,2013-04-11,4.8,2825
9863,188207,en,The Legend of Hercules,3.795,2014-01-10,4.794,1335
9864,916740,en,Brazen,3.554,2022-01-13,4.792,373
9865,803114,en,The Requin,3.586,2022-01-28,4.792,341
9866,74997,en,The Human Centipede 2 (Full Sequence),3.54,2011-10-06,4.8,1333
9867,889,en,The Flintstones in Viva Rock Vegas,3.532,2000-04-28,4.8,758
9868,250066,en,American Heist,3.534,2014-09-11,4.8,348
9869,412547,en,Killing Gunther,3.537,2017-09-22,4.8,400
9870,8285,en,The Spirit,3.533,2008-12-25,4.763,990
9871,145221,en,Monsters: Dark Continent,3.534,2014-10-09,4.762,363
9872,14144,en,Daddy Day Camp,3.532,2007-08-08,4.8,466
9873,257345,en,The Darkness,3.785,2016-05-13,4.758,611
9874,2312,en,In the Name of the King: A Dungeon Siege Tale,3.532,2007-11-29,4.7,849
9875,298584,en,Cabin Fever,3.535,2016-02-12,4.743,445
9876,43935,en,Dylan Dog: Dead of Night,3.532,2011-03-16,4.7,502
9877,8011,en,Highlander III: The Sorcerer,3.53,1994-11-29,4.7,506
9878,438970,en,Sharknado 5: Global Swarming,3.537,2017-08-06,4.7,331
9879,13486,en,The Scorpion King 2: Rise of a Warrior,3.532,2008-07-19,4.7,586
9880,19543,en,Anacondas: Trail of Blood,3.532,2009-02-27,4.7,310
9881,344268,fr,The New Adventures of Aladdin,3.866,2015-10-14,4.729,872
9882,89899,fr,The Players,3.828,2012-02-29,4.724,709
9883,12699,en,Hellraiser: Hellworld,3.531,2005-09-06,4.7,339
9884,438689,en,Siberia,3.538,2018-07-13,4.7,574
9885,375804,fr,Camping 3,3.829,2016-06-29,4.716,585
9886,4226,en,Shriek If You Know What I Did Last Friday the Thirteenth,3.531,2000-10-17,4.7,308
9887,8010,en,Highlander II: The Quickening,3.53,1991-01-13,4.7,865
9888,437375,en,Looking Glass,3.537,2018-02-16,4.7,307
9889,13166,en,Freddy Got Fingered,4.031,2001-04-20,4.7,443
9890,853588,de,Prey,3.547,2021-09-10,4.7,355
9891,46429,en,Gallowwalkers,3.533,2012-10-27,4.7,338
9892,13009,en,Zombie Strippers!,3.533,2008-04-18,4.7,374
9893,168098,en,Cell,3.786,2016-07-06,4.686,1067
9894,56715,en,Just Visiting,3.531,2001-04-06,4.7,668
9895,56288,en,Spy Kids: All the Time in the World,3.784,2011-08-18,4.683,996
9896,14863,en,Anaconda 3: Offspring,3.532,2008-07-26,4.7,329
9897,297596,en,Dying of the Light,3.534,2014-12-04,4.7,325
9898,76487,en,The Devil Inside,3.533,2012-01-06,4.7,795
9899,485415,en,Day of the Dead: Bloodline,3.537,2017-12-29,4.7,628
9900,529983,en,The Poison Rose,3.54,2019-05-23,4.656,349
9901,276905,en,Norm of the North,3.535,2016-01-14,4.655,341
9902,871964,pl,Nobody Sleeps in the Woods Tonight 2,3.547,2021-10-27,4.647,307
9903,17455,en,Hellraiser: Deader,3.531,2005-06-07,4.6,329
9904,10196,en,The Last Airbender,4.533,2010-06-30,4.636,4010
9905,290825,en,Yoga Hosers,3.785,2016-07-08,4.645,442
9906,420707,en,Cage Dive,3.537,2017-08-11,4.6,324
9907,11546,en,Police Academy: Mission to Moscow,3.53,1994-06-09,4.6,886
9908,15587,fr,Safari,3.532,2009-04-01,4.6,336
9909,331446,en,Sharknado 3: Oh Hell No!,3.534,2015-07-22,4.6,507
9910,314,en,Catwoman,4.069,2004-07-22,4.6,3376
9911,2728,en,Postal,3.532,2007-10-18,4.6,347
9912,78049,en,The Scorpion King 3: Battle for Redemption,3.533,2012-01-17,4.6,346
9913,11667,en,Street Fighter,3.53,1994-12-23,4.6,1500
9914,79316,en,Devil's Due,3.533,2014-01-08,4.6,525
9915,765119,en,The Bubble,3.55,2022-03-25,4.608,465
9916,146203,en,The Last Exorcism Part II,3.533,2013-02-28,4.6,542
9917,12095,en,From Dusk Till Dawn 2: Texas Blood Money,3.531,1999-03-16,4.608,471
9918,11442,en,Halloween: Resurrection,3.531,2002-07-01,4.6,1285
9919,1639,en,Speed 2: Cruise Control,4.068,1997-06-13,4.605,1666
9920,87818,en,Movie 43,4.079,2013-01-24,4.604,2351
9921,340674,en,Dark Crimes,4.035,2016-10-12,4.6,445
9922,16780,en,The Return of the Texas Chainsaw Massacre,3.53,1995-09-22,4.594,687
9923,13461,it,Melissa P.,3.531,2005-11-18,4.6,564
9924,10285,en,Jason Goes to Hell: The Final Friday,3.53,1993-08-13,4.6,1010
9925,11411,en,Superman IV: The Quest for Peace,3.53,1987-07-24,4.6,1275
9926,551808,en,Black Christmas,3.54,2019-12-11,4.6,561
9927,455551,en,The Recall,3.537,2017-06-02,4.564,343
9928,248504,en,Sharknado 2: The Second One,3.534,2014-07-31,4.555,658
9929,326425,en,Extraction,3.534,2015-12-18,4.5,381
9930,407559,en,I Am the Pretty Thing That Lives in the House,3.535,2016-09-10,4.5,572
9931,9536,en,Bio-Dome,3.535,1996-01-12,4.5,371
9932,28739,en,Cabin Fever 2: Spring Fever,3.532,2009-08-11,4.5,376
9933,10253,ko,Dragon Wars: D-War,3.532,2007-08-01,4.5,418
9934,5857,en,I Know Who Killed Me,3.532,2007-07-27,4.5,371
9935,293452,en,The Disappointments Room,3.535,2016-09-09,4.519,444
9936,11586,en,Exorcist II: The Heretic,3.53,1977-06-17,4.5,726
9937,791,en,The Fog,3.781,2005-10-14,4.515,759
9938,9823,en,Mortal Kombat: Annihilation,3.569,1997-11-11,4.5,1213
9939,15206,it,The Mother of Tears,1.623,2007-10-31,4.509,426
9940,12536,en,Home Alone 4,3.532,2002-11-03,4.495,1274
9941,390989,en,Sharknado 4: The 4th Awakens,3.535,2016-07-31,4.491,388
9942,449664,en,Escape Room,3.824,2017-06-19,4.494,725
9943,332,en,Inspector Gadget,4.036,1999-07-23,4.5,1231
9944,13995,en,Captain America,3.53,1990-12-14,4.5,425
9945,17692,en,Jaws 3-D,3.53,1983-07-22,4.5,1302
9946,35026,fr,Lucky Luke,3.532,2009-10-21,4.5,518
9947,535437,en,Swiped,3.538,2018-11-06,4.5,697
9948,79694,en,The Apparition,3.533,2012-08-23,4.5,431
9949,9438,en,Mr. Magoo,3.531,1997-12-25,4.5,392
9950,10304,en,Starship Troopers 2: Hero of the Federation,3.569,2004-05-19,4.445,622
9951,26264,en,George of the Jungle 2,3.531,2003-08-18,4.4,475
9952,509853,en,The Fanatic,3.54,2019-08-30,4.432,315
9953,27793,de,The NeverEnding Story III,3.53,1994-10-26,4.4,385
9954,9607,en,Super Mario Bros.,4.03,1993-05-28,4.438,1332
9955,2436,en,Double Dragon,3.53,1994-11-04,4.4,344
9956,472838,en,SPF-18,3.537,2017-09-29,4.4,1048
9957,10726,en,American Psycho II: All American Girl,3.531,2002-06-18,4.417,416
9958,166424,en,Fantastic Four,4.286,2015-08-05,4.419,6043
9959,60556,it,Natale in Sudafrica,3.532,2010-12-20,4.4,313
9960,9320,en,The Avengers,3.543,1998-08-13,4.403,719
9961,13727,fr,Disco,3.532,2008-04-02,4.4,351
9962,17532,en,S. Darko,3.57,2009-04-28,4.388,465
9963,11692,en,The Adventures of Pluto Nash,3.532,2002-08-16,4.382,495
9964,71880,en,Jack and Jill,4.083,2011-11-11,4.37,2117
9965,415,en,Batman & Robin,3.841,1997-06-20,4.363,5072
9966,11849,en,Dungeons & Dragons,3.531,2000-12-08,4.3,632
9967,40264,en,Vampires Suck,3.532,2010-08-18,4.3,1301
9968,119278,en,Smiley,3.57,2012-10-12,4.345,401
9969,307663,en,Vice,5.324,2015-01-16,4.338,554
9970,10550,en,Ballistic: Ecks vs. Sever,3.531,2002-09-20,4.3,367
9971,332502,en,400 Days,3.54,2015-10-29,4.3,473
9972,71668,en,Piranha 3DD,3.533,2012-05-11,4.3,1072
9973,15268,en,Street Fighter: The Legend of Chun-Li,3.532,2009-02-27,4.3,460
9974,9708,en,The Wicker Man,3.532,2006-08-31,4.3,1324
9975,18955,fr,Coco,3.532,2009-07-21,4.3,525
9976,439015,en,Slender Man,3.788,2018-05-17,4.292,2024
9977,400411,en,Satanic,3.535,2016-07-01,4.3,400
9978,316002,en,Accidental Love,3.534,2015-02-10,4.3,338
9979,11531,en,Book of Shadows: Blair Witch 2,3.826,2000-10-27,4.284,842
9980,426563,en,Holmes & Watson,3.538,2018-12-25,4.3,860
9981,218043,en,Left Behind,5.327,2014-10-03,4.254,1315
9982,351460,en,Death Note,3.543,2017-08-25,4.3,3973
9983,10073,en,Date Movie,3.531,2006-02-17,4.2,990
9984,3602,en,I'll Always Know What You Did Last Summer,3.536,2006-06-24,4.224,392
9985,23988,en,Stan Helsing,3.532,2009-10-23,4.2,478
9986,375798,fr,Brice 3,3.83,2016-10-19,4.217,621
9987,10214,en,Son of the Mask,3.532,2005-02-11,4.2,1847
9988,10513,en,Plan 9 from Outer Space,3.531,1959-07-22,4.2,547
9989,225703,en,The Starving Games,0.151,2013-11-07,4.2,643
9990,651571,en,Breach,3.544,2020-12-17,4.171,654
9991,17711,en,The Adventures of Rocky & Bullwinkle,3.531,2000-06-30,4.2,365
9992,10152,en,Dumb and Dumberer: When Harry Met Lloyd,4.037,2003-04-14,4.127,844
9993,248705,fr,The Visitors: Bastille Day,3.535,2016-03-23,4.132,678
9994,103112,it,Olé,3.532,2006-12-15,4.1,308
9995,22345,en,Baby Geniuses,3.531,1999-03-12,4.1,382
9996,5227,en,Hercules in New York,3.53,1970-02-23,4.1,309
9997,168705,en,BloodRayne,3.531,2005-10-22,4.1,565
9998,19766,en,Inspector Gadget 2,3.531,2003-03-11,4.1,374
9999,244688,en,The Hungover Games,1.623,2014-02-01,4.1,493
